age,workclass,education,marital.status,income
39,Govt,Bachelors,Never Married,<=50K.
50,Self,Bachelors,Married,<=50K.
38,Private,HS-grad,Divorced,<=50K.
53,Private,11th,Married,<=50K.
28,Private,Bachelors,Married,<=50K.
37,Private,Masters,Married,<=50K.
49,Private,9th,Married,<=50K.
52,Self,HS-grad,Married,>50K.
31,Private,Masters,Never Married,>50K.
42,Private,Bachelors,Married,>50K.
37,Private,Some-college,Married,>50K.
30,Govt,Bachelors,Married,>50K.
23,Private,Bachelors,Never Married,<=50K.
32,Private,Assoc-acdm,Never Married,<=50K.
40,Private,Assoc-voc,Married,>50K.
34,Private,7th-8th,Married,<=50K.
25,Self,HS-grad,Never Married,<=50K.
32,Private,HS-grad,Never Married,<=50K.
38,Private,11th,Married,<=50K.
43,Self,Masters,Divorced,>50K.
40,Private,Doctorate,Married,>50K.
54,Private,HS-grad,Separated,<=50K.
35,Govt,9th,Married,<=50K.
43,Private,11th,Married,<=50K.
59,Private,HS-grad,Divorced,<=50K.
56,Govt,Bachelors,Married,>50K.
19,Private,HS-grad,Never Married,<=50K.
54,NA,Some-college,Married,>50K.
39,Private,HS-grad,Divorced,<=50K.
49,Private,HS-grad,Married,<=50K.
23,Govt,Assoc-acdm,Never Married,<=50K.
20,Private,Some-college,Never Married,<=50K.
45,Private,Bachelors,Divorced,<=50K.
30,Govt,Some-college,Married,<=50K.
22,Govt,Some-college,Married,<=50K.
48,Private,11th,Never Married,<=50K.
21,Private,Some-college,Never Married,<=50K.
19,Private,HS-grad,Married,<=50K.
31,Private,Some-college,Married,>50K.
48,Self,Assoc-acdm,Married,<=50K.
31,Private,9th,Married,<=50K.
53,Self,Bachelors,Married,<=50K.
24,Private,Bachelors,Married,<=50K.
49,Private,HS-grad,Separated,<=50K.
25,Private,HS-grad,Never Married,<=50K.
57,Govt,Bachelors,Married,>50K.
53,Private,HS-grad,Married,<=50K.
44,Private,Masters,Divorced,<=50K.
41,Govt,Assoc-voc,Married,<=50K.
29,Private,Assoc-voc,Never Married,<=50K.
25,Private,Some-college,Married,<=50K.
18,Private,HS-grad,Never Married,<=50K.
47,Private,Prof-school,Married,>50K.
50,Govt,Bachelors,Divorced,>50K.
47,Self,HS-grad,Divorced,<=50K.
43,Private,Some-college,Married,>50K.
46,Private,5th-6th,Married,<=50K.
35,Private,Assoc-voc,Married,<=50K.
41,Private,HS-grad,Married,<=50K.
30,Private,HS-grad,Married,<=50K.
30,Private,Bachelors,Married,<=50K.
32,NA,7th-8th,Married,<=50K.
48,Private,HS-grad,Married,<=50K.
42,Private,Doctorate,Married,>50K.
29,Private,Some-college,Divorced,<=50K.
36,Private,HS-grad,Married,<=50K.
28,Private,Some-college,Divorced,<=50K.
53,Private,HS-grad,Married,>50K.
49,Self,Some-college,Married,>50K.
25,NA,Some-college,Never Married,<=50K.
19,Private,Some-college,Never Married,<=50K.
31,Private,Bachelors,Separated,<=50K.
29,Self,Bachelors,Married,>50K.
23,Private,Some-college,Never Married,<=50K.
79,Private,Some-college,Married,<=50K.
27,Private,HS-grad,Never Married,<=50K.
40,Private,Assoc-acdm,Married,<=50K.
67,NA,10th,Married,<=50K.
18,Private,11th,Never Married,<=50K.
31,Govt,7th-8th,Married,<=50K.
18,Private,HS-grad,Never Married,<=50K.
52,Private,Bachelors,Married,<=50K.
46,Private,HS-grad,Married,<=50K.
59,Private,HS-grad,Married,<=50K.
44,Private,HS-grad,Divorced,>50K.
53,Private,HS-grad,Divorced,<=50K.
49,Govt,HS-grad,Married,>50K.
33,Private,Masters,Married,<=50K.
30,Private,9th,Never Married,<=50K.
43,Govt,Doctorate,Never Married,>50K.
57,Private,Assoc-voc,Married,<=50K.
37,Private,Some-college,Divorced,<=50K.
28,Private,Some-college,Divorced,<=50K.
30,Private,HS-grad,Married,<=50K.
34,Govt,Bachelors,Married,>50K.
29,Govt,Some-college,Never Married,<=50K.
48,Self,Doctorate,Married,>50K.
37,Private,Some-college,Married,>50K.
48,Private,Assoc-acdm,Divorced,<=50K.
32,Govt,HS-grad,Never Married,<=50K.
76,Private,Masters,Married,>50K.
44,Private,Bachelors,Married,>50K.
47,Self,Masters,Never Married,<=50K.
20,Private,Some-college,Never Married,<=50K.
29,Private,HS-grad,Never Married,<=50K.
32,Self,HS-grad,Married,>50K.
17,NA,10th,Never Married,<=50K.
30,Private,11th,Never Married,<=50K.
31,Govt,HS-grad,Never Married,<=50K.
42,Private,HS-grad,Married,<=50K.
24,Private,Bachelors,Never Married,<=50K.
38,Private,Prof-school,Married,>50K.
56,Self,HS-grad,Married,>50K.
28,Private,Some-college,Married,<=50K.
36,Private,HS-grad,Never Married,<=50K.
53,Private,9th,Married,<=50K.
56,Self,Some-college,Married,<=50K.
49,Govt,Assoc-voc,Married,>50K.
55,Private,Some-college,Married,<=50K.
22,Private,HS-grad,Never Married,<=50K.
21,Private,Some-college,Never Married,<=50K.
40,Private,Bachelors,Married,<=50K.
30,Private,Bachelors,Never Married,<=50K.
29,Govt,Bachelors,Married,>50K.
19,Private,Some-college,Never Married,<=50K.
47,Private,Bachelors,Married,>50K.
20,Private,Some-college,Never Married,<=50K.
31,Private,Assoc-acdm,Married,>50K.
35,NA,HS-grad,Married,<=50K.
39,Private,Some-college,Divorced,<=50K.
28,Private,Assoc-acdm,Never Married,<=50K.
24,Private,HS-grad,Never Married,<=50K.
38,Self,HS-grad,Married,<=50K.
37,Private,Bachelors,Married,<=50K.
46,Private,Assoc-acdm,Divorced,<=50K.
38,Govt,Masters,Married,>50K.
43,Self,HS-grad,Married,<=50K.
27,Private,Assoc-voc,Married,<=50K.
20,Private,Some-college,Never Married,<=50K.
49,Private,Some-college,Married,>50K.
61,Self,HS-grad,Married,<=50K.
27,Private,Some-college,Never Married,<=50K.
19,Private,Some-college,Never Married,<=50K.
45,Private,Assoc-voc,Never Married,>50K.
70,Private,Some-college,Never Married,<=50K.
31,Private,HS-grad,Never Married,<=50K.
22,Private,Some-college,Married,<=50K.
36,Private,HS-grad,Widowed,<=50K.
64,Private,11th,Married,<=50K.
43,NA,Some-college,Divorced,<=50K.
47,Govt,Some-college,Divorced,<=50K.
34,Private,HS-grad,Never Married,<=50K.
33,Private,Bachelors,Never Married,<=50K.
21,Private,HS-grad,Never Married,<=50K.
52,NA,HS-grad,Divorced,>50K.
48,Private,HS-grad,Married,<=50K.
23,Private,Bachelors,Never Married,<=50K.
71,Self,Some-college,Separated,<=50K.
29,Private,HS-grad,Divorced,<=50K.
42,Private,Bachelors,Separated,<=50K.
68,NA,1st-4th,Divorced,<=50K.
25,Private,HS-grad,Never Married,<=50K.
44,Self,Masters,Divorced,<=50K.
28,Private,HS-grad,Never Married,<=50K.
45,Self,Masters,Married,>50K.
36,Private,Some-college,Divorced,<=50K.
39,Govt,Assoc-acdm,Never Married,<=50K.
46,Govt,Masters,Widowed,<=50K.
18,Private,11th,Never Married,<=50K.
66,Govt,Assoc-voc,Widowed,<=50K.
27,Private,HS-grad,Never Married,<=50K.
28,Govt,HS-grad,Married,<=50K.
51,Private,Some-college,Married,>50K.
27,Private,Bachelors,Never Married,<=50K.
28,Govt,Bachelors,Married,>50K.
27,Private,HS-grad,Married,<=50K.
21,Private,HS-grad,Never Married,<=50K.
34,Private,HS-grad,Never Married,<=50K.
18,Private,HS-grad,Never Married,<=50K.
33,Private,Bachelors,Married,<=50K.
44,Govt,Some-college,Married,>50K.
43,Private,Some-college,Divorced,<=50K.
30,Private,Some-college,Never Married,<=50K.
40,Private,7th-8th,Married,>50K.
37,Govt,Some-college,Married,>50K.
34,Private,HS-grad,Married,<=50K.
41,Self,Bachelors,Divorced,<=50K.
53,NA,Bachelors,Divorced,<=50K.
31,Private,Masters,Married,<=50K.
58,Govt,Doctorate,Married,>50K.
38,Private,Some-college,Divorced,<=50K.
24,Private,Some-college,Married,<=50K.
41,Govt,Bachelors,Married,<=50K.
47,Private,Some-college,Married,<=50K.
41,Govt,Bachelors,Married,<=50K.
23,Private,5th-6th,Married,<=50K.
36,Private,Some-college,Divorced,<=50K.
40,Govt,Masters,Never Married,>50K.
35,Private,Masters,Married,>50K.
24,Self,HS-grad,Never Married,<=50K.
26,Private,Masters,Never Married,<=50K.
19,NA,HS-grad,Never Married,<=50K.
51,Private,Bachelors,Married,>50K.
42,Govt,Some-college,Never Married,<=50K.
37,Govt,HS-grad,Divorced,<=50K.
18,Private,11th,Never Married,<=50K.
36,Private,Bachelors,Married,>50K.
35,Private,HS-grad,Divorced,<=50K.
58,Self,HS-grad,Married,>50K.
17,Private,11th,Never Married,<=50K.
44,Govt,HS-grad,Married,<=50K.
37,Private,HS-grad,Married,>50K.
35,Private,Some-college,Never Married,<=50K.
60,Private,HS-grad,Married,<=50K.
54,Self,7th-8th,Married,>50K.
37,Private,Bachelors,Never Married,>50K.
50,Private,Assoc-acdm,Divorced,<=50K.
38,Private,Bachelors,Married,<=50K.
45,Private,Bachelors,Married,<=50K.
25,Private,10th,Never Married,<=50K.
31,Private,Some-college,Married,<=50K.
64,NA,1st-4th,Divorced,<=50K.
90,Private,HS-grad,Never Married,<=50K.
54,Private,HS-grad,Married,<=50K.
53,Govt,Preschool,Never Married,<=50K.
18,Private,HS-grad,Never Married,<=50K.
60,NA,10th,Divorced,<=50K.
66,Self,HS-grad,Married,<=50K.
75,Private,Assoc-voc,Widowed,<=50K.
65,Private,HS-grad,Divorced,<=50K.
35,Private,11th,Separated,<=50K.
41,Private,HS-grad,Divorced,<=50K.
25,Private,Some-college,Never Married,<=50K.
33,Private,Some-college,Divorced,<=50K.
28,Private,Prof-school,Never Married,>50K.
59,Govt,HS-grad,Married,<=50K.
40,Govt,Some-college,Never Married,<=50K.
41,Private,Bachelors,Married,>50K.
38,Govt,Masters,Married,>50K.
23,Private,HS-grad,Never Married,<=50K.
40,Private,Bachelors,Married,>50K.
41,Self,HS-grad,Married,<=50K.
24,Govt,Assoc-acdm,Married,<=50K.
20,NA,Some-college,Never Married,<=50K.
38,Private,Some-college,Divorced,<=50K.
56,Private,HS-grad,Married,<=50K.
58,Private,HS-grad,Married,>50K.
32,Private,HS-grad,Never Married,<=50K.
40,Private,Assoc-acdm,Married,>50K.
45,Private,HS-grad,Married,<=50K.
41,Private,Prof-school,Married,>50K.
42,Private,Bachelors,Married,<=50K.
59,Govt,10th,Widowed,<=50K.
19,Govt,Some-college,Never Married,<=50K.
58,Private,Some-college,Never Married,<=50K.
42,Self,HS-grad,Married,>50K.
20,Private,HS-grad,Never Married,<=50K.
32,Private,HS-grad,Separated,<=50K.
45,Private,Assoc-voc,Widowed,<=50K.
50,Private,7th-8th,Divorced,<=50K.
36,Private,Bachelors,Divorced,<=50K.
45,Private,HS-grad,Married,<=50K.
17,Private,11th,Never Married,<=50K.
59,Private,Some-college,Married,<=50K.
26,Private,11th,Married,<=50K.
37,Self,Some-college,Married,>50K.
19,NA,Some-college,Never Married,<=50K.
64,Private,HS-grad,Married,>50K.
33,Private,Bachelors,Never Married,<=50K.
33,Private,HS-grad,Married,>50K.
61,Private,HS-grad,Married,>50K.
17,Private,9th,Never Married,<=50K.
50,Self,Masters,Married,<=50K.
27,Govt,Masters,Never Married,<=50K.
30,Private,HS-grad,Divorced,<=50K.
43,Private,HS-grad,Married,<=50K.
44,Private,Some-college,Married,>50K.
35,Private,Some-college,Never Married,<=50K.
25,Private,Some-college,Never Married,<=50K.
24,Private,Some-college,Married,>50K.
22,Private,Bachelors,Never Married,<=50K.
42,Govt,Some-college,Married,>50K.
34,Private,Assoc-acdm,Divorced,<=50K.
60,Private,Bachelors,Divorced,<=50K.
21,Private,HS-grad,Never Married,<=50K.
57,Govt,Masters,Married,>50K.
41,Private,Prof-school,Married,>50K.
50,Private,Some-college,Divorced,<=50K.
25,Private,Bachelors,Never Married,<=50K.
50,Private,7th-8th,Married,<=50K.
36,Private,Bachelors,Married,<=50K.
31,Private,HS-grad,Divorced,<=50K.
29,Govt,Bachelors,Never Married,<=50K.
21,Private,Some-college,Never Married,<=50K.
27,Private,Bachelors,Never Married,<=50K.
65,Private,HS-grad,Married,<=50K.
37,Self,Bachelors,Divorced,<=50K.
39,NA,Masters,Married,<=50K.
24,Private,HS-grad,Never Married,<=50K.
38,Private,HS-grad,Divorced,<=50K.
48,Private,Bachelors,Married,>50K.
21,Private,Some-college,Never Married,<=50K.
31,Private,HS-grad,Married,>50K.
55,Private,HS-grad,Married,>50K.
24,Private,Some-college,Married,<=50K.
43,Private,HS-grad,Divorced,<=50K.
26,Private,Assoc-acdm,Never Married,<=50K.
46,Private,Assoc-acdm,Never Married,<=50K.
35,Private,Assoc-acdm,Married,>50K.
41,Self,Some-college,Married,>50K.
26,Private,Bachelors,Never Married,<=50K.
34,Private,Masters,Married,>50K.
19,NA,Some-college,Never Married,<=50K.
36,Self,Bachelors,Divorced,>50K.
22,Private,Some-college,Never Married,<=50K.
24,Private,Some-college,Never Married,<=50K.
77,Self,Some-college,Married,<=50K.
22,Private,5th-6th,Married,<=50K.
29,Private,Some-college,Never Married,<=50K.
62,Private,HS-grad,Widowed,<=50K.
39,Self,HS-grad,Married,<=50K.
43,Private,Some-college,Married,<=50K.
35,Private,HS-grad,Divorced,<=50K.
29,Private,11th,Never Married,<=50K.
76,Self,Masters,Married,<=50K.
63,Self,HS-grad,Married,<=50K.
23,NA,Assoc-voc,Never Married,<=50K.
43,Private,Some-college,Married,>50K.
58,Self,HS-grad,Married,<=50K.
66,Private,HS-grad,Never Married,<=50K.
41,Private,Some-college,Never Married,<=50K.
26,Private,Bachelors,Never Married,<=50K.
47,Private,Assoc-voc,Never Married,<=50K.
55,Govt,10th,Married,<=50K.
53,Private,HS-grad,Married,<=50K.
17,Private,5th-6th,Never Married,<=50K.
30,Private,HS-grad,Never Married,<=50K.
49,Private,Masters,Never Married,<=50K.
19,Private,HS-grad,Never Married,<=50K.
45,Private,HS-grad,Married,<=50K.
26,Private,Assoc-acdm,Never Married,<=50K.
38,Private,Assoc-voc,Married,>50K.
36,Govt,HS-grad,Married,>50K.
33,Private,HS-grad,Never Married,<=50K.
22,Govt,Some-college,Never Married,<=50K.
43,Self,Bachelors,Never Married,<=50K.
67,NA,11th,Married,<=50K.
30,NA,Assoc-voc,Divorced,<=50K.
56,Private,Assoc-acdm,Married,<=50K.
31,Private,Bachelors,Never Married,<=50K.
33,Private,Bachelors,Married,>50K.
26,Private,HS-grad,Married,<=50K.
33,Private,Bachelors,Married,>50K.
46,Govt,11th,Married,<=50K.
59,NA,Bachelors,Married,>50K.
38,Govt,HS-grad,Married,>50K.
65,Private,11th,Widowed,<=50K.
40,Private,Assoc-voc,Married,>50K.
42,Private,HS-grad,Married,<=50K.
26,Self,9th,Married,<=50K.
36,Private,10th,Married,<=50K.
62,Private,Masters,Married,>50K.
43,Private,Bachelors,Married,<=50K.
43,Private,Bachelors,Divorced,>50K.
22,Private,HS-grad,Married,<=50K.
28,Private,HS-grad,Married,<=50K.
56,Self,Some-college,Married,<=50K.
22,Private,Assoc-acdm,Never Married,<=50K.
57,Private,Bachelors,Divorced,>50K.
39,Private,HS-grad,Divorced,<=50K.
26,Govt,Some-college,Never Married,<=50K.
17,Private,11th,Never Married,<=50K.
40,Govt,Assoc-voc,Married,>50K.
45,Private,HS-grad,Married,<=50K.
44,Private,HS-grad,Never Married,<=50K.
20,Govt,Some-college,Never Married,<=50K.
33,Private,HS-grad,Married,<=50K.
23,Private,Some-college,Never Married,<=50K.
46,Self,Masters,Divorced,<=50K.
38,Private,HS-grad,Married,<=50K.
54,Private,HS-grad,Divorced,<=50K.
46,Private,5th-6th,Divorced,<=50K.
25,Private,Some-college,Married,<=50K.
46,Private,Some-college,Divorced,<=50K.
36,Govt,Some-college,Married,<=50K.
23,Private,HS-grad,Never Married,<=50K.
29,Private,HS-grad,Separated,<=50K.
44,Private,Some-college,Married,>50K.
19,Private,Some-college,Never Married,<=50K.
19,Private,HS-grad,Never Married,<=50K.
35,Private,HS-grad,Married,>50K.
27,Private,Bachelors,Never Married,<=50K.
46,Self,Assoc-acdm,Separated,<=50K.
34,Govt,Bachelors,Married,>50K.
34,Private,HS-grad,Never Married,<=50K.
44,Private,Some-college,Married,<=50K.
45,Private,Some-college,Divorced,<=50K.
20,NA,HS-grad,Never Married,<=50K.
25,Private,Bachelors,Married,>50K.
52,Self,Bachelors,Married,>50K.
20,Private,Some-college,Never Married,<=50K.
28,Private,Some-college,Never Married,<=50K.
50,Govt,Bachelors,Married,>50K.
34,Private,Assoc-voc,Divorced,<=50K.
28,Private,7th-8th,Married,<=50K.
41,Private,Masters,Married,>50K.
28,Private,HS-grad,Married,<=50K.
46,Self,HS-grad,Married,<=50K.
28,NA,Some-college,Married,>50K.
32,Private,Some-college,Married,<=50K.
41,Govt,Some-college,Divorced,<=50K.
24,Private,HS-grad,Never Married,<=50K.
33,Private,Some-college,Divorced,<=50K.
46,Private,Doctorate,Married,>50K.
31,Govt,Some-college,Married,<=50K.
35,Private,12th,Divorced,>50K.
52,Private,1st-4th,Married,<=50K.
30,Private,11th,Never Married,<=50K.
34,Govt,11th,Separated,<=50K.
34,Govt,HS-grad,Divorced,<=50K.
20,Private,Some-college,Married,<=50K.
17,Private,11th,Never Married,<=50K.
32,Govt,Bachelors,Married,>50K.
29,Private,HS-grad,Divorced,<=50K.
33,Private,10th,Never Married,<=50K.
25,Private,HS-grad,Married,<=50K.
36,Govt,Masters,Never Married,<=50K.
23,Private,HS-grad,Never Married,<=50K.
63,Self,HS-grad,Married,>50K.
47,Govt,Masters,Married,<=50K.
80,NA,HS-grad,Widowed,<=50K.
17,NA,11th,Never Married,<=50K.
40,Self,Bachelors,Married,<=50K.
30,Private,Assoc-acdm,Married,>50K.
27,Private,Some-college,Never Married,<=50K.
33,Private,Masters,Married,>50K.
34,Govt,HS-grad,Never Married,<=50K.
34,Govt,Some-college,Never Married,<=50K.
23,Private,Some-college,Married,<=50K.
42,Govt,Some-college,Married,<=50K.
29,Private,Bachelors,Never Married,<=50K.
45,Private,HS-grad,Divorced,<=50K.
24,Govt,HS-grad,Never Married,<=50K.
44,Private,Some-college,Married,>50K.
27,Private,9th,Never Married,<=50K.
20,Private,Some-college,Never Married,<=50K.
44,Private,HS-grad,Widowed,<=50K.
51,Private,HS-grad,Married,<=50K.
20,Private,HS-grad,Married,<=50K.
17,NA,11th,Never Married,<=50K.
19,Private,HS-grad,Never Married,<=50K.
45,Self,Some-college,Married,>50K.
60,Private,HS-grad,Married,>50K.
42,Private,Assoc-acdm,Married,>50K.
44,Self,HS-grad,Married,>50K.
40,Private,Assoc-voc,Married,>50K.
30,Private,HS-grad,Married,<=50K.
38,Private,Some-college,Married,<=50K.
23,Private,HS-grad,Married,<=50K.
32,NA,Some-college,Married,<=50K.
44,Private,Assoc-acdm,Never Married,<=50K.
54,Govt,HS-grad,Married,<=50K.
32,Private,Bachelors,Married,<=50K.
50,Private,1st-4th,Married,<=50K.
24,Private,Bachelors,Never Married,<=50K.
37,Private,HS-grad,Married,<=50K.
52,Private,HS-grad,Divorced,<=50K.
38,Private,Some-college,Married,<=50K.
49,Private,Masters,Married,>50K.
30,Private,Bachelors,Married,>50K.
60,Private,Some-college,Never Married,>50K.
22,NA,Some-college,Never Married,<=50K.
35,Private,HS-grad,Never Married,<=50K.
30,Private,HS-grad,Never Married,<=50K.
67,Private,Assoc-voc,Divorced,<=50K.
46,Private,Bachelors,Never Married,<=50K.
17,Private,9th,Never Married,<=50K.
22,Private,Some-college,Never Married,<=50K.
27,Private,10th,Never Married,<=50K.
23,Private,HS-grad,Never Married,<=50K.
33,Private,Assoc-acdm,Married,<=50K.
43,Self,Some-college,Married,<=50K.
28,Govt,Bachelors,Never Married,<=50K.
41,Private,HS-grad,Married,<=50K.
52,NA,12th,Never Married,<=50K.
25,Private,Some-college,Married,<=50K.
63,NA,1st-4th,Married,<=50K.
59,Govt,HS-grad,Married,<=50K.
45,Govt,Bachelors,Divorced,<=50K.
38,Private,Bachelors,Married,>50K.
40,Private,HS-grad,Never Married,<=50K.
46,Govt,HS-grad,Divorced,<=50K.
35,Private,Assoc-acdm,Never Married,<=50K.
34,Private,HS-grad,Divorced,<=50K.
33,Private,Bachelors,Never Married,<=50K.
41,Private,HS-grad,Divorced,<=50K.
20,Private,Some-college,Never Married,<=50K.
23,Private,5th-6th,Never Married,<=50K.
26,Private,Some-college,Never Married,<=50K.
72,NA,HS-grad,Married,<=50K.
23,Govt,HS-grad,Never Married,<=50K.
62,Govt,HS-grad,Married,<=50K.
52,Private,Some-college,Married,<=50K.
58,Private,Some-college,Divorced,<=50K.
25,Private,Bachelors,Never Married,<=50K.
24,Private,Bachelors,Never Married,<=50K.
19,Private,Some-college,Never Married,<=50K.
43,Private,Some-college,Married,<=50K.
47,Govt,HS-grad,Separated,<=50K.
39,Private,HS-grad,Divorced,<=50K.
49,Private,Assoc-voc,Married,<=50K.
53,NA,5th-6th,Widowed,<=50K.
32,Private,Assoc-voc,Never Married,<=50K.
34,Private,Some-college,Married,>50K.
28,Private,HS-grad,Divorced,<=50K.
57,NA,Assoc-voc,Widowed,<=50K.
25,Private,Some-college,Never Married,<=50K.
20,NA,Some-college,Never Married,<=50K.
21,NA,Some-college,Never Married,<=50K.
34,Private,Bachelors,Married,>50K.
38,Self,Bachelors,Married,>50K.
50,Private,HS-grad,Married,>50K.
24,Govt,Some-college,Divorced,<=50K.
37,Govt,Some-college,Married,>50K.
44,Private,Some-college,Divorced,>50K.
28,Private,Some-college,Married,<=50K.
42,Private,Bachelors,Married,>50K.
74,Private,Some-college,Divorced,<=50K.
38,Self,HS-grad,Married,<=50K.
44,Self,Masters,Married,<=50K.
44,Private,11th,Divorced,<=50K.
26,Private,HS-grad,Never Married,<=50K.
36,Private,HS-grad,Married,<=50K.
41,Private,Assoc-acdm,Married,>50K.
67,Private,Prof-school,Married,>50K.
39,Govt,12th,Married,<=50K.
57,Private,1st-4th,Widowed,<=50K.
29,Private,Assoc-voc,Separated,<=50K.
31,Self,Bachelors,Never Married,<=50K.
34,NA,HS-grad,Never Married,<=50K.
44,Private,Some-college,Married,<=50K.
29,Private,Doctorate,Never Married,<=50K.
30,Private,Some-college,Never Married,<=50K.
27,Private,HS-grad,Never Married,<=50K.
27,Private,Some-college,Married,<=50K.
32,Private,HS-grad,Never Married,<=50K.
58,Private,10th,Married,<=50K.
35,Govt,Some-college,Married,<=50K.
21,Private,HS-grad,Never Married,<=50K.
28,Private,Some-college,Never Married,<=50K.
46,Self,Some-college,Divorced,<=50K.
36,Self,HS-grad,Separated,<=50K.
72,Private,11th,Widowed,<=50K.
35,Private,HS-grad,Married,<=50K.
33,Govt,Assoc-voc,Divorced,>50K.
69,Private,11th,Never Married,<=50K.
35,Private,HS-grad,Married,<=50K.
31,Private,HS-grad,Separated,<=50K.
34,Private,HS-grad,Married,<=50K.
30,Private,11th,Married,<=50K.
28,Private,Bachelors,Never Married,<=50K.
54,Private,Bachelors,Married,>50K.
47,Private,Some-college,Married,>50K.
24,Private,HS-grad,Never Married,<=50K.
52,Self,Bachelors,Married,>50K.
20,Private,HS-grad,Never Married,<=50K.
43,Self,Masters,Married,<=50K.
45,Private,7th-8th,Separated,<=50K.
29,Self,HS-grad,Separated,<=50K.
47,Private,Masters,Divorced,<=50K.
24,Private,HS-grad,Never Married,<=50K.
51,Private,HS-grad,Married,<=50K.
17,Private,11th,Never Married,<=50K.
37,Private,Assoc-voc,Married,>50K.
27,Private,Doctorate,Never Married,<=50K.
29,Private,Bachelors,Married,>50K.
18,NA,12th,Never Married,<=50K.
36,Self,Assoc-acdm,Divorced,<=50K.
58,Govt,Bachelors,Never Married,<=50K.
26,Self,Some-college,Married,<=50K.
65,NA,Some-college,Married,>50K.
57,Private,HS-grad,Married,>50K.
59,Private,HS-grad,Married,<=50K.
27,Private,HS-grad,Married,<=50K.
31,Self,Bachelors,Never Married,<=50K.
21,Private,Some-college,Never Married,<=50K.
29,Private,Some-college,Never Married,<=50K.
18,Private,11th,Never Married,<=50K.
52,Private,10th,Married,>50K.
57,Self,Bachelors,Divorced,<=50K.
42,NA,HS-grad,Married,<=50K.
55,NA,HS-grad,Married,<=50K.
60,Private,7th-8th,Never Married,>50K.
31,Private,Bachelors,Married,>50K.
23,Private,Bachelors,Never Married,<=50K.
27,Private,HS-grad,Never Married,<=50K.
23,NA,Some-college,Never Married,<=50K.
42,Self,Prof-school,Married,>50K.
25,Private,Some-college,Never Married,<=50K.
49,Private,Bachelors,Never Married,<=50K.
32,Private,Bachelors,Never Married,<=50K.
19,Private,Some-college,Never Married,<=50K.
60,Private,7th-8th,Divorced,<=50K.
42,Govt,9th,Married,<=50K.
35,Self,Assoc-acdm,Never Married,<=50K.
48,Private,HS-grad,Never Married,<=50K.
51,Private,Masters,Married,>50K.
29,Private,HS-grad,Never Married,<=50K.
36,Govt,HS-grad,Separated,<=50K.
17,Private,10th,Never Married,<=50K.
52,Private,Masters,Divorced,<=50K.
24,Private,HS-grad,Never Married,<=50K.
24,Private,HS-grad,Married,<=50K.
26,Govt,Bachelors,Never Married,<=50K.
27,Private,Bachelors,Never Married,<=50K.
39,Private,HS-grad,Never Married,<=50K.
30,Private,HS-grad,Married,<=50K.
50,Self,HS-grad,Married,<=50K.
52,Self,Bachelors,Married,<=50K.
46,Private,Prof-school,Married,>50K.
23,Private,Bachelors,Never Married,<=50K.
45,Private,11th,Widowed,<=50K.
65,Private,9th,Widowed,<=50K.
29,Private,Assoc-voc,Married,<=50K.
47,Private,9th,Married,<=50K.
30,Private,HS-grad,Never Married,<=50K.
34,Private,HS-grad,Married,>50K.
38,Self,HS-grad,Married,<=50K.
33,Private,Some-college,Married,>50K.
49,Private,Bachelors,Married,>50K.
47,Self,Some-college,Never Married,<=50K.
49,Govt,10th,Separated,<=50K.
43,Private,Some-college,Married,>50K.
30,Private,Bachelors,Married,>50K.
58,Self,HS-grad,Married,<=50K.
19,Private,HS-grad,Never Married,<=50K.
21,Private,Bachelors,Never Married,<=50K.
33,Private,Bachelors,Married,>50K.
47,Self,5th-6th,Married,<=50K.
52,Self,Doctorate,Married,>50K.
26,Private,HS-grad,Divorced,<=50K.
60,Private,HS-grad,Married,<=50K.
21,Private,Some-college,Never Married,<=50K.
36,Private,Some-college,Married,>50K.
31,Private,Some-college,Married,<=50K.
50,Self,Doctorate,Separated,>50K.
31,Govt,HS-grad,Divorced,<=50K.
71,Private,HS-grad,Married,<=50K.
58,NA,HS-grad,Married,<=50K.
30,Govt,Bachelors,Married,>50K.
20,Private,Some-college,Never Married,<=50K.
24,Private,HS-grad,Never Married,<=50K.
35,Private,Doctorate,Married,>50K.
38,Govt,Some-college,Separated,<=50K.
27,Private,HS-grad,Never Married,<=50K.
29,Govt,Some-college,Never Married,<=50K.
70,NA,9th,Widowed,<=50K.
34,Private,HS-grad,Married,<=50K.
44,Private,7th-8th,Married,<=50K.
43,Private,HS-grad,Married,>50K.
44,Self,12th,Married,>50K.
35,Private,Masters,Never Married,<=50K.
27,Private,Some-college,Never Married,<=50K.
43,Govt,Masters,Never Married,<=50K.
20,Private,Some-college,Never Married,<=50K.
42,Private,Assoc-acdm,Divorced,>50K.
27,Govt,Some-college,Married,<=50K.
42,Private,HS-grad,Married,>50K.
20,NA,11th,Married,<=50K.
24,Private,9th,Never Married,<=50K.
48,Govt,Some-college,Divorced,<=50K.
17,NA,11th,Never Married,<=50K.
17,Self,11th,Never Married,<=50K.
33,Private,Bachelors,Married,>50K.
50,Self,HS-grad,Married,>50K.
22,Private,HS-grad,Never Married,<=50K.
17,Private,12th,Never Married,<=50K.
32,Private,Some-college,Married,<=50K.
31,Private,HS-grad,Never Married,<=50K.
58,Self,HS-grad,Widowed,<=50K.
29,Govt,HS-grad,Never Married,<=50K.
37,Private,Assoc-voc,Married,>50K.
34,Self,HS-grad,Married,>50K.
23,Govt,Some-college,Separated,<=50K.
18,Govt,11th,Never Married,<=50K.
34,Private,HS-grad,Divorced,<=50K.
66,NA,7th-8th,Never Married,<=50K.
45,Govt,Bachelors,Married,<=50K.
41,Private,Masters,Never Married,<=50K.
26,Private,HS-grad,Never Married,<=50K.
54,Govt,Some-college,Married,<=50K.
24,Private,Some-college,Never Married,<=50K.
42,Private,Some-college,Married,<=50K.
20,Private,Some-college,Never Married,<=50K.
23,Govt,Bachelors,Never Married,<=50K.
25,NA,Assoc-acdm,Never Married,<=50K.
35,Private,Masters,Never Married,>50K.
31,Private,Masters,Married,>50K.
30,Private,Bachelors,Never Married,<=50K.
19,Private,HS-grad,Never Married,<=50K.
36,Govt,Bachelors,Never Married,<=50K.
31,Private,Bachelors,Widowed,<=50K.
21,Private,Some-college,Never Married,<=50K.
31,Self,Some-college,Married,<=50K.
46,Private,Doctorate,Divorced,>50K.
44,Private,Bachelors,Divorced,>50K.
40,Private,12th,Married,<=50K.
45,Private,Some-college,Never Married,<=50K.
60,Private,HS-grad,Married,<=50K.
18,Private,11th,Never Married,<=50K.
28,Private,Bachelors,Married,<=50K.
36,Private,Some-college,Divorced,<=50K.
36,Private,Bachelors,Separated,<=50K.
40,Private,Assoc-voc,Married,<=50K.
36,Govt,Bachelors,Divorced,<=50K.
31,Private,HS-grad,Separated,<=50K.
33,Private,HS-grad,Married,<=50K.
19,Govt,HS-grad,Never Married,<=50K.
22,Private,Some-college,Never Married,<=50K.
34,Private,Bachelors,Married,>50K.
33,Private,HS-grad,Never Married,<=50K.
41,Private,HS-grad,Married,<=50K.
29,Private,Bachelors,Never Married,<=50K.
50,Govt,HS-grad,Married,>50K.
42,Private,Bachelors,Married,>50K.
43,Private,Bachelors,Never Married,>50K.
44,Private,HS-grad,Married,<=50K.
20,Private,Some-college,Never Married,<=50K.
31,Private,HS-grad,Married,<=50K.
65,Self,11th,Married,>50K.
23,Private,Some-college,Never Married,<=50K.
55,Private,Some-college,Divorced,<=50K.
26,Private,Assoc-voc,Married,<=50K.
25,Private,Assoc-voc,Never Married,<=50K.
45,NA,Some-college,Married,<=50K.
35,Private,Some-college,Married,<=50K.
36,Private,Some-college,Never Married,<=50K.
43,Govt,Bachelors,Married,<=50K.
56,Private,HS-grad,Widowed,<=50K.
42,Private,Bachelors,Married,>50K.
19,Private,Some-college,Never Married,<=50K.
55,Self,HS-grad,Married,<=50K.
42,Private,Masters,Never Married,>50K.
26,Private,Assoc-voc,Never Married,<=50K.
17,Private,12th,Never Married,<=50K.
42,Govt,Bachelors,Married,>50K.
55,Private,HS-grad,Married,>50K.
32,Private,Some-college,Never Married,<=50K.
29,Private,11th,Never Married,<=50K.
46,Govt,Bachelors,Married,<=50K.
29,Govt,Bachelors,Married,>50K.
22,Private,Bachelors,Never Married,<=50K.
58,Self,10th,Married,<=50K.
23,Private,HS-grad,Never Married,<=50K.
39,Private,HS-grad,Never Married,<=50K.
27,Private,Assoc-voc,Never Married,<=50K.
54,Private,HS-grad,Married,>50K.
33,Govt,Bachelors,Never Married,<=50K.
46,Govt,HS-grad,Married,>50K.
37,Private,HS-grad,Never Married,<=50K.
36,Private,HS-grad,Never Married,<=50K.
59,Govt,HS-grad,Married,>50K.
34,Govt,HS-grad,Divorced,<=50K.
53,Self,Doctorate,Married,>50K.
51,Private,Bachelors,Never Married,>50K.
32,Private,10th,Separated,<=50K.
31,Govt,Some-college,Married,<=50K.
22,Private,Some-college,Married,<=50K.
47,Self,Bachelors,Divorced,<=50K.
32,Private,HS-grad,Never Married,<=50K.
26,Private,Some-college,Never Married,<=50K.
37,Private,5th-6th,Separated,<=50K.
31,Private,HS-grad,Divorced,<=50K.
37,Private,Assoc-voc,Married,>50K.
55,Private,HS-grad,Never Married,<=50K.
23,Govt,Assoc-voc,Divorced,<=50K.
36,Private,Some-college,Divorced,<=50K.
34,Private,Masters,Married,<=50K.
43,Private,Bachelors,Married,>50K.
54,Private,Some-college,Never Married,<=50K.
43,Govt,Some-college,Married,<=50K.
28,Private,Assoc-voc,Never Married,<=50K.
40,Private,Assoc-voc,Married,>50K.
41,Self,Some-college,Married,<=50K.
40,Private,Bachelors,Never Married,>50K.
42,Private,Some-college,Divorced,<=50K.
61,Self,HS-grad,Married,<=50K.
18,Private,12th,Never Married,<=50K.
59,NA,HS-grad,Married,<=50K.
21,NA,HS-grad,Never Married,<=50K.
48,Private,Assoc-voc,Married,>50K.
41,Self,Bachelors,Married,<=50K.
18,NA,Some-college,Never Married,<=50K.
23,Private,HS-grad,Never Married,<=50K.
60,Private,HS-grad,Married,>50K.
22,Private,Some-college,Never Married,<=50K.
61,Private,HS-grad,Married,<=50K.
25,Private,HS-grad,Never Married,<=50K.
46,Private,Masters,Never Married,>50K.
43,Private,Bachelors,Married,>50K.
43,Private,Assoc-acdm,Divorced,<=50K.
24,Private,HS-grad,Never Married,<=50K.
68,Self,11th,Never Married,<=50K.
31,Private,HS-grad,Divorced,<=50K.
17,Private,11th,Never Married,<=50K.
32,Private,HS-grad,Married,>50K.
50,NA,Masters,Married,<=50K.
33,Private,Bachelors,Married,>50K.
64,Private,Bachelors,Married,>50K.
20,Private,HS-grad,Never Married,<=50K.
30,Private,HS-grad,Separated,<=50K.
22,NA,Some-college,Never Married,<=50K.
43,Private,Some-college,Divorced,<=50K.
22,Private,Some-college,Never Married,<=50K.
17,Private,10th,Never Married,<=50K.
47,Self,HS-grad,Married,<=50K.
41,Private,Assoc-voc,Never Married,<=50K.
56,Private,Some-college,Married,>50K.
64,Private,HS-grad,Married,<=50K.
47,Private,HS-grad,Married,>50K.
48,Private,Assoc-voc,Never Married,<=50K.
31,Private,Masters,Never Married,<=50K.
29,Private,Assoc-voc,Never Married,<=50K.
30,Private,HS-grad,Widowed,<=50K.
32,Private,HS-grad,Married,<=50K.
57,Private,HS-grad,Widowed,>50K.
62,Private,HS-grad,Widowed,<=50K.
39,Private,HS-grad,Separated,<=50K.
43,Private,Some-college,Never Married,<=50K.
24,Self,Bachelors,Never Married,<=50K.
42,NA,11th,Married,<=50K.
53,Private,Some-college,Married,>50K.
26,Private,Some-college,Never Married,<=50K.
73,Self,HS-grad,Married,<=50K.
72,NA,11th,Widowed,<=50K.
55,Private,HS-grad,Married,<=50K.
25,Private,HS-grad,Divorced,<=50K.
41,Private,Bachelors,Divorced,>50K.
24,Private,Bachelors,Never Married,<=50K.
63,Private,HS-grad,Widowed,<=50K.
17,Private,11th,Never Married,<=50K.
35,Private,Some-college,Married,<=50K.
51,Private,Some-college,Married,>50K.
62,Govt,Bachelors,Widowed,<=50K.
55,Private,HS-grad,Married,>50K.
43,Private,Some-college,Divorced,<=50K.
40,Govt,HS-grad,Divorced,<=50K.
37,Private,Bachelors,Married,>50K.
39,Private,Bachelors,Married,<=50K.
31,Private,HS-grad,Never Married,<=50K.
61,Private,Masters,Widowed,>50K.
26,Private,Assoc-voc,Divorced,<=50K.
46,Self,HS-grad,Married,<=50K.
26,Private,Bachelors,Never Married,<=50K.
48,Govt,Doctorate,Divorced,>50K.
34,Private,HS-grad,Never Married,<=50K.
34,Govt,HS-grad,Never Married,<=50K.
59,Private,HS-grad,Married,>50K.
34,Private,Bachelors,Never Married,<=50K.
49,Private,Bachelors,Never Married,>50K.
18,Private,11th,Never Married,<=50K.
43,Private,HS-grad,Married,<=50K.
48,Private,11th,Married,<=50K.
28,Self,Some-college,Married,<=50K.
33,Private,HS-grad,Married,<=50K.
24,Private,Some-college,Never Married,<=50K.
21,Private,10th,Never Married,<=50K.
17,Private,11th,Never Married,<=50K.
39,Private,Some-college,Married,>50K.
29,Self,Bachelors,Separated,<=50K.
44,Private,Bachelors,Married,>50K.
24,Private,Some-college,Never Married,<=50K.
71,Self,Masters,Married,>50K.
51,Self,Bachelors,Married,>50K.
55,Private,5th-6th,Divorced,<=50K.
41,Private,Bachelors,Married,>50K.
23,Private,HS-grad,Never Married,<=50K.
38,Private,Assoc-voc,Divorced,<=50K.
39,Private,HS-grad,Married,>50K.
19,Private,HS-grad,Never Married,<=50K.
49,Private,9th,Divorced,<=50K.
32,Private,Bachelors,Married,>50K.
27,Private,HS-grad,Married,<=50K.
38,Private,Bachelors,Married,>50K.
33,Private,Some-college,Married,<=50K.
63,NA,Some-college,Married,<=50K.
23,Private,Bachelors,Never Married,<=50K.
33,Self,Some-college,Married,<=50K.
54,Self,HS-grad,Married,<=50K.
29,Private,Assoc-voc,Divorced,<=50K.
48,NA,Some-college,Divorced,<=50K.
35,Self,Bachelors,Never Married,<=50K.
28,Private,Assoc-voc,Married,<=50K.
37,Private,Bachelors,Married,>50K.
42,Self,Prof-school,Married,>50K.
40,Private,Masters,Married,<=50K.
47,Private,Some-college,Divorced,<=50K.
22,Private,Bachelors,Never Married,<=50K.
30,Private,Bachelors,Married,>50K.
28,Private,HS-grad,Married,<=50K.
63,Govt,7th-8th,Married,<=50K.
51,Self,9th,Married,<=50K.
22,Private,HS-grad,Never Married,<=50K.
27,NA,Assoc-acdm,Married,<=50K.
35,Private,HS-grad,Never Married,<=50K.
46,Private,HS-grad,Divorced,<=50K.
37,Private,Some-college,Divorced,<=50K.
24,Private,Bachelors,Never Married,<=50K.
37,Self,HS-grad,Divorced,<=50K.
53,Private,Some-college,Married,<=50K.
27,Private,HS-grad,Never Married,<=50K.
38,Private,Some-college,Divorced,<=50K.
53,Self,10th,Married,<=50K.
34,Private,Some-college,Never Married,<=50K.
23,Private,HS-grad,Never Married,<=50K.
39,Private,Bachelors,Married,>50K.
43,Private,Masters,Married,<=50K.
67,Self,HS-grad,Married,>50K.
81,Self,HS-grad,Married,<=50K.
21,Private,Some-college,Never Married,<=50K.
23,Private,Some-college,Never Married,<=50K.
25,Private,Some-college,Never Married,<=50K.
42,Private,5th-6th,Married,<=50K.
38,Private,Some-college,Married,<=50K.
64,NA,HS-grad,Married,<=50K.
32,Private,HS-grad,Married,<=50K.
37,Private,HS-grad,Married,<=50K.
51,Private,Masters,Married,>50K.
22,Private,Some-college,Never Married,<=50K.
33,Private,1st-4th,Married,<=50K.
42,Private,HS-grad,Divorced,<=50K.
19,NA,Some-college,Never Married,<=50K.
51,Govt,Preschool,Married,<=50K.
23,Private,HS-grad,Married,<=50K.
37,Private,11th,Married,>50K.
37,Private,HS-grad,Married,>50K.
47,Private,Masters,Never Married,<=50K.
41,Private,Prof-school,Married,>50K.
33,Private,HS-grad,Married,<=50K.
31,Private,Bachelors,Never Married,>50K.
31,Private,Assoc-acdm,Divorced,<=50K.
35,Private,HS-grad,Married,<=50K.
38,Self,HS-grad,Married,>50K.
18,Private,HS-grad,Never Married,<=50K.
20,Private,HS-grad,Married,<=50K.
54,Govt,Some-college,Divorced,<=50K.
40,Private,Some-college,Divorced,<=50K.
36,Self,Bachelors,Married,>50K.
43,Private,Some-college,Divorced,<=50K.
44,Self,Some-college,Divorced,<=50K.
44,Govt,HS-grad,Married,>50K.
43,Private,Masters,Married,>50K.
51,Private,7th-8th,Widowed,<=50K.
18,Private,HS-grad,Never Married,<=50K.
51,Private,Some-college,Married,<=50K.
41,Private,10th,Married,<=50K.
44,Self,Some-college,Married,>50K.
33,Govt,10th,Divorced,<=50K.
33,Self,Bachelors,Married,>50K.
42,Private,Assoc-acdm,Married,>50K.
25,Private,Some-college,Married,<=50K.
32,Private,HS-grad,Divorced,<=50K.
32,Private,Bachelors,Married,<=50K.
36,Private,10th,Divorced,<=50K.
28,Private,HS-grad,Married,<=50K.
20,Private,HS-grad,Never Married,<=50K.
35,Self,Some-college,Married,>50K.
55,Self,HS-grad,Married,<=50K.
48,Private,Bachelors,Married,>50K.
36,NA,Assoc-voc,Widowed,<=50K.
34,Private,HS-grad,Married,>50K.
28,Private,Bachelors,Never Married,<=50K.
67,Private,Bachelors,Widowed,>50K.
37,Private,HS-grad,Married,<=50K.
44,Private,HS-grad,Never Married,<=50K.
25,Private,Some-college,Never Married,<=50K.
21,Private,Some-college,Never Married,<=50K.
40,Govt,Masters,Married,>50K.
78,Private,HS-grad,Widowed,<=50K.
34,Private,HS-grad,Divorced,<=50K.
49,Private,HS-grad,Never Married,<=50K.
22,Private,Assoc-acdm,Never Married,<=50K.
23,NA,HS-grad,Never Married,<=50K.
60,Self,HS-grad,Never Married,<=50K.
45,Govt,HS-grad,Widowed,>50K.
63,Private,Assoc-voc,Divorced,<=50K.
41,Private,HS-grad,Never Married,<=50K.
47,Private,HS-grad,Divorced,<=50K.
44,Private,HS-grad,Divorced,<=50K.
51,Private,Some-college,Widowed,<=50K.
46,Private,Bachelors,Never Married,<=50K.
41,Private,Assoc-voc,Married,<=50K.
50,Self,HS-grad,Married,<=50K.
47,Private,HS-grad,Married,>50K.
35,Private,HS-grad,Never Married,<=50K.
56,Private,HS-grad,Married,>50K.
45,Private,Masters,Divorced,<=50K.
48,Govt,Bachelors,Divorced,>50K.
40,Private,Some-college,Married,<=50K.
39,Self,Bachelors,Married,>50K.
20,Private,Some-college,Never Married,<=50K.
50,Private,Doctorate,Married,>50K.
38,Govt,HS-grad,Married,>50K.
23,Govt,Bachelors,Never Married,<=50K.
31,Private,HS-grad,Never Married,<=50K.
58,Private,Bachelors,Married,<=50K.
66,Private,HS-grad,Separated,<=50K.
39,Self,HS-grad,Married,>50K.
54,Self,HS-grad,Married,>50K.
26,Private,Some-college,Married,<=50K.
51,Private,HS-grad,Divorced,<=50K.
34,Private,Assoc-voc,Never Married,<=50K.
50,Private,HS-grad,Married,>50K.
42,Private,Some-college,Married,>50K.
38,Private,Masters,Married,<=50K.
48,Private,7th-8th,Married,<=50K.
33,Private,Assoc-voc,Married,>50K.
51,Private,HS-grad,Widowed,<=50K.
22,Private,HS-grad,Divorced,<=50K.
19,NA,HS-grad,Never Married,<=50K.
41,Private,Some-college,Never Married,<=50K.
48,Govt,Masters,Married,>50K.
42,Private,HS-grad,Separated,<=50K.
34,Private,Some-college,Married,<=50K.
23,Private,HS-grad,Never Married,<=50K.
56,Private,HS-grad,Married,<=50K.
30,Private,Bachelors,Never Married,<=50K.
45,Private,HS-grad,Married,>50K.
48,Private,10th,Married,<=50K.
48,Self,Masters,Married,<=50K.
31,Private,Assoc-voc,Never Married,<=50K.
20,Govt,Assoc-acdm,Never Married,<=50K.
27,Private,Some-college,Never Married,<=50K.
32,Private,HS-grad,Never Married,<=50K.
76,NA,7th-8th,Widowed,<=50K.
19,NA,HS-grad,Never Married,<=50K.
66,Self,9th,Married,<=50K.
37,Private,HS-grad,Never Married,<=50K.
34,Private,HS-grad,Divorced,<=50K.
34,NA,11th,Married,<=50K.
90,Private,HS-grad,Never Married,<=50K.
23,Private,Some-college,Never Married,<=50K.
43,Private,Some-college,Divorced,<=50K.
44,Private,Bachelors,Married,>50K.
24,Private,Some-college,Never Married,<=50K.
28,Private,Prof-school,Divorced,<=50K.
64,NA,Assoc-acdm,Never Married,<=50K.
23,Private,Some-college,Married,<=50K.
20,Private,Some-college,Never Married,<=50K.
36,Private,Bachelors,Married,>50K.
61,Private,HS-grad,Married,<=50K.
53,Self,Bachelors,Married,>50K.
30,Private,Bachelors,Married,>50K.
52,Self,Some-college,Married,>50K.
38,Private,Some-college,Divorced,<=50K.
32,Private,Bachelors,Married,<=50K.
30,Self,12th,Married,<=50K.
41,Private,Assoc-voc,Divorced,<=50K.
49,Govt,Masters,Married,>50K.
45,Private,HS-grad,Married,>50K.
43,Self,HS-grad,Married,<=50K.
61,Private,HS-grad,Married,<=50K.
54,Private,HS-grad,Married,<=50K.
34,Private,Assoc-acdm,Separated,<=50K.
49,Private,Some-college,Married,>50K.
38,Private,Some-college,Never Married,<=50K.
35,Private,Prof-school,Married,>50K.
36,Private,12th,Married,<=50K.
30,Private,Bachelors,Married,<=50K.
36,Private,Assoc-acdm,Divorced,<=50K.
22,Govt,Bachelors,Never Married,<=50K.
38,Private,HS-grad,Married,>50K.
37,Private,HS-grad,Married,>50K.
48,Govt,Doctorate,Married,>50K.
17,Private,11th,Never Married,<=50K.
19,Self,Some-college,Never Married,<=50K.
27,Private,Bachelors,Never Married,<=50K.
22,Private,Bachelors,Never Married,<=50K.
49,Private,HS-grad,Married,<=50K.
43,Govt,Assoc-voc,Married,>50K.
43,Private,Bachelors,Separated,<=50K.
19,Govt,HS-grad,Divorced,<=50K.
58,Self,HS-grad,Married,<=50K.
41,Govt,Some-college,Married,>50K.
31,Private,Some-college,Married,<=50K.
30,Private,Assoc-voc,Married,<=50K.
32,Private,HS-grad,Married,<=50K.
29,Private,Bachelors,Never Married,<=50K.
42,Private,Some-college,Married,>50K.
38,Private,HS-grad,Divorced,<=50K.
41,Govt,Assoc-acdm,Married,>50K.
44,Self,Bachelors,Never Married,>50K.
31,Private,Doctorate,Married,<=50K.
34,Private,HS-grad,Divorced,<=50K.
21,Private,Some-college,Never Married,<=50K.
22,Self,Bachelors,Never Married,<=50K.
62,Private,10th,Married,<=50K.
19,NA,HS-grad,Never Married,<=50K.
29,Self,HS-grad,Married,>50K.
43,Private,Some-college,Divorced,<=50K.
68,NA,7th-8th,Married,<=50K.
45,Self,Bachelors,Married,>50K.
39,Self,9th,Married,<=50K.
41,Private,Bachelors,Married,<=50K.
34,Self,Assoc-acdm,Married,>50K.
34,Govt,HS-grad,Divorced,<=50K.
31,Private,Bachelors,Never Married,<=50K.
29,Private,HS-grad,Never Married,<=50K.
41,Private,Bachelors,Married,>50K.
41,Private,Assoc-voc,Married,<=50K.
35,Self,Masters,Married,>50K.
33,Private,Bachelors,Married,>50K.
37,Govt,Bachelors,Never Married,<=50K.
69,Private,HS-grad,Married,<=50K.
34,Private,HS-grad,Divorced,<=50K.
60,Self,Assoc-voc,Married,>50K.
36,Private,Some-college,Married,<=50K.
41,Private,HS-grad,Married,<=50K.
58,Govt,Bachelors,Married,>50K.
53,Private,Bachelors,Married,<=50K.
29,Private,Some-college,Married,<=50K.
45,Govt,HS-grad,Divorced,<=50K.
34,Govt,Some-college,Married,<=50K.
36,Private,Bachelors,Married,<=50K.
48,Private,Some-college,Divorced,<=50K.
20,Private,Assoc-voc,Never Married,<=50K.
35,Private,HS-grad,Married,>50K.
63,Govt,HS-grad,Widowed,<=50K.
41,Self,Some-college,Divorced,<=50K.
28,Private,Bachelors,Married,<=50K.
30,Private,Some-college,Never Married,<=50K.
34,NA,HS-grad,Divorced,<=50K.
31,Private,HS-grad,Never Married,<=50K.
37,Private,Assoc-voc,Never Married,<=50K.
42,NA,Some-college,Divorced,<=50K.
31,Private,Some-college,Married,>50K.
46,Self,Masters,Married,>50K.
35,Govt,HS-grad,Married,>50K.
27,Private,HS-grad,Married,<=50K.
41,Private,1st-4th,Married,<=50K.
19,Private,Some-college,Never Married,<=50K.
20,Private,Some-college,Never Married,<=50K.
59,Govt,HS-grad,Widowed,<=50K.
40,Private,Bachelors,Never Married,<=50K.
56,Self,Some-college,Married,<=50K.
33,Private,Masters,Married,>50K.
30,Self,Some-college,Never Married,<=50K.
46,Private,HS-grad,Married,<=50K.
61,Self,HS-grad,Married,>50K.
50,Self,HS-grad,Married,>50K.
25,Private,HS-grad,Never Married,<=50K.
40,Private,Some-college,Divorced,<=50K.
24,NA,Some-college,Never Married,<=50K.
51,Private,HS-grad,Married,<=50K.
43,Govt,HS-grad,Married,<=50K.
34,Private,Some-college,Married,<=50K.
46,Private,HS-grad,Married,>50K.
28,Govt,Masters,Married,>50K.
26,Private,Bachelors,Never Married,<=50K.
20,Private,HS-grad,Never Married,<=50K.
44,Private,Assoc-voc,Married,<=50K.
51,Private,HS-grad,Widowed,<=50K.
33,Private,Bachelors,Married,>50K.
54,Private,Assoc-acdm,Married,>50K.
50,Private,Bachelors,Married,>50K.
33,Private,HS-grad,Divorced,<=50K.
65,Private,Bachelors,Married,>50K.
22,NA,Some-college,Never Married,<=50K.
88,Self,Prof-school,Married,<=50K.
40,Private,HS-grad,Divorced,<=50K.
51,Private,HS-grad,Divorced,<=50K.
50,Private,11th,Divorced,<=50K.
25,Private,Masters,Married,>50K.
20,Private,Assoc-voc,Never Married,<=50K.
47,Private,HS-grad,Married,<=50K.
58,NA,Some-college,Married,>50K.
22,Private,Assoc-voc,Never Married,<=50K.
50,Govt,HS-grad,Married,>50K.
47,Private,HS-grad,Never Married,<=50K.
24,Govt,11th,Never Married,<=50K.
50,NA,HS-grad,Married,>50K.
40,Private,Bachelors,Divorced,>50K.
36,Private,Bachelors,Married,<=50K.
32,Private,HS-grad,Married,<=50K.
44,Private,HS-grad,Married,<=50K.
51,NA,Masters,Married,<=50K.
59,Govt,Some-college,Never Married,<=50K.
65,Private,HS-grad,Married,<=50K.
24,Govt,Bachelors,Never Married,<=50K.
27,Govt,Bachelors,Never Married,<=50K.
51,Private,Assoc-voc,Divorced,<=50K.
48,Private,Some-college,Married,>50K.
39,Private,HS-grad,Married,<=50K.
28,Private,Bachelors,Married,<=50K.
19,Private,Some-college,Never Married,<=50K.
49,Govt,Bachelors,Divorced,<=50K.
51,Govt,Assoc-acdm,Married,<=50K.
59,Private,Masters,Married,<=50K.
18,Private,HS-grad,Never Married,<=50K.
50,Private,HS-grad,Married,<=50K.
45,Govt,HS-grad,Married,>50K.
30,Govt,Bachelors,Married,>50K.
37,Private,Bachelors,Divorced,<=50K.
44,Private,Bachelors,Never Married,>50K.
33,Private,Some-college,Married,<=50K.
61,Self,Masters,Married,>50K.
61,Govt,HS-grad,Married,<=50K.
38,Private,Bachelors,Married,>50K.
22,NA,Some-college,Never Married,<=50K.
36,Private,HS-grad,Married,<=50K.
44,Self,Some-college,Married,>50K.
37,Private,Some-college,Separated,<=50K.
31,Private,Some-college,Divorced,<=50K.
54,Private,Doctorate,Married,>50K.
20,Private,Some-college,Never Married,<=50K.
63,NA,Bachelors,Widowed,>50K.
48,Self,Some-college,Married,>50K.
33,NA,HS-grad,Divorced,<=50K.
31,Private,Bachelors,Divorced,<=50K.
38,Private,Prof-school,Married,>50K.
45,Self,HS-grad,Married,>50K.
48,Private,HS-grad,Married,<=50K.
53,Private,Some-college,Married,<=50K.
55,Private,HS-grad,Widowed,<=50K.
38,Private,Masters,Married,>50K.
29,Private,HS-grad,Never Married,<=50K.
36,Private,Bachelors,Married,>50K.
42,Self,Some-college,Married,<=50K.
50,Private,HS-grad,Divorced,<=50K.
75,Self,Prof-school,Married,<=50K.
46,Private,Bachelors,Married,>50K.
52,Govt,HS-grad,Divorced,<=50K.
27,Private,Bachelors,Never Married,<=50K.
43,Private,HS-grad,Married,<=50K.
31,Private,11th,Separated,<=50K.
23,Private,Some-college,Never Married,<=50K.
34,Private,HS-grad,Never Married,<=50K.
41,Self,HS-grad,Married,<=50K.
31,Private,HS-grad,Never Married,<=50K.
42,Private,Some-college,Never Married,<=50K.
35,Private,Masters,Never Married,>50K.
55,Private,HS-grad,Separated,<=50K.
36,Govt,HS-grad,Widowed,<=50K.
65,Self,HS-grad,Married,>50K.
38,Govt,Some-college,Never Married,<=50K.
62,Private,Some-college,Widowed,<=50K.
54,Self,Prof-school,Married,>50K.
49,Private,HS-grad,Divorced,<=50K.
34,Private,HS-grad,Married,<=50K.
32,Private,HS-grad,Never Married,<=50K.
51,Self,Masters,Married,>50K.
48,Self,Some-college,Married,<=50K.
30,Private,HS-grad,Married,<=50K.
52,Govt,HS-grad,Divorced,<=50K.
28,Self,Some-college,Never Married,<=50K.
29,Private,HS-grad,Married,<=50K.
38,Private,Bachelors,Never Married,<=50K.
57,Private,HS-grad,Married,>50K.
43,Govt,Bachelors,Married,>50K.
37,Govt,Some-college,Separated,<=50K.
30,Private,HS-grad,Married,<=50K.
53,Private,HS-grad,Married,>50K.
69,NA,Assoc-voc,Widowed,<=50K.
73,Private,HS-grad,Widowed,<=50K.
22,Self,Some-college,Never Married,<=50K.
31,Private,HS-grad,Never Married,<=50K.
38,Private,Bachelors,Married,>50K.
50,Self,Some-college,Married,<=50K.
37,Private,Some-college,Married,<=50K.
44,Govt,Bachelors,Divorced,<=50K.
47,Private,Bachelors,Never Married,<=50K.
27,Private,Some-college,Married,<=50K.
28,Private,Assoc-acdm,Never Married,<=50K.
25,Private,HS-grad,Never Married,<=50K.
20,Private,Some-college,Never Married,<=50K.
51,Govt,Bachelors,Married,>50K.
46,Private,Bachelors,Married,>50K.
67,Private,Bachelors,Married,>50K.
47,Private,HS-grad,Married,<=50K.
42,Private,HS-grad,Married,<=50K.
52,Private,HS-grad,Never Married,<=50K.
42,Govt,Assoc-acdm,Divorced,>50K.
65,NA,HS-grad,Married,>50K.
21,Private,Some-college,Never Married,<=50K.
50,Private,HS-grad,Married,>50K.
46,Private,Some-college,Married,<=50K.
47,Self,Bachelors,Married,>50K.
57,Private,10th,Married,<=50K.
37,Private,Bachelors,Never Married,<=50K.
50,Private,HS-grad,Married,<=50K.
58,NA,12th,Married,<=50K.
63,Self,1st-4th,Widowed,<=50K.
39,Private,HS-grad,Married,<=50K.
46,Private,Masters,Married,<=50K.
36,Private,HS-grad,Married,<=50K.
26,Private,5th-6th,Married,<=50K.
21,Private,Some-college,Never Married,<=50K.
41,Private,Assoc-acdm,Married,<=50K.
44,Govt,Some-college,Never Married,<=50K.
22,Private,HS-grad,Married,<=50K.
29,Govt,Some-college,Never Married,<=50K.
29,Private,HS-grad,Never Married,<=50K.
58,Self,Some-college,Married,>50K.
36,Self,Prof-school,Married,<=50K.
30,Private,Assoc-voc,Married,<=50K.
37,Private,Bachelors,Married,>50K.
29,Private,Assoc-voc,Never Married,<=50K.
26,Private,5th-6th,Never Married,<=50K.
43,Private,HS-grad,Married,<=50K.
49,Private,HS-grad,Married,>50K.
45,Govt,Bachelors,Married,<=50K.
28,Private,Bachelors,Never Married,<=50K.
20,NA,Some-college,Never Married,<=50K.
51,Private,HS-grad,Divorced,<=50K.
32,Private,Some-college,Married,>50K.
24,Private,HS-grad,Never Married,<=50K.
35,Private,Doctorate,Married,>50K.
35,NA,Assoc-acdm,Never Married,<=50K.
41,Govt,Bachelors,Married,>50K.
48,Private,Bachelors,Married,>50K.
61,Govt,HS-grad,Widowed,<=50K.
20,Private,Some-college,Never Married,<=50K.
27,Private,HS-grad,Never Married,>50K.
55,Private,Some-college,Married,>50K.
39,Private,HS-grad,Married,>50K.
17,NA,10th,Never Married,<=50K.
47,Private,HS-grad,Married,<=50K.
52,Private,HS-grad,Widowed,>50K.
24,Private,HS-grad,Never Married,<=50K.
29,Private,11th,Never Married,<=50K.
25,Private,HS-grad,Never Married,<=50K.
20,Private,Some-college,Never Married,<=50K.
23,Private,HS-grad,Never Married,<=50K.
57,Private,Prof-school,Married,<=50K.
51,Private,Assoc-voc,Married,>50K.
33,Private,Some-college,Never Married,<=50K.
39,Private,Bachelors,Never Married,<=50K.
40,Private,HS-grad,Married,>50K.
71,Private,Bachelors,Divorced,<=50K.
38,Govt,Some-college,Married,<=50K.
28,Govt,Prof-school,Never Married,<=50K.
57,Private,Masters,Married,<=50K.
47,Private,Some-college,Divorced,<=50K.
59,Govt,HS-grad,Never Married,<=50K.
26,Private,HS-grad,Never Married,<=50K.
35,Private,Bachelors,Never Married,<=50K.
61,Self,Bachelors,Married,>50K.
17,NA,11th,Never Married,<=50K.
36,Private,Bachelors,Married,>50K.
62,NA,7th-8th,Married,<=50K.
34,Private,Some-college,Never Married,>50K.
32,Self,Bachelors,Married,>50K.
42,Private,HS-grad,Separated,<=50K.
39,Private,Some-college,Married,<=50K.
58,Private,5th-6th,Divorced,<=50K.
61,Self,HS-grad,Married,>50K.
40,Private,10th,Never Married,<=50K.
31,Private,Bachelors,Never Married,<=50K.
36,Private,HS-grad,Never Married,<=50K.
23,Private,Some-college,Never Married,<=50K.
33,Private,HS-grad,Never Married,<=50K.
52,Private,HS-grad,Married,>50K.
22,Private,HS-grad,Never Married,<=50K.
51,Private,Some-college,Divorced,<=50K.
31,Govt,Assoc-voc,Never Married,<=50K.
49,Self,HS-grad,Divorced,<=50K.
49,Private,HS-grad,Married,<=50K.
53,Govt,Some-college,Widowed,<=50K.
52,Private,HS-grad,Married,>50K.
20,Private,10th,Never Married,<=50K.
26,Private,Assoc-acdm,Never Married,<=50K.
61,NA,HS-grad,Married,<=50K.
43,Private,Masters,Never Married,<=50K.
46,Self,Bachelors,Married,<=50K.
43,Govt,Assoc-voc,Never Married,<=50K.
41,Private,HS-grad,Divorced,<=50K.
44,Self,HS-grad,Married,<=50K.
54,Private,HS-grad,Married,<=50K.
65,Private,Masters,Married,>50K.
32,Private,Bachelors,Divorced,<=50K.
25,Private,Some-college,Separated,<=50K.
23,Private,Bachelors,Never Married,<=50K.
25,Govt,Bachelors,Never Married,<=50K.
19,Private,Some-college,Never Married,<=50K.
37,Self,HS-grad,Married,<=50K.
45,Private,Some-college,Never Married,<=50K.
37,Private,HS-grad,Never Married,<=50K.
40,Self,Some-college,Divorced,>50K.
19,NA,Some-college,Never Married,<=50K.
17,Private,11th,Never Married,<=50K.
27,Private,Bachelors,Never Married,<=50K.
40,Govt,7th-8th,Married,>50K.
59,Private,HS-grad,Divorced,<=50K.
19,Govt,HS-grad,Never Married,<=50K.
43,Private,10th,Never Married,<=50K.
42,Private,10th,Never Married,>50K.
54,Private,HS-grad,Married,<=50K.
54,Self,Masters,Married,<=50K.
51,Private,10th,Married,<=50K.
50,Private,HS-grad,Married,>50K.
40,Private,HS-grad,Never Married,<=50K.
55,Private,Assoc-acdm,Married,<=50K.
50,Private,HS-grad,Divorced,<=50K.
31,Private,HS-grad,Married,<=50K.
42,NA,HS-grad,Divorced,<=50K.
24,Private,HS-grad,Married,>50K.
30,Private,11th,Divorced,<=50K.
39,Govt,Assoc-acdm,Married,>50K.
37,Private,HS-grad,Divorced,<=50K.
33,Private,HS-grad,Married,<=50K.
48,Private,HS-grad,Widowed,<=50K.
43,Self,HS-grad,Married,<=50K.
39,Private,Bachelors,Married,>50K.
53,Private,Some-college,Married,>50K.
52,Self,10th,Married,<=50K.
28,Govt,Some-college,Married,<=50K.
32,Private,HS-grad,Never Married,<=50K.
31,Private,Bachelors,Married,>50K.
31,Private,Bachelors,Married,>50K.
47,Private,Some-college,Never Married,<=50K.
19,NA,Some-college,Never Married,<=50K.
40,Private,Assoc-voc,Married,<=50K.
40,Private,Assoc-acdm,Never Married,<=50K.
41,Private,11th,Divorced,<=50K.
53,Govt,HS-grad,Married,<=50K.
46,Private,11th,Divorced,<=50K.
45,Self,Bachelors,Married,>50K.
39,Private,9th,Married,<=50K.
19,Private,HS-grad,Never Married,<=50K.
57,Private,HS-grad,Married,>50K.
49,Private,Assoc-voc,Married,<=50K.
59,Private,HS-grad,Divorced,<=50K.
32,Private,Assoc-voc,Divorced,>50K.
18,NA,Some-college,Never Married,<=50K.
35,Govt,Some-college,Never Married,<=50K.
58,Self,10th,Married,<=50K.
28,Private,Bachelors,Never Married,<=50K.
36,Govt,Assoc-acdm,Married,>50K.
41,Self,Masters,Divorced,<=50K.
47,Private,HS-grad,Married,>50K.
50,Self,HS-grad,Married,<=50K.
61,NA,HS-grad,Married,<=50K.
36,Private,HS-grad,Married,>50K.
38,Private,Assoc-voc,Divorced,<=50K.
56,Self,HS-grad,Married,>50K.
50,Private,Assoc-voc,Married,<=50K.
45,Self,Some-college,Married,<=50K.
44,Self,HS-grad,Married,<=50K.
51,Private,Some-college,Married,>50K.
44,Self,Some-college,Married,>50K.
25,Private,HS-grad,Divorced,<=50K.
60,Private,11th,Widowed,<=50K.
17,NA,10th,Never Married,<=50K.
49,Self,Masters,Married,>50K.
46,Private,HS-grad,Married,>50K.
56,Private,HS-grad,Widowed,<=50K.
25,Private,HS-grad,Divorced,<=50K.
22,Private,Some-college,Never Married,<=50K.
76,NA,HS-grad,Widowed,<=50K.
41,Self,Prof-school,Married,>50K.
48,Self,HS-grad,Married,>50K.
46,Private,10th,Never Married,<=50K.
30,Private,Some-college,Never Married,>50K.
39,Private,HS-grad,Married,>50K.
40,Private,10th,Divorced,<=50K.
70,Govt,HS-grad,Married,<=50K.
35,Private,Some-college,Married,<=50K.
49,Private,Masters,Divorced,<=50K.
24,Private,Assoc-voc,Never Married,<=50K.
40,Private,Assoc-acdm,Married,>50K.
61,Private,Prof-school,Married,>50K.
25,Private,Bachelors,Never Married,<=50K.
28,Govt,Bachelors,Never Married,<=50K.
69,Govt,Masters,Married,<=50K.
22,Private,Some-college,Never Married,<=50K.
47,Private,HS-grad,Married,<=50K.
38,Private,HS-grad,Divorced,<=50K.
26,Private,Assoc-voc,Never Married,<=50K.
17,Private,11th,Never Married,<=50K.
33,Self,Some-college,Never Married,<=50K.
43,Self,HS-grad,Married,<=50K.
58,Private,Assoc-voc,Married,>50K.
53,Self,HS-grad,Married,>50K.
26,Private,HS-grad,Never Married,<=50K.
43,Govt,Bachelors,Married,>50K.
31,Private,10th,Married,<=50K.
30,Private,HS-grad,Never Married,<=50K.
25,Private,HS-grad,Never Married,<=50K.
57,Govt,HS-grad,Divorced,<=50K.
37,Private,Masters,Divorced,>50K.
32,Private,Some-college,Married,<=50K.
26,Private,HS-grad,Divorced,<=50K.
45,Private,HS-grad,Married,>50K.
53,Govt,HS-grad,Married,>50K.
27,Private,HS-grad,Never Married,<=50K.
28,Self,11th,Married,>50K.
32,Private,11th,Divorced,>50K.
35,Private,Bachelors,Divorced,<=50K.
36,Self,Some-college,Married,>50K.
19,Private,Some-college,Never Married,<=50K.
37,Self,Bachelors,Married,>50K.
49,Private,Some-college,Divorced,<=50K.
20,Private,Some-college,Never Married,<=50K.
64,Self,Bachelors,Married,>50K.
60,NA,Masters,Married,<=50K.
32,Private,Assoc-acdm,Married,<=50K.
58,Govt,HS-grad,Married,<=50K.
42,Private,HS-grad,Married,<=50K.
20,Private,Some-college,Never Married,<=50K.
42,Govt,Some-college,Married,<=50K.
25,Private,Some-college,Married,<=50K.
30,Self,Assoc-voc,Married,>50K.
37,Self,Bachelors,Married,>50K.
66,Self,Assoc-voc,Married,<=50K.
59,Self,Bachelors,Married,>50K.
44,Private,Bachelors,Divorced,<=50K.
46,Private,HS-grad,Married,>50K.
59,Private,Bachelors,Married,<=50K.
25,Private,Bachelors,Never Married,<=50K.
17,Govt,9th,Never Married,<=50K.
47,Govt,Bachelors,Married,<=50K.
47,Govt,9th,Divorced,<=50K.
30,Private,Some-college,Divorced,<=50K.
20,Private,Some-college,Never Married,<=50K.
26,Govt,Bachelors,Never Married,<=50K.
20,Private,Some-college,Never Married,<=50K.
33,Private,HS-grad,Divorced,<=50K.
48,Private,HS-grad,Married,<=50K.
52,Private,Bachelors,Married,>50K.
37,Private,HS-grad,Divorced,<=50K.
47,Private,HS-grad,Married,<=50K.
40,Private,10th,Married,>50K.
48,Private,Masters,Divorced,>50K.
49,Private,10th,Married,>50K.
50,Private,Some-college,Divorced,<=50K.
30,Private,Assoc-acdm,Never Married,<=50K.
34,Private,Some-college,Married,<=50K.
43,Private,HS-grad,Married,<=50K.
22,Private,10th,Married,<=50K.
35,Private,HS-grad,Separated,<=50K.
26,Govt,HS-grad,Divorced,<=50K.
62,Private,Prof-school,Married,<=50K.
39,Govt,HS-grad,Separated,<=50K.
59,Govt,Some-college,Married,<=50K.
69,NA,5th-6th,Divorced,<=50K.
27,Private,Bachelors,Married,<=50K.
17,Private,10th,Never Married,<=50K.
38,Private,Bachelors,Married,<=50K.
41,Private,Some-college,Married,>50K.
27,Private,10th,Never Married,<=50K.
23,Private,HS-grad,Never Married,<=50K.
17,Private,10th,Never Married,<=50K.
56,Private,7th-8th,Divorced,<=50K.
24,Private,Some-college,Never Married,<=50K.
62,Private,Doctorate,Married,>50K.
44,Private,12th,Divorced,<=50K.
23,Private,Bachelors,Never Married,<=50K.
41,Self,HS-grad,Never Married,<=50K.
25,Private,HS-grad,Never Married,<=50K.
21,Private,Some-college,Never Married,<=50K.
18,Private,12th,Never Married,<=50K.
45,Private,Some-college,Married,<=50K.
75,NA,Bachelors,Widowed,>50K.
51,Private,7th-8th,Married,<=50K.
42,Govt,HS-grad,Separated,<=50K.
47,Private,Some-college,Never Married,<=50K.
29,Private,Some-college,Married,<=50K.
33,Private,11th,Never Married,<=50K.
43,Govt,Bachelors,Married,<=50K.
20,NA,Some-college,Never Married,<=50K.
19,NA,Bachelors,Never Married,<=50K.
44,Private,Assoc-acdm,Married,>50K.
24,Private,Some-college,Never Married,<=50K.
19,Private,Some-college,Never Married,<=50K.
49,NA,10th,Separated,<=50K.
52,Private,Assoc-voc,Married,<=50K.
38,Self,HS-grad,Never Married,<=50K.
24,Govt,Some-college,Never Married,<=50K.
32,Govt,Bachelors,Never Married,<=50K.
72,NA,HS-grad,Widowed,<=50K.
26,Private,HS-grad,Married,>50K.
31,Private,Bachelors,Never Married,<=50K.
29,Private,Bachelors,Married,<=50K.
39,Private,HS-grad,Divorced,>50K.
48,Self,HS-grad,Married,<=50K.
40,Private,Some-college,Married,>50K.
51,Private,Some-college,Divorced,<=50K.
28,Self,HS-grad,Divorced,<=50K.
22,Private,HS-grad,Never Married,<=50K.
23,Private,Bachelors,Never Married,<=50K.
65,Private,Some-college,Married,<=50K.
26,Govt,Bachelors,Married,<=50K.
20,NA,Some-college,Never Married,<=50K.
55,Private,Masters,Married,>50K.
38,Self,Bachelors,Married,<=50K.
33,Private,HS-grad,Never Married,>50K.
33,Govt,HS-grad,Married,<=50K.
37,Private,Bachelors,Never Married,<=50K.
19,Private,11th,Never Married,<=50K.
24,Private,Bachelors,Never Married,<=50K.
30,Private,11th,Married,<=50K.
57,Govt,HS-grad,Divorced,<=50K.
22,Govt,Some-college,Never Married,<=50K.
57,Private,HS-grad,Married,>50K.
46,Govt,HS-grad,Married,<=50K.
67,Private,HS-grad,Married,<=50K.
35,NA,HS-grad,Never Married,<=50K.
47,Private,HS-grad,Separated,<=50K.
39,Private,10th,Married,<=50K.
50,Private,Some-college,Divorced,<=50K.
58,Self,12th,Divorced,<=50K.
36,Private,Assoc-acdm,Married,>50K.
45,Private,Masters,Married,>50K.
54,Private,HS-grad,Married,>50K.
26,Private,Bachelors,Never Married,<=50K.
60,Private,HS-grad,Married,>50K.
46,Private,Prof-school,Married,>50K.
26,Private,Some-college,Married,<=50K.
32,Private,11th,Never Married,<=50K.
38,Govt,HS-grad,Married,<=50K.
48,Self,Some-college,Married,>50K.
44,Self,HS-grad,Married,>50K.
37,Private,HS-grad,Never Married,<=50K.
44,Private,Some-college,Married,<=50K.
31,Private,HS-grad,Never Married,<=50K.
61,Self,Prof-school,Married,>50K.
51,Private,HS-grad,Married,<=50K.
52,Private,Bachelors,Married,>50K.
45,Private,HS-grad,Married,<=50K.
36,NA,Assoc-acdm,Married,<=50K.
39,Private,11th,Married,<=50K.
67,Govt,HS-grad,Divorced,<=50K.
40,Govt,Assoc-acdm,Married,>50K.
27,Private,5th-6th,Never Married,<=50K.
37,Private,1st-4th,Married,<=50K.
57,Private,Some-college,Married,>50K.
27,Private,10th,Divorced,<=50K.
28,Private,HS-grad,Never Married,<=50K.
34,Self,Bachelors,Married,>50K.
54,Private,HS-grad,Married,>50K.
52,Private,HS-grad,Divorced,<=50K.
42,Private,Bachelors,Married,>50K.
48,Private,Masters,Married,>50K.
65,Govt,Masters,Married,>50K.
55,Self,Prof-school,Married,<=50K.
71,Self,HS-grad,Married,>50K.
33,Private,Some-college,Married,<=50K.
30,Private,HS-grad,Married,<=50K.
35,Private,Bachelors,Married,>50K.
59,Private,10th,Divorced,<=50K.
19,Private,Some-college,Never Married,<=50K.
36,Self,9th,Married,<=50K.
26,Self,HS-grad,Never Married,<=50K.
34,Govt,HS-grad,Married,<=50K.
41,Private,HS-grad,Married,>50K.
44,Private,Bachelors,Married,>50K.
26,NA,HS-grad,Separated,<=50K.
47,Private,HS-grad,Married,<=50K.
18,Private,Some-college,Never Married,<=50K.
55,Self,10th,Married,<=50K.
49,Govt,HS-grad,Married,<=50K.
44,Private,Bachelors,Married,>50K.
43,Private,Bachelors,Never Married,<=50K.
62,Private,7th-8th,Married,<=50K.
44,Private,HS-grad,Married,<=50K.
39,NA,HS-grad,Divorced,<=50K.
50,Self,Some-college,Married,>50K.
35,Private,11th,Never Married,<=50K.
52,Private,HS-grad,Married,<=50K.
46,Private,Prof-school,Married,>50K.
44,Private,Assoc-acdm,Married,>50K.
43,Private,Some-college,Never Married,<=50K.
51,Private,7th-8th,Married,<=50K.
20,Private,Some-college,Never Married,<=50K.
47,Private,Assoc-acdm,Married,>50K.
43,Private,Masters,Divorced,<=50K.
64,NA,HS-grad,Married,>50K.
24,Private,Some-college,Never Married,<=50K.
27,Govt,Some-college,Married,<=50K.
32,Private,HS-grad,Married,<=50K.
37,Private,HS-grad,Divorced,<=50K.
26,Private,HS-grad,Married,<=50K.
43,Private,Bachelors,Married,>50K.
50,Private,HS-grad,Married,<=50K.
20,Self,HS-grad,Never Married,<=50K.
37,Private,HS-grad,Married,>50K.
43,Private,HS-grad,Never Married,<=50K.
37,Private,HS-grad,Married,>50K.
53,Private,9th,Divorced,<=50K.
44,Private,Doctorate,Married,>50K.
25,Private,HS-grad,Never Married,<=50K.
17,Private,11th,Never Married,<=50K.
19,Private,HS-grad,Never Married,<=50K.
53,Govt,HS-grad,Married,>50K.
44,Private,Some-college,Married,<=50K.
51,Private,HS-grad,Married,>50K.
49,Private,HS-grad,Married,<=50K.
35,Private,Some-college,Married,<=50K.
44,Private,HS-grad,Divorced,<=50K.
54,Private,Masters,Married,<=50K.
37,Private,Some-college,Divorced,<=50K.
18,Private,Some-college,Never Married,<=50K.
24,Private,Some-college,Married,<=50K.
29,Private,HS-grad,Divorced,<=50K.
22,NA,Some-college,Divorced,<=50K.
35,Private,HS-grad,Never Married,<=50K.
56,Private,HS-grad,Married,>50K.
32,NA,7th-8th,Widowed,<=50K.
24,Private,Bachelors,Never Married,<=50K.
43,Private,Masters,Married,>50K.
73,Private,HS-grad,Widowed,<=50K.
47,Govt,Some-college,Married,<=50K.
49,Private,12th,Married,<=50K.
38,Private,Bachelors,Married,>50K.
31,Private,HS-grad,Married,<=50K.
39,Private,Some-college,Divorced,<=50K.
42,Private,Bachelors,Divorced,<=50K.
41,Private,Masters,Married,>50K.
35,Private,Bachelors,Married,>50K.
38,Private,HS-grad,Married,<=50K.
31,Private,HS-grad,Divorced,<=50K.
51,Govt,HS-grad,Married,<=50K.
38,Private,Bachelors,Divorced,>50K.
40,Govt,Some-college,Married,>50K.
21,Private,HS-grad,Never Married,<=50K.
44,Private,Some-college,Divorced,<=50K.
55,Private,HS-grad,Married,>50K.
29,Private,HS-grad,Divorced,<=50K.
49,Private,Masters,Married,>50K.
31,Private,Assoc-voc,Married,<=50K.
24,Private,Masters,Never Married,<=50K.
46,Private,Some-college,Never Married,<=50K.
26,Private,HS-grad,Never Married,<=50K.
35,Private,Bachelors,Never Married,<=50K.
27,Private,Assoc-voc,Never Married,<=50K.
64,Self,Bachelors,Married,>50K.
26,Private,Bachelors,Never Married,<=50K.
21,Private,HS-grad,Never Married,<=50K.
45,Private,Bachelors,Divorced,>50K.
57,Govt,HS-grad,Married,<=50K.
30,Private,Bachelors,Married,>50K.
45,Private,11th,Married,<=50K.
50,Private,7th-8th,Divorced,<=50K.
38,Private,Bachelors,Never Married,<=50K.
43,Self,Some-college,Married,<=50K.
42,Private,Some-college,Widowed,<=50K.
32,Private,Bachelors,Never Married,<=50K.
20,Private,HS-grad,Never Married,<=50K.
27,Private,HS-grad,Never Married,<=50K.
45,Private,11th,Widowed,<=50K.
40,Private,HS-grad,Never Married,<=50K.
38,Private,HS-grad,Divorced,<=50K.
37,Private,HS-grad,Divorced,<=50K.
60,Private,10th,Divorced,<=50K.
53,Self,HS-grad,Married,>50K.
25,Private,Bachelors,Married,<=50K.
47,Self,Bachelors,Divorced,<=50K.
40,Self,HS-grad,Never Married,<=50K.
51,NA,HS-grad,Married,<=50K.
19,Private,Some-college,Never Married,<=50K.
42,Private,Some-college,Married,>50K.
65,NA,HS-grad,Married,<=50K.
41,Private,Bachelors,Divorced,<=50K.
28,Private,10th,Never Married,<=50K.
46,Private,Masters,Divorced,>50K.
49,Private,Bachelors,Married,>50K.
24,Private,HS-grad,Never Married,<=50K.
32,Private,11th,Married,<=50K.
71,Private,HS-grad,Married,<=50K.
26,Private,Some-college,Married,>50K.
29,Private,HS-grad,Married,<=50K.
50,Private,Some-college,Married,>50K.
51,Private,Assoc-voc,Married,>50K.
17,NA,10th,Never Married,<=50K.
49,Private,HS-grad,Married,>50K.
31,Private,10th,Married,<=50K.
23,Private,11th,Married,<=50K.
59,Govt,HS-grad,Widowed,<=50K.
17,NA,10th,Never Married,<=50K.
43,Private,Some-college,Married,>50K.
38,Private,Bachelors,Married,>50K.
37,Private,HS-grad,Married,<=50K.
29,Private,10th,Never Married,<=50K.
39,Private,Bachelors,Married,>50K.
31,Private,Assoc-acdm,Never Married,<=50K.
42,Govt,Bachelors,Married,>50K.
35,Govt,Masters,Married,>50K.
39,Private,Masters,Married,>50K.
40,Private,Assoc-acdm,Divorced,<=50K.
66,Private,5th-6th,Married,<=50K.
30,Govt,9th,Married,<=50K.
43,Private,Assoc-acdm,Divorced,<=50K.
47,Private,9th,Never Married,<=50K.
45,Private,Masters,Never Married,<=50K.
31,Private,Some-college,Married,<=50K.
33,Private,HS-grad,Married,>50K.
32,Private,Bachelors,Never Married,<=50K.
28,Private,Assoc-acdm,Married,<=50K.
50,Govt,HS-grad,Married,>50K.
63,Private,7th-8th,Divorced,<=50K.
28,Private,Bachelors,Married,<=50K.
38,Private,Some-college,Widowed,<=50K.
52,Private,HS-grad,Divorced,<=50K.
38,Self,Prof-school,Married,>50K.
41,Private,HS-grad,Never Married,<=50K.
50,Govt,Masters,Never Married,<=50K.
59,Private,11th,Married,<=50K.
32,Private,HS-grad,Married,<=50K.
73,Govt,7th-8th,Married,<=50K.
52,Self,HS-grad,Divorced,<=50K.
57,Private,HS-grad,Married,<=50K.
35,Private,Assoc-voc,Married,>50K.
51,Private,Bachelors,Married,>50K.
22,Private,11th,Widowed,<=50K.
49,Private,HS-grad,Married,>50K.
22,Private,HS-grad,Never Married,<=50K.
46,Govt,HS-grad,Married,<=50K.
48,Private,HS-grad,Divorced,<=50K.
52,Private,HS-grad,Married,<=50K.
43,Govt,Bachelors,Married,>50K.
25,Private,7th-8th,Married,<=50K.
31,Private,7th-8th,Never Married,<=50K.
19,Private,Some-college,Never Married,<=50K.
19,NA,Some-college,Never Married,<=50K.
51,Private,HS-grad,Married,>50K.
51,Private,Bachelors,Divorced,>50K.
22,Self,HS-grad,Never Married,>50K.
37,Govt,HS-grad,Divorced,<=50K.
19,Private,Some-college,Never Married,<=50K.
45,Private,HS-grad,Divorced,<=50K.
21,Govt,Some-college,Never Married,<=50K.
52,Private,HS-grad,Widowed,<=50K.
46,Govt,Some-college,Married,<=50K.
42,Govt,Masters,Divorced,<=50K.
56,Private,HS-grad,Never Married,<=50K.
23,Private,HS-grad,Never Married,<=50K.
58,Private,Masters,Married,<=50K.
70,Private,HS-grad,Married,<=50K.
30,Private,Some-college,Divorced,<=50K.
45,Private,Bachelors,Married,<=50K.
23,Private,Some-college,Never Married,<=50K.
34,Govt,Some-college,Married,<=50K.
38,Private,Bachelors,Married,<=50K.
24,Private,Assoc-voc,Married,<=50K.
53,Private,7th-8th,Never Married,<=50K.
45,Govt,HS-grad,Never Married,<=50K.
21,NA,Some-college,Never Married,<=50K.
21,Private,Some-college,Never Married,<=50K.
34,Private,Bachelors,Never Married,<=50K.
32,Self,HS-grad,Married,>50K.
21,Private,HS-grad,Married,<=50K.
63,NA,Masters,Married,<=50K.
23,Private,9th,Never Married,<=50K.
28,Private,Bachelors,Divorced,<=50K.
29,Self,HS-grad,Never Married,<=50K.
25,Govt,Bachelors,Never Married,<=50K.
44,Govt,Masters,Never Married,<=50K.
18,Private,HS-grad,Never Married,<=50K.
26,Private,HS-grad,Never Married,<=50K.
47,Govt,Assoc-acdm,Married,>50K.
23,Private,HS-grad,Divorced,<=50K.
46,Private,Some-college,Married,<=50K.
61,Govt,Bachelors,Married,>50K.
25,Private,HS-grad,Never Married,<=50K.
38,Govt,HS-grad,Married,>50K.
60,NA,Bachelors,Married,<=50K.
23,Private,Some-college,Never Married,<=50K.
36,Govt,HS-grad,Divorced,<=50K.
46,Private,9th,Divorced,<=50K.
32,Self,Bachelors,Married,>50K.
40,Private,10th,Married,<=50K.
31,Private,HS-grad,Never Married,<=50K.
31,Private,Some-college,Married,>50K.
32,Govt,Bachelors,Never Married,<=50K.
21,Private,Some-college,Never Married,<=50K.
63,Private,Some-college,Married,>50K.
44,Private,Some-college,Separated,>50K.
42,Self,Bachelors,Married,<=50K.
23,NA,Bachelors,Never Married,<=50K.
30,Private,Some-college,Divorced,<=50K.
24,Private,HS-grad,Never Married,<=50K.
42,Private,Bachelors,Married,>50K.
44,Self,HS-grad,Married,>50K.
27,Govt,Bachelors,Never Married,<=50K.
27,Govt,Some-college,Never Married,<=50K.
22,Private,HS-grad,Never Married,<=50K.
68,Private,HS-grad,Never Married,<=50K.
55,Self,Some-college,Married,>50K.
22,Self,HS-grad,Never Married,<=50K.
25,Private,Some-college,Married,<=50K.
68,Self,HS-grad,Married,<=50K.
62,Private,Some-college,Widowed,<=50K.
26,Private,HS-grad,Divorced,<=50K.
34,Private,Masters,Married,>50K.
68,Private,Some-college,Widowed,<=50K.
42,Govt,Bachelors,Separated,>50K.
45,Private,Bachelors,Married,<=50K.
26,Private,11th,Never Married,<=50K.
25,Private,HS-grad,Married,<=50K.
23,Private,Bachelors,Never Married,<=50K.
29,Private,Some-college,Never Married,<=50K.
65,Unemp,7th-8th,Widowed,<=50K.
31,Private,HS-grad,Never Married,<=50K.
26,Private,HS-grad,Never Married,<=50K.
39,Private,Some-college,Married,>50K.
44,Private,HS-grad,Married,>50K.
45,Govt,Masters,Divorced,<=50K.
26,Self,Masters,Never Married,<=50K.
26,Private,10th,Married,<=50K.
36,Private,9th,Married,<=50K.
38,Private,11th,Married,<=50K.
39,Private,HS-grad,Never Married,<=50K.
52,Self,Prof-school,Married,<=50K.
39,Private,1st-4th,Married,<=50K.
41,Self,Some-college,Divorced,<=50K.
42,Govt,Masters,Married,>50K.
47,Private,Bachelors,Married,<=50K.
28,Govt,Assoc-voc,Married,<=50K.
25,Govt,Bachelors,Never Married,<=50K.
35,Private,Bachelors,Never Married,<=50K.
32,Private,HS-grad,Separated,<=50K.
38,Private,Masters,Married,>50K.
44,Private,Some-college,Married,>50K.
21,NA,Some-college,Never Married,<=50K.
27,Private,Bachelors,Never Married,<=50K.
30,Private,Bachelors,Never Married,>50K.
30,Private,Bachelors,Never Married,<=50K.
45,Private,HS-grad,Married,<=50K.
20,Private,HS-grad,Never Married,<=50K.
57,Private,Masters,Never Married,<=50K.
43,Private,Some-college,Divorced,<=50K.
50,NA,11th,Married,<=50K.
28,Private,7th-8th,Married,<=50K.
25,Private,HS-grad,Married,>50K.
25,Private,HS-grad,Married,<=50K.
90,Private,Bachelors,Married,<=50K.
38,Govt,Bachelors,Separated,<=50K.
35,Private,Bachelors,Married,<=50K.
50,Govt,Bachelors,Married,>50K.
26,Govt,HS-grad,Never Married,<=50K.
39,Private,Some-college,Married,<=50K.
56,Private,10th,Married,<=50K.
24,Govt,HS-grad,Divorced,<=50K.
46,Private,HS-grad,Married,>50K.
18,Govt,11th,Never Married,<=50K.
37,Private,Masters,Married,>50K.
57,Private,Masters,Divorced,<=50K.
43,Govt,HS-grad,Never Married,<=50K.
29,Govt,Bachelors,Married,<=50K.
40,Private,Masters,Married,>50K.
44,Self,Bachelors,Married,<=50K.
77,Govt,HS-grad,Married,<=50K.
30,Private,Bachelors,Never Married,<=50K.
21,Private,HS-grad,Married,<=50K.
66,Private,10th,Married,<=50K.
40,Private,11th,Never Married,<=50K.
68,Private,HS-grad,Married,<=50K.
64,Private,HS-grad,Widowed,<=50K.
26,Private,Bachelors,Never Married,<=50K.
32,Private,Some-college,Married,>50K.
32,Private,HS-grad,Never Married,<=50K.
51,Govt,Masters,Married,>50K.
50,Private,Masters,Married,>50K.
49,Private,Bachelors,Married,>50K.
28,Private,Bachelors,Never Married,<=50K.
29,Private,HS-grad,Divorced,<=50K.
21,Private,Some-college,Never Married,<=50K.
28,Private,HS-grad,Never Married,<=50K.
55,Private,10th,Married,<=50K.
45,Self,HS-grad,Married,>50K.
35,Private,Some-college,Never Married,<=50K.
31,NA,11th,Separated,<=50K.
26,Private,Masters,Never Married,>50K.
30,Private,HS-grad,Married,<=50K.
33,Private,HS-grad,Married,<=50K.
40,Private,Bachelors,Married,>50K.
23,Private,Bachelors,Never Married,<=50K.
35,Private,Some-college,Never Married,<=50K.
48,Self,11th,Married,>50K.
39,Govt,10th,Divorced,<=50K.
53,Govt,Prof-school,Divorced,<=50K.
49,Govt,HS-grad,Married,>50K.
31,Private,Bachelors,Never Married,<=50K.
36,Private,HS-grad,Married,>50K.
60,Self,Some-college,Married,>50K.
29,Private,HS-grad,Never Married,<=50K.
54,Self,Some-college,Married,>50K.
28,NA,Assoc-acdm,Married,<=50K.
34,Private,HS-grad,Married,<=50K.
30,Private,Some-college,Never Married,<=50K.
19,Private,HS-grad,Never Married,<=50K.
26,Private,HS-grad,Never Married,<=50K.
47,Private,Some-college,Never Married,>50K.
50,Private,HS-grad,Divorced,<=50K.
30,Private,Bachelors,Never Married,>50K.
44,Private,Some-college,Divorced,<=50K.
49,Private,HS-grad,Married,>50K.
75,Self,Masters,Married,<=50K.
37,Private,Bachelors,Married,>50K.
51,Govt,HS-grad,Divorced,<=50K.
35,Private,HS-grad,Never Married,<=50K.
28,Private,Some-college,Never Married,<=50K.
66,Self,HS-grad,Married,<=50K.
72,Private,9th,Married,>50K.
39,Private,Bachelors,Separated,<=50K.
27,Private,HS-grad,Never Married,<=50K.
57,Private,Some-college,Never Married,<=50K.
24,Private,7th-8th,Married,<=50K.
28,Private,HS-grad,Never Married,<=50K.
23,Private,Some-college,Married,<=50K.
31,Private,Bachelors,Never Married,<=50K.
23,Private,Some-college,Never Married,<=50K.
31,Private,Some-college,Never Married,<=50K.
27,Govt,Bachelors,Never Married,<=50K.
30,Private,Bachelors,Married,<=50K.
31,Private,Prof-school,Never Married,<=50K.
34,Private,Masters,Never Married,<=50K.
57,Govt,HS-grad,Never Married,<=50K.
39,Private,Masters,Married,>50K.
23,Private,11th,Never Married,<=50K.
24,Govt,Assoc-acdm,Married,<=50K.
36,Private,Doctorate,Never Married,<=50K.
32,Private,Some-college,Divorced,<=50K.
35,Private,Assoc-acdm,Divorced,<=50K.
36,Private,Bachelors,Married,<=50K.
23,NA,Bachelors,Never Married,<=50K.
47,Private,Assoc-voc,Married,>50K.
35,Private,HS-grad,Never Married,<=50K.
44,Govt,Some-college,Married,<=50K.
32,Govt,Masters,Married,<=50K.
32,Private,Assoc-acdm,Married,>50K.
63,Self,Some-college,Married,>50K.
34,Private,Assoc-voc,Married,<=50K.
47,Private,HS-grad,Married,<=50K.
27,Private,11th,Married,<=50K.
23,Private,HS-grad,Separated,<=50K.
19,NA,Some-college,Never Married,<=50K.
50,Private,10th,Married,<=50K.
49,Govt,Some-college,Married,<=50K.
36,Private,Some-college,Married,>50K.
23,Private,Bachelors,Never Married,<=50K.
61,Private,7th-8th,Widowed,<=50K.
41,Private,Some-college,Married,<=50K.
27,Self,Bachelors,Married,>50K.
53,Private,Bachelors,Divorced,<=50K.
17,Self,10th,Never Married,<=50K.
23,NA,HS-grad,Never Married,<=50K.
53,Private,Some-college,Never Married,<=50K.
28,Private,HS-grad,Married,>50K.
24,Private,Bachelors,Married,<=50K.
22,Private,Some-college,Never Married,<=50K.
53,Private,Bachelors,Married,>50K.
18,Private,11th,Never Married,<=50K.
24,Private,Some-college,Never Married,<=50K.
20,Private,HS-grad,Never Married,<=50K.
30,Govt,7th-8th,Married,<=50K.
37,Govt,Assoc-voc,Never Married,>50K.
34,Private,HS-grad,Married,<=50K.
19,Private,HS-grad,Never Married,<=50K.
20,Private,12th,Never Married,<=50K.
47,Private,HS-grad,Divorced,<=50K.
20,NA,Some-college,Never Married,<=50K.
22,Private,Bachelors,Never Married,<=50K.
42,Govt,Masters,Married,>50K.
60,Private,Some-college,Divorced,<=50K.
32,Private,HS-grad,Never Married,<=50K.
46,Private,HS-grad,Married,>50K.
66,Private,HS-grad,Widowed,<=50K.
37,Private,Bachelors,Married,>50K.
34,Private,Some-college,Divorced,<=50K.
45,Private,Bachelors,Never Married,<=50K.
35,Private,11th,Married,<=50K.
63,NA,HS-grad,Married,<=50K.
51,Govt,Some-college,Married,>50K.
36,Govt,Some-college,Married,>50K.
25,Govt,HS-grad,Never Married,<=50K.
51,Private,HS-grad,Divorced,<=50K.
25,Self,Some-college,Never Married,<=50K.
19,Private,HS-grad,Never Married,<=50K.
47,Private,Some-college,Married,<=50K.
59,Govt,HS-grad,Separated,<=50K.
34,Private,Bachelors,Married,>50K.
40,Private,Some-college,Separated,<=50K.
42,Private,HS-grad,Divorced,<=50K.
28,NA,HS-grad,Married,<=50K.
37,Private,Masters,Married,>50K.
51,Self,Assoc-acdm,Married,>50K.
25,Private,HS-grad,Never Married,<=50K.
31,Govt,HS-grad,Married,>50K.
37,Private,HS-grad,Married,>50K.
42,Private,Assoc-acdm,Married,>50K.
29,NA,Bachelors,Never Married,<=50K.
35,Private,Some-college,Divorced,<=50K.
51,Private,Bachelors,Married,>50K.
22,NA,Some-college,Never Married,<=50K.
49,Private,Some-college,Married,>50K.
26,Private,Bachelors,Never Married,<=50K.
56,Govt,HS-grad,Divorced,<=50K.
52,Private,Some-college,Married,>50K.
61,Self,Masters,Married,<=50K.
47,Govt,Bachelors,Divorced,>50K.
52,Private,Assoc-voc,Married,<=50K.
30,Private,HS-grad,Divorced,<=50K.
43,Self,Some-college,Married,>50K.
35,Private,Some-college,Married,<=50K.
17,NA,12th,Never Married,<=50K.
42,Private,HS-grad,Married,>50K.
26,Private,Some-college,Married,<=50K.
58,Govt,HS-grad,Married,<=50K.
66,Private,Some-college,Married,>50K.
30,Private,HS-grad,Married,>50K.
46,Private,Some-college,Separated,<=50K.
45,Private,Some-college,Married,>50K.
57,Private,HS-grad,Never Married,<=50K.
25,Private,Bachelors,Never Married,<=50K.
21,Govt,Some-college,Never Married,<=50K.
37,Private,HS-grad,Divorced,<=50K.
45,Govt,Masters,Divorced,<=50K.
61,NA,Doctorate,Widowed,<=50K.
39,Private,HS-grad,Never Married,<=50K.
42,Private,HS-grad,Married,<=50K.
20,Private,HS-grad,Never Married,<=50K.
23,Private,HS-grad,Never Married,<=50K.
25,Private,Bachelors,Never Married,<=50K.
47,Private,5th-6th,Never Married,<=50K.
24,Private,HS-grad,Never Married,<=50K.
20,NA,Some-college,Never Married,<=50K.
35,Private,HS-grad,Never Married,<=50K.
44,Govt,HS-grad,Married,>50K.
47,Govt,Some-college,Married,<=50K.
28,Govt,11th,Separated,<=50K.
41,Govt,Masters,Divorced,<=50K.
31,Private,HS-grad,Never Married,<=50K.
27,Private,Masters,Never Married,<=50K.
47,Private,Assoc-voc,Married,<=50K.
44,Private,HS-grad,Never Married,<=50K.
61,Private,Some-college,Never Married,<=50K.
42,Govt,Some-college,Divorced,<=50K.
46,Private,HS-grad,Never Married,<=50K.
46,Private,Bachelors,Married,>50K.
54,Govt,Masters,Widowed,<=50K.
49,Private,HS-grad,Widowed,<=50K.
56,Govt,Some-college,Widowed,<=50K.
52,Private,Masters,Divorced,<=50K.
34,Private,HS-grad,Married,<=50K.
25,Self,HS-grad,Married,<=50K.
18,Private,11th,Never Married,<=50K.
58,Private,HS-grad,Married,<=50K.
31,Govt,Bachelors,Divorced,<=50K.
29,Private,Some-college,Married,<=50K.
28,Private,11th,Never Married,<=50K.
30,Private,Some-college,Never Married,<=50K.
21,NA,Some-college,Never Married,<=50K.
44,Private,Masters,Married,>50K.
75,Private,10th,Widowed,<=50K.
66,NA,11th,Married,<=50K.
26,Private,Some-college,Married,<=50K.
33,Self,Bachelors,Married,>50K.
57,Self,Masters,Married,>50K.
47,Self,5th-6th,Married,>50K.
41,Private,HS-grad,Married,>50K.
21,Private,Some-college,Never Married,<=50K.
17,Private,11th,Never Married,<=50K.
61,NA,Bachelors,Married,<=50K.
47,NA,HS-grad,Married,>50K.
22,Private,Some-college,Never Married,<=50K.
47,Private,HS-grad,Married,<=50K.
45,Private,Bachelors,Married,>50K.
32,Self,Assoc-voc,Divorced,<=50K.
59,Private,10th,Separated,<=50K.
38,Private,HS-grad,Married,<=50K.
33,Private,HS-grad,Separated,<=50K.
41,Private,HS-grad,Married,<=50K.
51,Private,9th,Married,<=50K.
42,Private,HS-grad,Married,<=50K.
27,Private,Bachelors,Married,>50K.
60,Private,Some-college,Married,<=50K.
64,Govt,HS-grad,Divorced,<=50K.
37,Private,Assoc-acdm,Married,>50K.
54,Self,Bachelors,Married,>50K.
36,Private,Assoc-acdm,Married,>50K.
34,Private,Bachelors,Married,>50K.
41,Self,Masters,Divorced,>50K.
35,Self,7th-8th,Married,<=50K.
63,Self,Masters,Married,>50K.
46,Private,HS-grad,Divorced,<=50K.
47,Self,Masters,Divorced,<=50K.
24,Private,Bachelors,Never Married,<=50K.
29,Private,Some-college,Never Married,<=50K.
74,Govt,Some-college,Widowed,<=50K.
50,Private,11th,Married,>50K.
22,Private,Some-college,Never Married,<=50K.
48,Private,12th,Separated,<=50K.
30,Private,9th,Married,<=50K.
32,Private,Bachelors,Married,<=50K.
39,Private,HS-grad,Married,<=50K.
49,Private,Some-college,Married,>50K.
25,Private,Bachelors,Never Married,<=50K.
50,Private,Bachelors,Married,>50K.
44,Private,HS-grad,Married,<=50K.
65,Private,Assoc-voc,Married,<=50K.
28,Govt,Assoc-acdm,Married,<=50K.
55,Private,Bachelors,Widowed,<=50K.
49,Govt,Bachelors,Never Married,<=50K.
31,Private,HS-grad,Separated,<=50K.
47,Private,HS-grad,Married,>50K.
45,Private,HS-grad,Married,>50K.
35,Private,HS-grad,Never Married,<=50K.
34,Self,Bachelors,Married,<=50K.
49,Govt,HS-grad,Widowed,<=50K.
39,NA,Some-college,Divorced,<=50K.
27,Private,HS-grad,Never Married,<=50K.
42,Private,HS-grad,Married,<=50K.
60,NA,5th-6th,Married,>50K.
64,Self,HS-grad,Never Married,<=50K.
33,Private,Some-college,Married,>50K.
23,Private,Some-college,Never Married,<=50K.
45,Private,Masters,Married,>50K.
34,Private,HS-grad,Never Married,<=50K.
53,Private,HS-grad,Divorced,<=50K.
22,Private,10th,Never Married,<=50K.
57,Govt,HS-grad,Separated,<=50K.
20,NA,Some-college,Never Married,<=50K.
23,Private,7th-8th,Never Married,<=50K.
31,Private,11th,Never Married,<=50K.
23,Govt,Bachelors,Never Married,<=50K.
30,Private,HS-grad,Separated,<=50K.
32,Govt,Bachelors,Separated,>50K.
42,Private,Assoc-acdm,Married,>50K.
51,Private,7th-8th,Married,<=50K.
59,Self,Bachelors,Married,>50K.
36,Private,Bachelors,Never Married,<=50K.
45,Private,HS-grad,Never Married,<=50K.
35,Private,Assoc-voc,Married,>50K.
33,Private,7th-8th,Married,<=50K.
43,Private,Assoc-voc,Divorced,<=50K.
60,Private,HS-grad,Married,>50K.
37,Govt,Bachelors,Married,>50K.
35,Private,Some-college,Never Married,<=50K.
36,Private,Some-college,Married,<=50K.
38,Govt,Prof-school,Married,>50K.
54,Private,7th-8th,Married,<=50K.
51,Private,Assoc-voc,Married,>50K.
45,Private,Assoc-acdm,Married,>50K.
63,Govt,Some-college,Divorced,<=50K.
51,Private,Some-college,Married,>50K.
58,Self,Masters,Divorced,<=50K.
64,Govt,HS-grad,Divorced,<=50K.
20,Private,Some-college,Never Married,<=50K.
44,Govt,Bachelors,Married,>50K.
39,Private,Bachelors,Divorced,<=50K.
45,Govt,Some-college,Never Married,<=50K.
44,Private,Doctorate,Married,>50K.
22,Govt,Some-college,Never Married,<=50K.
63,Self,HS-grad,Married,>50K.
26,Private,Assoc-voc,Separated,<=50K.
42,Self,Bachelors,Married,<=50K.
20,Private,HS-grad,Never Married,<=50K.
29,Private,Masters,Married,>50K.
38,Govt,Bachelors,Never Married,<=50K.
25,Private,HS-grad,Never Married,<=50K.
27,Private,Bachelors,Married,<=50K.
46,Private,Assoc-voc,Divorced,<=50K.
31,Private,Some-college,Divorced,<=50K.
24,Private,Assoc-voc,Never Married,<=50K.
43,Private,Some-college,Married,>50K.
23,Private,12th,Never Married,<=50K.
32,Govt,HS-grad,Never Married,<=50K.
44,Private,HS-grad,Married,<=50K.
40,Self,Bachelors,Married,<=50K.
38,Private,HS-grad,Divorced,<=50K.
23,Private,Assoc-voc,Never Married,<=50K.
19,Private,Some-college,Never Married,<=50K.
41,Private,Some-college,Married,<=50K.
48,Private,HS-grad,Married,<=50K.
23,Private,Some-college,Married,<=50K.
47,Private,Assoc-acdm,Widowed,<=50K.
42,Private,HS-grad,Married,<=50K.
17,Private,10th,Never Married,<=50K.
29,Govt,Prof-school,Never Married,<=50K.
21,Govt,Some-college,Never Married,<=50K.
18,NA,11th,Never Married,<=50K.
31,Private,HS-grad,Married,>50K.
27,Govt,Bachelors,Never Married,<=50K.
29,Private,Doctorate,Never Married,<=50K.
23,Private,Bachelors,Never Married,<=50K.
41,Private,Masters,Married,>50K.
46,Govt,Bachelors,Married,>50K.
34,Private,Some-college,Married,<=50K.
42,Self,HS-grad,Married,<=50K.
18,Private,HS-grad,Never Married,<=50K.
46,Private,HS-grad,Divorced,<=50K.
18,NA,11th,Never Married,<=50K.
52,Private,Some-college,Married,>50K.
56,Private,HS-grad,Divorced,<=50K.
21,Private,Assoc-voc,Never Married,<=50K.
22,Self,HS-grad,Never Married,<=50K.
31,Private,Bachelors,Divorced,<=50K.
41,Self,HS-grad,Married,<=50K.
25,Private,Some-college,Separated,<=50K.
43,Self,Bachelors,Divorced,<=50K.
45,Private,HS-grad,Separated,<=50K.
26,Private,Some-college,Divorced,<=50K.
90,Private,Some-college,Never Married,<=50K.
45,Private,Bachelors,Married,>50K.
30,Private,Bachelors,Married,>50K.
42,Private,Some-college,Married,<=50K.
20,Private,Some-college,Never Married,<=50K.
53,Private,Bachelors,Married,>50K.
64,Govt,HS-grad,Widowed,<=50K.
56,Private,7th-8th,Widowed,<=50K.
42,Private,Some-college,Married,>50K.
26,Private,Bachelors,Married,>50K.
31,Govt,Assoc-acdm,Never Married,<=50K.
40,Private,Bachelors,Married,<=50K.
58,Private,Some-college,Widowed,<=50K.
41,Private,Bachelors,Married,<=50K.
58,Self,HS-grad,Never Married,<=50K.
62,Govt,Masters,Married,>50K.
65,Self,Bachelors,Married,>50K.
40,Private,Some-college,Never Married,<=50K.
45,Govt,Some-college,Married,>50K.
22,Private,HS-grad,Never Married,<=50K.
23,NA,Some-college,Never Married,<=50K.
63,Govt,Masters,Married,>50K.
39,Private,Bachelors,Married,>50K.
37,Private,Some-college,Widowed,<=50K.
25,NA,Bachelors,Married,<=50K.
56,Private,11th,Married,<=50K.
32,Private,Some-college,Divorced,<=50K.
53,Govt,Some-college,Married,>50K.
32,Private,Assoc-voc,Divorced,<=50K.
23,Self,11th,Married,>50K.
35,Private,11th,Separated,<=50K.
51,Private,Some-college,Married,>50K.
19,Private,Some-college,Never Married,<=50K.
41,Private,11th,Married,<=50K.
22,Private,10th,Never Married,<=50K.
23,Private,HS-grad,Never Married,<=50K.
36,Private,Masters,Married,>50K.
27,NA,Some-college,Divorced,<=50K.
45,Private,Assoc-voc,Married,<=50K.
23,Self,HS-grad,Never Married,<=50K.
21,Private,11th,Never Married,<=50K.
44,Private,Masters,Married,>50K.
29,Private,Bachelors,Married,>50K.
36,Self,Assoc-voc,Married,<=50K.
18,Private,9th,Never Married,<=50K.
62,Self,12th,Married,>50K.
25,Govt,Some-college,Never Married,<=50K.
34,Private,Assoc-acdm,Divorced,<=50K.
31,Private,Bachelors,Never Married,>50K.
37,Private,Bachelors,Married,>50K.
33,Private,Bachelors,Married,<=50K.
22,NA,Some-college,Never Married,<=50K.
28,Private,Assoc-acdm,Married,<=50K.
22,NA,Some-college,Separated,<=50K.
47,Private,HS-grad,Married,>50K.
67,NA,11th,Married,<=50K.
20,NA,10th,Never Married,<=50K.
34,Private,Bachelors,Married,<=50K.
26,Private,Prof-school,Married,>50K.
36,Private,Some-college,Married,>50K.
28,Private,HS-grad,Never Married,<=50K.
22,Private,HS-grad,Never Married,<=50K.
47,Private,Some-college,Separated,<=50K.
33,Private,Assoc-voc,Never Married,<=50K.
34,Self,Masters,Separated,>50K.
25,Private,HS-grad,Never Married,<=50K.
37,Private,9th,Married,<=50K.
36,Govt,HS-grad,Married,<=50K.
61,Govt,Bachelors,Separated,<=50K.
74,NA,9th,Married,<=50K.
57,Private,Some-college,Married,<=50K.
55,Private,Doctorate,Never Married,<=50K.
20,Private,HS-grad,Divorced,<=50K.
43,Private,HS-grad,Never Married,<=50K.
54,Private,HS-grad,Married,>50K.
25,Private,Some-college,Separated,<=50K.
42,Private,Some-college,Divorced,<=50K.
23,NA,Some-college,Never Married,<=50K.
17,Private,11th,Never Married,<=50K.
39,NA,HS-grad,Never Married,<=50K.
63,Private,7th-8th,Married,<=50K.
19,Private,Some-college,Never Married,<=50K.
56,Self,Bachelors,Married,>50K.
33,Self,Bachelors,Married,>50K.
37,Private,Bachelors,Married,<=50K.
27,Private,7th-8th,Married,<=50K.
36,Govt,Bachelors,Married,<=50K.
30,Self,HS-grad,Married,>50K.
22,Private,Bachelors,Never Married,<=50K.
35,Private,Some-college,Married,<=50K.
20,Private,HS-grad,Never Married,<=50K.
18,Private,Some-college,Never Married,<=50K.
25,Private,12th,Never Married,<=50K.
53,Private,Masters,Never Married,>50K.
21,NA,Some-college,Never Married,<=50K.
19,Private,HS-grad,Never Married,<=50K.
34,Private,HS-grad,Divorced,<=50K.
32,Govt,Some-college,Never Married,<=50K.
20,Private,Some-college,Never Married,<=50K.
70,Private,7th-8th,Married,<=50K.
57,Private,Bachelors,Married,>50K.
54,Private,Some-college,Married,<=50K.
34,Private,Assoc-voc,Married,<=50K.
48,Private,Some-college,Married,>50K.
42,Private,11th,Married,<=50K.
45,Private,HS-grad,Never Married,<=50K.
27,Private,Some-college,Never Married,<=50K.
51,Private,10th,Married,<=50K.
36,Govt,Some-college,Divorced,<=50K.
33,Private,Some-college,Never Married,<=50K.
50,Private,Some-college,Never Married,<=50K.
44,Private,Bachelors,Divorced,>50K.
39,Govt,Masters,Married,>50K.
55,Self,9th,Married,<=50K.
24,Private,Some-college,Never Married,<=50K.
35,Private,HS-grad,Never Married,<=50K.
32,Self,12th,Married,<=50K.
66,NA,Bachelors,Married,>50K.
68,Private,HS-grad,Widowed,<=50K.
29,Private,11th,Married,<=50K.
24,Self,Bachelors,Never Married,<=50K.
61,Private,9th,Married,<=50K.
34,Private,HS-grad,Married,>50K.
55,Self,Prof-school,Married,>50K.
20,NA,Some-college,Never Married,<=50K.
41,Private,HS-grad,Never Married,<=50K.
36,Self,HS-grad,Married,<=50K.
60,Private,HS-grad,Married,>50K.
61,Self,HS-grad,Married,>50K.
35,Private,Prof-school,Married,<=50K.
42,Govt,Bachelors,Married,>50K.
26,Private,Bachelors,Never Married,<=50K.
44,Govt,Some-college,Never Married,<=50K.
31,Govt,Masters,Never Married,<=50K.
39,Govt,HS-grad,Never Married,<=50K.
20,Private,Some-college,Never Married,<=50K.
32,Self,Some-college,Married,<=50K.
32,Self,HS-grad,Married,<=50K.
61,Private,9th,Married,<=50K.
54,Govt,Some-college,Divorced,<=50K.
23,Private,Assoc-acdm,Never Married,<=50K.
19,Private,HS-grad,Never Married,<=50K.
31,Private,Some-college,Married,<=50K.
35,Private,5th-6th,Married,<=50K.
29,Private,HS-grad,Divorced,<=50K.
29,Govt,HS-grad,Never Married,<=50K.
25,Private,10th,Separated,<=50K.
46,Private,Bachelors,Divorced,<=50K.
35,Private,Assoc-voc,Never Married,<=50K.
20,Private,10th,Never Married,<=50K.
24,Self,HS-grad,Married,<=50K.
48,Private,HS-grad,Divorced,<=50K.
37,Private,HS-grad,Divorced,<=50K.
60,Self,HS-grad,Married,<=50K.
39,Private,HS-grad,Married,<=50K.
29,Govt,Some-college,Separated,<=50K.
31,Self,Assoc-voc,Divorced,<=50K.
38,Private,Assoc-voc,Married,>50K.
26,Self,Assoc-acdm,Never Married,<=50K.
64,Private,Bachelors,Married,>50K.
46,Private,Assoc-voc,Divorced,<=50K.
69,NA,HS-grad,Married,<=50K.
39,Private,HS-grad,Married,>50K.
48,Private,HS-grad,Divorced,<=50K.
46,Private,HS-grad,Divorced,<=50K.
42,Private,Bachelors,Divorced,<=50K.
39,Self,HS-grad,Married,>50K.
50,Govt,Masters,Married,>50K.
24,Private,Bachelors,Never Married,<=50K.
30,Private,Assoc-voc,Married,>50K.
39,Self,Bachelors,Married,>50K.
29,Self,HS-grad,Married,<=50K.
23,Private,11th,Never Married,<=50K.
21,NA,Assoc-voc,Never Married,<=50K.
32,Private,10th,Separated,<=50K.
69,Self,Bachelors,Married,<=50K.
55,Private,HS-grad,Separated,<=50K.
41,Private,Some-college,Married,<=50K.
44,Self,Bachelors,Married,>50K.
18,Private,11th,Never Married,<=50K.
74,Self,Bachelors,Married,<=50K.
40,Private,Doctorate,Married,>50K.
27,Private,HS-grad,Married,<=50K.
75,NA,9th,Married,<=50K.
55,Private,HS-grad,Divorced,<=50K.
52,Self,7th-8th,Married,<=50K.
54,Private,Some-college,Divorced,<=50K.
36,Private,HS-grad,Divorced,<=50K.
76,NA,Some-college,Married,<=50K.
26,Private,HS-grad,Never Married,<=50K.
18,Private,11th,Never Married,<=50K.
38,Private,HS-grad,Divorced,<=50K.
50,Private,Bachelors,Married,>50K.
19,NA,Some-college,Never Married,<=50K.
32,Private,Some-college,Married,>50K.
57,Private,Bachelors,Married,>50K.
20,Private,HS-grad,Never Married,<=50K.
27,Private,Some-college,Never Married,<=50K.
31,Self,Bachelors,Married,<=50K.
60,Private,5th-6th,Divorced,<=50K.
52,Private,HS-grad,Divorced,<=50K.
61,Private,7th-8th,Married,<=50K.
57,Self,HS-grad,Widowed,>50K.
19,NA,Some-college,Never Married,<=50K.
59,Self,Prof-school,Married,<=50K.
34,Self,HS-grad,Never Married,>50K.
31,Private,Assoc-acdm,Married,>50K.
42,Private,HS-grad,Divorced,<=50K.
70,Private,Some-college,Never Married,<=50K.
47,Private,Bachelors,Married,>50K.
47,NA,HS-grad,Married,<=50K.
29,Private,Some-college,Married,>50K.
27,Private,11th,Never Married,<=50K.
25,Private,12th,Married,<=50K.
51,Private,Bachelors,Married,>50K.
28,Private,HS-grad,Never Married,<=50K.
35,Private,Bachelors,Married,<=50K.
36,Self,Some-college,Married,>50K.
54,NA,Masters,Never Married,<=50K.
46,Private,Assoc-voc,Married,<=50K.
52,Private,Assoc-voc,Separated,<=50K.
65,Private,7th-8th,Married,<=50K.
43,Private,Assoc-voc,Divorced,<=50K.
41,Govt,HS-grad,Divorced,<=50K.
34,Private,Bachelors,Never Married,<=50K.
47,Self,Bachelors,Married,<=50K.
49,Govt,Masters,Never Married,>50K.
21,Private,Some-college,Never Married,<=50K.
20,Private,Some-college,Never Married,<=50K.
18,Govt,12th,Never Married,<=50K.
27,Private,Some-college,Never Married,<=50K.
34,Self,HS-grad,Married,<=50K.
38,Private,Some-college,Divorced,<=50K.
24,Private,HS-grad,Never Married,<=50K.
34,Private,Some-college,Never Married,<=50K.
47,Private,HS-grad,Married,>50K.
27,Govt,HS-grad,Separated,<=50K.
63,Private,Assoc-voc,Widowed,<=50K.
34,Private,Some-college,Married,>50K.
25,Private,Some-college,Married,<=50K.
54,Private,HS-grad,Widowed,<=50K.
19,NA,Some-college,Never Married,<=50K.
35,Private,HS-grad,Divorced,<=50K.
24,Private,Some-college,Married,>50K.
26,Private,Some-college,Never Married,<=50K.
59,Govt,Assoc-voc,Divorced,<=50K.
43,Private,Doctorate,Married,<=50K.
20,Private,Some-college,Never Married,<=50K.
41,Private,HS-grad,Married,<=50K.
51,Private,Some-college,Married,<=50K.
27,Private,HS-grad,Never Married,<=50K.
36,Private,HS-grad,Married,<=50K.
25,Private,Some-college,Never Married,<=50K.
55,Private,Bachelors,Married,>50K.
22,Govt,Some-college,Never Married,<=50K.
58,Govt,Doctorate,Married,<=50K.
43,Private,Some-college,Married,<=50K.
39,Private,Assoc-voc,Married,>50K.
40,Private,9th,Never Married,<=50K.
46,Private,HS-grad,Divorced,<=50K.
54,Govt,HS-grad,Never Married,<=50K.
19,Private,Some-college,Never Married,<=50K.
24,Private,HS-grad,Married,<=50K.
53,NA,HS-grad,Married,<=50K.
24,Govt,Masters,Never Married,<=50K.
29,Self,HS-grad,Never Married,<=50K.
56,Self,Some-college,Married,>50K.
54,NA,HS-grad,Married,>50K.
21,NA,Some-college,Never Married,<=50K.
34,Private,9th,Separated,<=50K.
56,Private,11th,Divorced,<=50K.
34,Private,Bachelors,Married,>50K.
19,Private,10th,Never Married,<=50K.
32,Self,HS-grad,Married,>50K.
48,Private,HS-grad,Divorced,<=50K.
67,NA,Masters,Married,>50K.
47,Private,HS-grad,Married,<=50K.
52,Private,HS-grad,Married,>50K.
40,Private,1st-4th,Married,<=50K.
28,Private,10th,Married,<=50K.
41,Private,Bachelors,Married,>50K.
57,Private,1st-4th,Divorced,<=50K.
51,Private,HS-grad,Divorced,<=50K.
26,NA,11th,Never Married,<=50K.
36,Private,Bachelors,Married,<=50K.
33,Private,Some-college,Married,>50K.
46,Private,Bachelors,Married,>50K.
50,Private,HS-grad,Divorced,<=50K.
33,Private,Some-college,Married,<=50K.
77,Self,HS-grad,Never Married,<=50K.
39,Private,Masters,Never Married,>50K.
67,NA,HS-grad,Widowed,<=50K.
35,Private,Assoc-acdm,Divorced,<=50K.
23,Private,10th,Never Married,<=50K.
37,Private,Assoc-voc,Divorced,>50K.
41,Private,HS-grad,Married,>50K.
60,Private,Assoc-acdm,Married,>50K.
32,Private,Bachelors,Never Married,<=50K.
56,Govt,HS-grad,Married,<=50K.
45,Govt,Assoc-voc,Divorced,<=50K.
24,Private,HS-grad,Divorced,>50K.
18,Private,10th,Never Married,<=50K.
31,Private,HS-grad,Married,<=50K.
21,NA,Some-college,Never Married,<=50K.
45,Private,Bachelors,Married,>50K.
23,Private,Some-college,Never Married,<=50K.
45,Govt,Some-college,Married,<=50K.
18,Private,11th,Never Married,<=50K.
25,Private,HS-grad,Married,<=50K.
31,Govt,HS-grad,Married,<=50K.
19,Private,HS-grad,Never Married,<=50K.
41,Private,Bachelors,Married,>50K.
74,Private,Prof-school,Widowed,<=50K.
27,Private,5th-6th,Never Married,<=50K.
23,Private,HS-grad,Never Married,<=50K.
31,Private,Assoc-voc,Married,>50K.
40,Self,HS-grad,Married,<=50K.
41,Govt,HS-grad,Married,>50K.
25,Private,Masters,Never Married,<=50K.
42,Private,HS-grad,Married,<=50K.
24,Private,Bachelors,Never Married,<=50K.
42,Private,Assoc-acdm,Married,>50K.
45,Self,10th,Married,<=50K.
52,Govt,HS-grad,Married,>50K.
34,Private,Assoc-voc,Divorced,<=50K.
32,Private,HS-grad,Never Married,<=50K.
54,Private,HS-grad,Married,<=50K.
42,Govt,11th,Never Married,<=50K.
32,Private,Bachelors,Married,>50K.
40,NA,Some-college,Married,<=50K.
55,Self,Bachelors,Married,>50K.
66,NA,11th,Never Married,<=50K.
52,Govt,Masters,Married,<=50K.
21,Govt,Some-college,Never Married,<=50K.
33,Private,Bachelors,Married,>50K.
52,NA,Assoc-voc,Married,>50K.
28,Private,5th-6th,Never Married,<=50K.
27,Self,11th,Married,<=50K.
42,Govt,Bachelors,Divorced,<=50K.
27,Self,Some-college,Never Married,<=50K.
47,Private,Assoc-voc,Married,>50K.
19,Private,HS-grad,Never Married,<=50K.
46,Private,Some-college,Married,<=50K.
55,Self,HS-grad,Widowed,<=50K.
50,Private,7th-8th,Married,<=50K.
32,Private,Some-college,Never Married,<=50K.
28,Private,HS-grad,Married,<=50K.
23,Private,HS-grad,Never Married,<=50K.
43,Private,Masters,Married,<=50K.
34,Private,Bachelors,Married,>50K.
19,Private,Some-college,Never Married,<=50K.
37,Private,Some-college,Married,<=50K.
27,Private,Bachelors,Never Married,<=50K.
18,Private,HS-grad,Never Married,<=50K.
31,Private,Some-college,Widowed,<=50K.
49,Private,HS-grad,Married,<=50K.
26,Govt,Prof-school,Married,<=50K.
48,Private,HS-grad,Married,>50K.
39,Private,HS-grad,Married,<=50K.
41,Private,HS-grad,Separated,<=50K.
48,Govt,Assoc-voc,Divorced,>50K.
40,Private,Bachelors,Divorced,>50K.
70,Private,Bachelors,Married,>50K.
20,Private,HS-grad,Never Married,<=50K.
38,Private,5th-6th,Married,<=50K.
37,Self,Some-college,Separated,<=50K.
49,Private,Some-college,Widowed,>50K.
51,Private,HS-grad,Married,>50K.
43,Private,1st-4th,Never Married,<=50K.
38,Private,Prof-school,Never Married,<=50K.
18,NA,11th,Never Married,<=50K.
23,Private,7th-8th,Never Married,<=50K.
34,Private,HS-grad,Married,<=50K.
62,NA,Some-college,Married,<=50K.
33,Private,Some-college,Never Married,<=50K.
31,Private,Some-college,Never Married,<=50K.
64,Private,Some-college,Widowed,<=50K.
26,Govt,Bachelors,Married,<=50K.
55,Private,Some-college,Married,<=50K.
61,Govt,Bachelors,Married,<=50K.
37,Private,HS-grad,Married,>50K.
78,Govt,Bachelors,Married,<=50K.
27,Govt,Some-college,Never Married,<=50K.
49,Private,HS-grad,Divorced,<=50K.
55,Govt,Masters,Married,>50K.
42,Private,Bachelors,Married,<=50K.
22,NA,HS-grad,Never Married,<=50K.
61,Private,9th,Married,<=50K.
64,Self,Bachelors,Married,<=50K.
46,Govt,HS-grad,Married,<=50K.
24,Private,Bachelors,Never Married,<=50K.
27,Private,Some-college,Married,<=50K.
47,Private,HS-grad,Married,>50K.
18,Private,Some-college,Divorced,<=50K.
48,Private,HS-grad,Married,<=50K.
50,Self,HS-grad,Divorced,<=50K.
40,Govt,Masters,Divorced,<=50K.
56,Self,10th,Divorced,<=50K.
34,Private,HS-grad,Never Married,<=50K.
56,Govt,Bachelors,Married,<=50K.
18,Private,11th,Never Married,<=50K.
21,Private,Some-college,Never Married,<=50K.
40,Private,HS-grad,Divorced,<=50K.
27,Govt,HS-grad,Married,<=50K.
52,Self,Prof-school,Married,>50K.
46,Private,HS-grad,Divorced,<=50K.
23,Private,HS-grad,Never Married,<=50K.
50,Private,Some-college,Married,>50K.
19,Private,Some-college,Never Married,<=50K.
20,Private,HS-grad,Never Married,<=50K.
39,Private,Some-college,Divorced,>50K.
24,Private,11th,Never Married,<=50K.
72,Private,Assoc-voc,Widowed,<=50K.
42,Govt,Masters,Married,>50K.
42,Private,Bachelors,Divorced,<=50K.
51,Private,Bachelors,Divorced,<=50K.
39,Private,HS-grad,Married,>50K.
40,Govt,Some-college,Never Married,<=50K.
34,Private,Some-college,Married,>50K.
19,Private,11th,Never Married,<=50K.
26,Private,HS-grad,Never Married,<=50K.
45,Govt,Bachelors,Divorced,>50K.
28,Private,Masters,Never Married,>50K.
30,Govt,Bachelors,Never Married,>50K.
32,Private,HS-grad,Never Married,<=50K.
19,Private,Some-college,Never Married,<=50K.
21,Private,HS-grad,Never Married,<=50K.
54,Private,HS-grad,Married,<=50K.
62,Private,Prof-school,Married,>50K.
25,Private,Some-college,Never Married,<=50K.
49,Self,Some-college,Divorced,<=50K.
32,Private,HS-grad,Married,>50K.
26,Private,Some-college,Never Married,<=50K.
37,Govt,HS-grad,Married,>50K.
58,Private,HS-grad,Divorced,<=50K.
37,Private,Some-college,Married,>50K.
41,Private,HS-grad,Never Married,<=50K.
38,Private,Bachelors,Married,>50K.
47,Govt,HS-grad,Married,<=50K.
42,Private,HS-grad,Divorced,<=50K.
30,Govt,HS-grad,Married,<=50K.
43,Private,Some-college,Married,>50K.
34,Private,HS-grad,Married,<=50K.
57,Private,Some-college,Divorced,<=50K.
46,Private,11th,Married,<=50K.
32,Private,Some-college,Married,<=50K.
20,Private,9th,Never Married,<=50K.
47,Private,Assoc-voc,Divorced,<=50K.
55,NA,HS-grad,Divorced,<=50K.
53,Self,7th-8th,Married,>50K.
43,Private,Bachelors,Married,>50K.
80,Self,7th-8th,Married,<=50K.
24,Private,Some-college,Never Married,<=50K.
43,Govt,Masters,Married,>50K.
22,Private,HS-grad,Never Married,<=50K.
40,Private,Some-college,Separated,<=50K.
48,Private,HS-grad,Married,>50K.
56,NA,HS-grad,Married,<=50K.
34,NA,11th,Divorced,<=50K.
51,Private,HS-grad,Married,>50K.
24,Govt,HS-grad,Never Married,<=50K.
19,Private,HS-grad,Never Married,<=50K.
34,Private,Some-college,Divorced,<=50K.
24,Private,HS-grad,Never Married,<=50K.
41,Private,Bachelors,Married,>50K.
24,Private,HS-grad,Divorced,<=50K.
22,Govt,Some-college,Never Married,<=50K.
32,Govt,Some-college,Divorced,<=50K.
41,Private,Bachelors,Divorced,<=50K.
20,Private,Some-college,Never Married,<=50K.
31,Private,HS-grad,Never Married,<=50K.
55,Private,Bachelors,Married,>50K.
49,Govt,Doctorate,Married,>50K.
26,Private,Bachelors,Never Married,<=50K.
27,Self,HS-grad,Divorced,<=50K.
35,Private,HS-grad,Separated,<=50K.
40,Private,HS-grad,Divorced,<=50K.
59,Private,Some-college,Married,<=50K.
61,Private,Some-college,Married,>50K.
31,Private,HS-grad,Never Married,<=50K.
43,Govt,Masters,Divorced,>50K.
61,Private,5th-6th,Never Married,<=50K.
54,Private,Assoc-acdm,Widowed,<=50K.
30,Private,Some-college,Married,<=50K.
20,Private,Some-college,Never Married,<=50K.
27,Govt,Masters,Never Married,<=50K.
44,Self,Some-college,Divorced,<=50K.
64,Private,Some-college,Widowed,<=50K.
55,Private,HS-grad,Divorced,<=50K.
34,Private,HS-grad,Divorced,<=50K.
61,Private,HS-grad,Widowed,<=50K.
28,Private,Bachelors,Married,<=50K.
34,Private,HS-grad,Divorced,<=50K.
47,Self,Prof-school,Married,>50K.
26,Private,Bachelors,Never Married,<=50K.
35,Private,11th,Never Married,<=50K.
36,Private,Bachelors,Married,<=50K.
47,Private,Bachelors,Married,>50K.
17,Private,11th,Never Married,<=50K.
35,Private,Some-college,Married,<=50K.
33,Private,Masters,Never Married,<=50K.
25,Private,Assoc-acdm,Married,<=50K.
18,Private,10th,Never Married,<=50K.
47,Govt,Masters,Separated,<=50K.
44,Private,HS-grad,Widowed,<=50K.
41,Private,HS-grad,Divorced,<=50K.
30,Private,Bachelors,Never Married,<=50K.
53,Self,Some-college,Married,<=50K.
53,Private,HS-grad,Widowed,<=50K.
40,Private,HS-grad,Married,<=50K.
24,Private,Some-college,Never Married,<=50K.
27,Private,Bachelors,Never Married,<=50K.
50,Private,5th-6th,Married,<=50K.
36,Private,11th,Married,<=50K.
41,Private,1st-4th,Married,>50K.
41,Private,Masters,Never Married,<=50K.
31,Private,HS-grad,Never Married,<=50K.
32,Govt,Bachelors,Married,<=50K.
22,Private,Some-college,Never Married,<=50K.
22,Private,10th,Divorced,<=50K.
18,Govt,12th,Never Married,<=50K.
39,Private,Bachelors,Married,<=50K.
38,Private,HS-grad,Married,<=50K.
35,Govt,HS-grad,Married,<=50K.
23,Private,Some-college,Never Married,<=50K.
54,Self,Bachelors,Married,>50K.
36,Private,Masters,Married,>50K.
63,Govt,HS-grad,Married,<=50K.
39,Private,Some-college,Married,<=50K.
57,Self,Some-college,Married,>50K.
58,Self,Prof-school,Married,>50K.
29,Private,Bachelors,Never Married,<=50K.
17,Private,11th,Never Married,<=50K.
40,Private,HS-grad,Divorced,<=50K.
69,Self,Some-college,Married,<=50K.
28,Private,10th,Divorced,<=50K.
38,Private,9th,Married,<=50K.
44,Private,Prof-school,Never Married,>50K.
45,Govt,Prof-school,Divorced,<=50K.
33,Govt,Bachelors,Married,<=50K.
41,Govt,Some-college,Married,>50K.
37,Self,HS-grad,Married,>50K.
50,Private,Some-college,Married,>50K.
48,Private,Bachelors,Married,<=50K.
26,NA,HS-grad,Never Married,<=50K.
36,Private,Some-college,Married,>50K.
21,Private,Some-college,Never Married,<=50K.
37,Private,Assoc-acdm,Married,<=50K.
20,Govt,Some-college,Never Married,<=50K.
54,Self,HS-grad,Married,<=50K.
28,Private,HS-grad,Separated,<=50K.
27,Private,Some-college,Never Married,<=50K.
33,Private,Assoc-voc,Never Married,<=50K.
46,NA,HS-grad,Married,<=50K.
28,NA,11th,Divorced,<=50K.
17,NA,10th,Never Married,<=50K.
40,Self,Prof-school,Never Married,>50K.
47,Private,Masters,Married,>50K.
44,Private,1st-4th,Never Married,<=50K.
25,Private,12th,Never Married,<=50K.
35,Private,Bachelors,Married,<=50K.
29,Private,Some-college,Married,<=50K.
30,Private,HS-grad,Divorced,<=50K.
30,Private,Some-college,Married,<=50K.
56,Self,7th-8th,Divorced,<=50K.
25,Self,Bachelors,Never Married,<=50K.
28,Private,HS-grad,Never Married,<=50K.
43,Self,9th,Married,<=50K.
47,Govt,HS-grad,Married,>50K.
46,Self,Bachelors,Married,<=50K.
41,Govt,Masters,Divorced,<=50K.
38,Govt,Assoc-acdm,Married,>50K.
29,Private,HS-grad,Never Married,<=50K.
25,Private,5th-6th,Never Married,<=50K.
56,Private,11th,Married,<=50K.
31,Private,7th-8th,Married,<=50K.
22,Private,11th,Never Married,<=50K.
31,Private,HS-grad,Never Married,<=50K.
28,Private,Some-college,Separated,<=50K.
53,Private,Bachelors,Married,<=50K.
45,Private,Masters,Divorced,>50K.
71,Private,Preschool,Widowed,<=50K.
65,NA,HS-grad,Widowed,<=50K.
39,Private,HS-grad,Married,>50K.
19,Govt,HS-grad,Married,<=50K.
34,Govt,Bachelors,Divorced,<=50K.
36,Private,HS-grad,Married,<=50K.
40,Private,HS-grad,Married,<=50K.
90,Private,Some-college,Separated,<=50K.
56,Private,Prof-school,Married,<=50K.
21,Private,HS-grad,Never Married,<=50K.
48,Private,Bachelors,Married,>50K.
45,Private,Some-college,Separated,<=50K.
46,Private,HS-grad,Married,>50K.
64,Private,10th,Separated,<=50K.
29,Govt,Masters,Never Married,<=50K.
22,Private,HS-grad,Divorced,<=50K.
47,Private,HS-grad,Married,>50K.
67,Self,Bachelors,Married,>50K.
43,Private,HS-grad,Married,<=50K.
42,Private,Some-college,Married,<=50K.
31,Private,Some-college,Married,<=50K.
53,Private,11th,Divorced,<=50K.
81,Private,9th,Widowed,<=50K.
33,Govt,HS-grad,Divorced,<=50K.
17,Private,12th,Never Married,<=50K.
55,Self,Prof-school,Married,>50K.
28,Private,HS-grad,Never Married,<=50K.
24,Private,Some-college,Never Married,<=50K.
40,Private,HS-grad,Separated,<=50K.
30,Govt,Masters,Never Married,<=50K.
24,Private,11th,Never Married,<=50K.
26,Private,Masters,Married,<=50K.
38,Private,Some-college,Divorced,<=50K.
30,Private,HS-grad,Married,>50K.
33,Private,Bachelors,Married,<=50K.
40,Private,HS-grad,Married,>50K.
63,Self,HS-grad,Married,<=50K.
23,Private,7th-8th,Never Married,<=50K.
56,Private,HS-grad,Divorced,<=50K.
42,Self,Assoc-voc,Married,<=50K.
40,Private,HS-grad,Never Married,<=50K.
49,Private,Assoc-acdm,Married,>50K.
35,Private,HS-grad,Married,<=50K.
52,Private,HS-grad,Divorced,<=50K.
28,Private,Bachelors,Never Married,<=50K.
35,Private,10th,Married,<=50K.
21,NA,Some-college,Never Married,<=50K.
43,Self,HS-grad,Never Married,<=50K.
32,NA,Assoc-voc,Never Married,<=50K.
29,Self,Prof-school,Never Married,>50K.
23,Private,Bachelors,Never Married,<=50K.
50,Govt,Some-college,Married,<=50K.
34,Private,Some-college,Never Married,<=50K.
19,Private,HS-grad,Never Married,<=50K.
47,Private,11th,Married,<=50K.
37,Self,Some-college,Married,<=50K.
25,Private,HS-grad,Never Married,<=50K.
75,Private,Some-college,Married,>50K.
24,Private,HS-grad,Married,<=50K.
28,Govt,Bachelors,Never Married,<=50K.
17,Govt,11th,Never Married,<=50K.
31,Private,HS-grad,Never Married,<=50K.
31,Private,Preschool,Never Married,<=50K.
18,NA,HS-grad,Never Married,<=50K.
45,Private,Bachelors,Married,>50K.
31,Private,HS-grad,Never Married,<=50K.
27,Private,Bachelors,Married,>50K.
48,Private,Some-college,Widowed,<=50K.
22,NA,HS-grad,Married,<=50K.
34,Private,Bachelors,Married,<=50K.
26,Private,HS-grad,Never Married,<=50K.
53,Private,Some-college,Married,<=50K.
60,Private,Bachelors,Married,>50K.
49,Govt,Masters,Separated,<=50K.
40,Private,Some-college,Divorced,<=50K.
48,Self,10th,Married,<=50K.
23,Private,Bachelors,Never Married,<=50K.
68,NA,7th-8th,Widowed,<=50K.
42,Private,Assoc-voc,Married,>50K.
37,Self,HS-grad,Never Married,<=50K.
27,Private,HS-grad,Never Married,<=50K.
38,Private,Some-college,Married,>50K.
27,Private,HS-grad,Never Married,<=50K.
75,Private,HS-grad,Widowed,<=50K.
49,Self,Bachelors,Married,>50K.
27,Private,Some-college,Never Married,<=50K.
36,Self,Bachelors,Never Married,<=50K.
36,Private,Bachelors,Married,>50K.
35,Private,HS-grad,Divorced,<=50K.
36,Private,HS-grad,Married,>50K.
53,Private,11th,Married,<=50K.
27,Private,Some-college,Never Married,<=50K.
34,Private,HS-grad,Divorced,<=50K.
61,Private,Some-college,Married,>50K.
29,Private,HS-grad,Divorced,<=50K.
40,Govt,Some-college,Divorced,<=50K.
37,Private,Masters,Never Married,>50K.
22,Private,9th,Never Married,<=50K.
43,Self,Some-college,Married,<=50K.
55,Self,HS-grad,Married,<=50K.
28,Private,Some-college,Divorced,<=50K.
23,Private,Bachelors,Never Married,<=50K.
64,Govt,11th,Married,>50K.
46,Private,Some-college,Never Married,<=50K.
29,Private,Some-college,Never Married,<=50K.
44,Private,Masters,Married,<=50K.
20,Private,Some-college,Never Married,<=50K.
62,Self,Some-college,Divorced,<=50K.
49,Private,Assoc-voc,Never Married,<=50K.
29,Private,10th,Married,<=50K.
35,Self,Bachelors,Married,<=50K.
39,Govt,11th,Married,<=50K.
39,Private,Bachelors,Never Married,<=50K.
37,Private,HS-grad,Divorced,<=50K.
38,Private,HS-grad,Married,<=50K.
72,NA,HS-grad,Married,<=50K.
31,Private,7th-8th,Married,<=50K.
55,Private,7th-8th,Married,<=50K.
38,Private,Some-college,Separated,<=50K.
33,Private,Some-college,Divorced,<=50K.
25,Private,Assoc-acdm,Never Married,<=50K.
19,NA,Some-college,Never Married,<=50K.
37,Private,Assoc-voc,Divorced,<=50K.
49,Private,Some-college,Divorced,<=50K.
26,Private,HS-grad,Never Married,<=50K.
35,Private,HS-grad,Married,<=50K.
44,Self,HS-grad,Married,<=50K.
37,Private,Masters,Separated,>50K.
42,Private,Bachelors,Married,>50K.
64,Govt,Doctorate,Never Married,>50K.
28,Private,HS-grad,Married,>50K.
35,Self,HS-grad,Never Married,<=50K.
40,Govt,Bachelors,Married,<=50K.
55,Govt,Bachelors,Married,>50K.
21,Private,HS-grad,Never Married,<=50K.
49,Private,Some-college,Never Married,<=50K.
51,Govt,Doctorate,Married,>50K.
57,Private,Prof-school,Married,>50K.
51,Private,Bachelors,Married,>50K.
38,Private,10th,Never Married,<=50K.
24,Private,HS-grad,Never Married,<=50K.
45,Self,HS-grad,Married,<=50K.
28,Private,HS-grad,Married,<=50K.
42,Self,Prof-school,Married,>50K.
22,Private,Some-college,Never Married,<=50K.
28,Govt,Masters,Married,<=50K.
60,Private,HS-grad,Widowed,<=50K.
31,Private,HS-grad,Separated,<=50K.
47,Private,Some-college,Married,>50K.
40,NA,HS-grad,Divorced,<=50K.
30,Private,HS-grad,Married,<=50K.
61,Private,Masters,Married,>50K.
71,Govt,Bachelors,Widowed,<=50K.
42,Private,HS-grad,Divorced,<=50K.
44,Govt,12th,Married,<=50K.
46,Self,Some-college,Married,>50K.
50,Govt,Prof-school,Never Married,>50K.
27,Govt,Bachelors,Never Married,<=50K.
40,NA,Assoc-voc,Married,<=50K.
21,Private,Some-college,Never Married,<=50K.
25,Private,HS-grad,Never Married,<=50K.
61,Private,5th-6th,Divorced,<=50K.
54,Private,Some-college,Divorced,<=50K.
31,Private,Bachelors,Never Married,<=50K.
53,Self,Some-college,Married,<=50K.
39,Self,Assoc-acdm,Married,>50K.
57,Self,Prof-school,Married,>50K.
48,Private,Bachelors,Divorced,<=50K.
30,Private,Some-college,Married,>50K.
35,Private,HS-grad,Married,<=50K.
42,Self,HS-grad,Married,<=50K.
34,Self,HS-grad,Married,<=50K.
59,Private,HS-grad,Married,>50K.
69,Govt,10th,Married,<=50K.
29,Private,Some-college,Never Married,<=50K.
40,Private,HS-grad,Married,<=50K.
21,Private,Some-college,Never Married,<=50K.
40,Private,Assoc-acdm,Divorced,<=50K.
43,Private,Some-college,Married,<=50K.
36,Private,HS-grad,Divorced,<=50K.
41,Private,HS-grad,Married,>50K.
72,NA,HS-grad,Widowed,<=50K.
20,Private,Some-college,Never Married,<=50K.
41,Govt,Bachelors,Widowed,<=50K.
34,Private,Some-college,Divorced,<=50K.
48,Private,11th,Divorced,<=50K.
27,Private,HS-grad,Never Married,<=50K.
35,Private,Some-college,Married,>50K.
28,NA,HS-grad,Never Married,<=50K.
27,Private,HS-grad,Never Married,<=50K.
20,Private,Some-college,Never Married,<=50K.
18,Private,Some-college,Never Married,<=50K.
32,Private,Bachelors,Married,<=50K.
38,Private,Masters,Married,>50K.
23,Govt,Some-college,Never Married,<=50K.
28,Private,Bachelors,Married,>50K.
40,Govt,Prof-school,Married,>50K.
35,Private,HS-grad,Divorced,<=50K.
74,Self,Some-college,Widowed,<=50K.
28,Private,HS-grad,Never Married,<=50K.
23,Private,Some-college,Never Married,<=50K.
20,Self,Some-college,Never Married,<=50K.
44,Private,HS-grad,Divorced,<=50K.
46,Govt,HS-grad,Divorced,<=50K.
20,NA,Some-college,Never Married,<=50K.
51,Self,Bachelors,Married,>50K.
40,Private,Some-college,Separated,<=50K.
48,Private,Prof-school,Married,>50K.
60,Self,9th,Married,<=50K.
48,Self,Bachelors,Married,>50K.
46,Govt,Bachelors,Married,<=50K.
48,Self,Bachelors,Married,>50K.
22,NA,HS-grad,Never Married,<=50K.
24,Govt,Bachelors,Never Married,<=50K.
45,Govt,Some-college,Divorced,<=50K.
18,Private,12th,Never Married,<=50K.
39,Private,HS-grad,Married,<=50K.
65,Self,HS-grad,Married,<=50K.
22,Private,Some-college,Divorced,<=50K.
20,Private,Some-college,Never Married,<=50K.
28,Private,Some-college,Married,<=50K.
46,Private,Prof-school,Married,>50K.
42,Govt,Bachelors,Married,>50K.
61,Govt,Doctorate,Married,>50K.
28,Private,Some-college,Married,>50K.
18,Private,Some-college,Never Married,<=50K.
24,Govt,Bachelors,Never Married,<=50K.
45,Private,Doctorate,Married,>50K.
24,Private,HS-grad,Never Married,<=50K.
44,Private,Bachelors,Married,>50K.
20,Private,Some-college,Never Married,<=50K.
35,Private,Some-college,Married,<=50K.
52,Self,Bachelors,Married,<=50K.
25,Private,Assoc-acdm,Never Married,<=50K.
19,Private,5th-6th,Never Married,<=50K.
35,NA,Bachelors,Married,<=50K.
54,Private,Some-college,Divorced,<=50K.
21,Private,Some-college,Never Married,<=50K.
26,Private,HS-grad,Married,>50K.
42,Private,Assoc-voc,Divorced,<=50K.
19,Private,Some-college,Never Married,<=50K.
55,Private,Masters,Married,>50K.
44,Govt,HS-grad,Married,<=50K.
25,Private,Bachelors,Never Married,<=50K.
26,Private,Some-college,Married,<=50K.
64,Govt,Assoc-acdm,Separated,>50K.
41,Private,11th,Divorced,<=50K.
25,NA,Some-college,Never Married,<=50K.
43,Private,Some-college,Married,<=50K.
45,Private,HS-grad,Never Married,>50K.
48,Govt,Bachelors,Married,>50K.
60,Private,HS-grad,Married,<=50K.
45,Self,Some-college,Never Married,<=50K.
51,Private,10th,Married,>50K.
37,Govt,HS-grad,Divorced,<=50K.
22,Private,Some-college,Never Married,<=50K.
44,Private,HS-grad,Married,>50K.
27,Private,HS-grad,Married,<=50K.
47,Govt,HS-grad,Married,<=50K.
32,Private,Masters,Married,>50K.
40,Private,Bachelors,Married,>50K.
41,Private,HS-grad,Married,<=50K.
32,NA,10th,Divorced,<=50K.
26,Private,Bachelors,Never Married,<=50K.
47,Private,Some-college,Married,<=50K.
55,Self,HS-grad,Married,<=50K.
38,Private,HS-grad,Married,<=50K.
24,Govt,Bachelors,Never Married,<=50K.
64,Self,Doctorate,Married,>50K.
56,Govt,Bachelors,Married,>50K.
41,Private,HS-grad,Married,>50K.
33,Private,HS-grad,Married,>50K.
33,Private,Prof-school,Never Married,>50K.
21,Private,Some-college,Married,<=50K.
59,Govt,HS-grad,Widowed,<=50K.
58,Private,Assoc-voc,Married,>50K.
43,Govt,Masters,Divorced,<=50K.
21,Private,HS-grad,Never Married,<=50K.
45,Private,HS-grad,Never Married,<=50K.
53,Govt,HS-grad,Married,>50K.
41,Private,Prof-school,Married,>50K.
27,Private,10th,Married,<=50K.
53,Private,Some-college,Married,>50K.
38,Private,Masters,Married,>50K.
31,Private,Bachelors,Married,>50K.
41,Private,HS-grad,Married,<=50K.
22,Govt,Some-college,Never Married,<=50K.
43,Self,Masters,Married,<=50K.
41,Govt,Some-college,Never Married,<=50K.
27,Private,Some-college,Married,<=50K.
41,Govt,Some-college,Married,<=50K.
36,Private,Prof-school,Divorced,>50K.
49,Private,Bachelors,Married,>50K.
20,Private,HS-grad,Never Married,<=50K.
58,Self,HS-grad,Married,<=50K.
35,Self,12th,Never Married,<=50K.
30,Govt,HS-grad,Married,>50K.
21,Private,HS-grad,Never Married,<=50K.
29,Private,Assoc-acdm,Never Married,<=50K.
40,Private,HS-grad,Widowed,<=50K.
54,Govt,Bachelors,Never Married,>50K.
35,Private,Bachelors,Married,>50K.
35,Private,Bachelors,Married,<=50K.
40,Private,Bachelors,Married,<=50K.
59,Private,HS-grad,Separated,<=50K.
43,Self,Some-college,Married,<=50K.
39,Private,10th,Married,>50K.
51,Private,7th-8th,Separated,<=50K.
71,Private,Some-college,Never Married,<=50K.
33,Private,12th,Divorced,<=50K.
28,Private,HS-grad,Divorced,<=50K.
30,Private,HS-grad,Married,<=50K.
20,Private,5th-6th,Married,<=50K.
51,Self,HS-grad,Married,<=50K.
39,Private,HS-grad,Married,>50K.
62,Private,Some-college,Married,>50K.
37,Private,HS-grad,Never Married,<=50K.
28,Private,9th,Never Married,<=50K.
23,Private,HS-grad,Never Married,<=50K.
39,Private,Bachelors,Married,<=50K.
50,Self,Bachelors,Widowed,>50K.
31,Private,7th-8th,Never Married,<=50K.
45,Govt,Bachelors,Married,>50K.
23,NA,Bachelors,Never Married,<=50K.
47,Private,10th,Widowed,<=50K.
59,Private,HS-grad,Widowed,<=50K.
32,Private,Assoc-acdm,Married,<=50K.
82,NA,7th-8th,Widowed,<=50K.
49,Private,Bachelors,Married,>50K.
74,Govt,HS-grad,Widowed,<=50K.
22,Private,Some-college,Never Married,<=50K.
32,Private,Some-college,Married,<=50K.
34,Private,Bachelors,Married,>50K.
59,Private,Bachelors,Married,>50K.
36,Private,Bachelors,Married,>50K.
59,Private,11th,Divorced,<=50K.
47,Self,Bachelors,Divorced,>50K.
53,Govt,HS-grad,Married,<=50K.
25,Self,Some-college,Never Married,<=50K.
44,Private,Bachelors,Divorced,<=50K.
57,Self,Prof-school,Married,>50K.
42,Self,Bachelors,Married,>50K.
58,Govt,10th,Married,<=50K.
39,Private,Bachelors,Married,<=50K.
32,NA,HS-grad,Never Married,<=50K.
45,Private,7th-8th,Divorced,<=50K.
47,Private,Bachelors,Married,>50K.
52,NA,Some-college,Married,<=50K.
56,Self,1st-4th,Separated,<=50K.
52,Private,HS-grad,Divorced,<=50K.
34,Private,HS-grad,Never Married,<=50K.
36,Self,7th-8th,Married,<=50K.
41,Private,HS-grad,Married,<=50K.
30,Private,Some-college,Never Married,<=50K.
44,Private,Bachelors,Married,<=50K.
17,NA,Some-college,Never Married,<=50K.
34,Private,Some-college,Never Married,<=50K.
41,Private,Some-college,Separated,<=50K.
29,Private,HS-grad,Never Married,<=50K.
25,Private,9th,Never Married,<=50K.
42,Govt,Bachelors,Separated,<=50K.
48,Private,Some-college,Married,>50K.
26,Private,Assoc-voc,Never Married,<=50K.
64,Self,HS-grad,Married,>50K.
46,Self,Bachelors,Married,<=50K.
38,Private,Bachelors,Married,>50K.
49,Govt,11th,Married,<=50K.
23,Private,Some-college,Never Married,<=50K.
46,Govt,Bachelors,Never Married,>50K.
30,Private,HS-grad,Never Married,<=50K.
49,Self,HS-grad,Married,>50K.
47,NA,Assoc-voc,Divorced,<=50K.
44,Private,Bachelors,Married,>50K.
31,Private,HS-grad,Divorced,<=50K.
19,Private,HS-grad,Never Married,<=50K.
45,Private,Assoc-acdm,Divorced,<=50K.
34,Private,Bachelors,Married,>50K.
26,Private,HS-grad,Never Married,<=50K.
38,Self,HS-grad,Married,>50K.
31,Private,Some-college,Never Married,<=50K.
36,Self,Assoc-acdm,Separated,<=50K.
31,Private,Bachelors,Married,>50K.
30,Private,Bachelors,Married,<=50K.
37,Private,HS-grad,Married,>50K.
30,Private,Bachelors,Never Married,>50K.
21,NA,HS-grad,Married,<=50K.
73,Private,10th,Widowed,<=50K.
38,Govt,Masters,Married,>50K.
30,Private,10th,Never Married,<=50K.
33,Private,HS-grad,Married,>50K.
52,Govt,Bachelors,Married,>50K.
58,Private,Some-college,Divorced,<=50K.
34,Govt,Masters,Never Married,<=50K.
35,Private,HS-grad,Married,<=50K.
59,Govt,HS-grad,Married,>50K.
45,Private,Bachelors,Divorced,<=50K.
27,Private,Some-college,Never Married,<=50K.
31,Govt,Doctorate,Never Married,>50K.
45,Private,Some-college,Never Married,<=50K.
40,Private,HS-grad,Separated,<=50K.
27,Private,Prof-school,Married,<=50K.
19,Private,HS-grad,Never Married,<=50K.
29,Private,5th-6th,Never Married,<=50K.
34,Self,Some-college,Married,<=50K.
32,Govt,Assoc-acdm,Married,<=50K.
49,Private,11th,Married,<=50K.
33,Private,11th,Divorced,>50K.
74,NA,7th-8th,Married,<=50K.
62,Private,Bachelors,Married,>50K.
39,Self,HS-grad,Married,<=50K.
43,Private,HS-grad,Divorced,<=50K.
22,Private,Some-college,Never Married,<=50K.
24,Private,HS-grad,Married,<=50K.
76,NA,HS-grad,Married,>50K.
25,Private,Some-college,Never Married,<=50K.
19,Private,Some-college,Never Married,<=50K.
31,Private,Assoc-acdm,Divorced,<=50K.
53,Private,11th,Divorced,<=50K.
61,Private,HS-grad,Married,<=50K.
47,Private,Bachelors,Married,<=50K.
37,Private,HS-grad,Divorced,<=50K.
50,Self,Bachelors,Divorced,<=50K.
27,Private,Some-college,Never Married,<=50K.
58,Private,HS-grad,Divorced,<=50K.
43,Private,HS-grad,Married,<=50K.
39,Private,Assoc-acdm,Married,<=50K.
36,Private,Some-college,Never Married,<=50K.
56,Private,Bachelors,Married,<=50K.
26,Private,HS-grad,Married,<=50K.
23,Private,Bachelors,Never Married,<=50K.
47,Private,11th,Never Married,<=50K.
68,Private,12th,Widowed,<=50K.
47,Govt,Some-college,Never Married,<=50K.
45,Govt,Some-college,Married,>50K.
26,Private,Some-college,Married,<=50K.
20,Private,HS-grad,Never Married,<=50K.
46,Private,Some-college,Never Married,<=50K.
37,Private,Assoc-acdm,Married,>50K.
37,Private,Some-college,Married,<=50K.
43,Private,Some-college,Married,<=50K.
59,Private,Masters,Widowed,<=50K.
39,Private,HS-grad,Divorced,<=50K.
32,Private,Some-college,Divorced,<=50K.
63,Private,Some-college,Married,<=50K.
45,Private,Bachelors,Married,>50K.
59,Private,Bachelors,Divorced,<=50K.
36,NA,12th,Never Married,<=50K.
26,Private,HS-grad,Never Married,<=50K.
34,Private,HS-grad,Divorced,<=50K.
41,Private,HS-grad,Married,>50K.
26,Private,HS-grad,Never Married,<=50K.
53,Private,HS-grad,Divorced,<=50K.
33,Private,HS-grad,Married,>50K.
46,Private,Bachelors,Married,>50K.
79,NA,HS-grad,Widowed,<=50K.
31,Private,HS-grad,Widowed,<=50K.
24,Private,HS-grad,Separated,<=50K.
57,Govt,HS-grad,Divorced,<=50K.
40,Private,HS-grad,Separated,<=50K.
41,Self,Assoc-voc,Married,<=50K.
20,Private,Some-college,Never Married,<=50K.
45,Private,11th,Never Married,<=50K.
27,Private,Assoc-voc,Separated,<=50K.
36,Private,5th-6th,Married,<=50K.
30,Private,HS-grad,Married,<=50K.
36,Private,Bachelors,Married,>50K.
25,Private,HS-grad,Married,<=50K.
30,NA,Some-college,Never Married,<=50K.
31,Private,HS-grad,Married,<=50K.
49,Private,HS-grad,Married,>50K.
26,Private,11th,Never Married,<=50K.
25,Private,Bachelors,Never Married,<=50K.
29,Private,Assoc-voc,Never Married,<=50K.
24,Private,Some-college,Never Married,<=50K.
41,Private,HS-grad,Married,>50K.
35,Private,Masters,Never Married,>50K.
57,Self,Bachelors,Married,>50K.
21,Private,11th,Never Married,<=50K.
29,Private,10th,Never Married,<=50K.
36,Private,Some-college,Married,<=50K.
20,Private,Some-college,Never Married,<=50K.
51,Private,Bachelors,Married,>50K.
39,Private,11th,Married,<=50K.
36,Private,Bachelors,Married,<=50K.
40,Self,Prof-school,Married,>50K.
61,Private,HS-grad,Married,<=50K.
38,Private,Prof-school,Married,<=50K.
20,NA,Some-college,Never Married,<=50K.
21,Private,HS-grad,Separated,<=50K.
40,Private,HS-grad,Divorced,<=50K.
46,Private,10th,Married,<=50K.
21,Private,Some-college,Married,<=50K.
35,Self,10th,Married,<=50K.
39,Private,Bachelors,Married,<=50K.
38,Self,HS-grad,Married,<=50K.
30,Private,HS-grad,Separated,<=50K.
28,Private,9th,Never Married,<=50K.
32,Private,Bachelors,Married,>50K.
46,Self,Assoc-voc,Married,>50K.
40,Private,Assoc-voc,Married,<=50K.
47,Private,HS-grad,Married,>50K.
44,Private,10th,Married,<=50K.
38,Private,HS-grad,Married,<=50K.
51,NA,HS-grad,Married,>50K.
46,Self,Bachelors,Married,>50K.
51,Private,Doctorate,Married,>50K.
45,Private,Doctorate,Widowed,>50K.
20,Private,Some-college,Never Married,<=50K.
44,Private,Bachelors,Married,<=50K.
33,Private,Assoc-voc,Married,<=50K.
18,Private,HS-grad,Never Married,<=50K.
61,Self,Prof-school,Separated,>50K.
50,Govt,Bachelors,Never Married,<=50K.
47,Govt,HS-grad,Never Married,<=50K.
34,Private,Bachelors,Married,>50K.
53,Private,HS-grad,Married,<=50K.
39,Self,Some-college,Married,<=50K.
58,Private,HS-grad,Married,>50K.
66,NA,HS-grad,Married,<=50K.
26,Private,11th,Never Married,<=50K.
41,Private,5th-6th,Married,<=50K.
47,Govt,Some-college,Married,<=50K.
31,Private,Assoc-voc,Married,<=50K.
52,Private,Some-college,Married,>50K.
29,Private,Assoc-acdm,Married,>50K.
43,Private,9th,Separated,<=50K.
42,Govt,Masters,Married,>50K.
35,Private,Some-college,Never Married,<=50K.
41,Private,HS-grad,Married,<=50K.
34,Private,Bachelors,Married,>50K.
52,Self,Some-college,Married,<=50K.
61,Private,Some-college,Married,<=50K.
39,Govt,HS-grad,Separated,<=50K.
19,Private,Some-college,Never Married,<=50K.
46,Govt,Bachelors,Married,>50K.
39,Private,Some-college,Never Married,<=50K.
22,Private,Some-college,Never Married,<=50K.
30,Govt,HS-grad,Separated,<=50K.
40,Private,Assoc-voc,Divorced,<=50K.
43,Private,Bachelors,Married,<=50K.
37,Private,5th-6th,Married,<=50K.
23,Private,Assoc-acdm,Never Married,<=50K.
39,Govt,Assoc-acdm,Divorced,<=50K.
54,Private,Masters,Married,<=50K.
46,Self,Some-college,Married,<=50K.
20,Private,Some-college,Never Married,<=50K.
50,Self,Bachelors,Married,>50K.
17,Private,10th,Never Married,<=50K.
36,Private,HS-grad,Married,<=50K.
37,Private,HS-grad,Married,<=50K.
53,Private,HS-grad,Divorced,<=50K.
50,Private,HS-grad,Married,>50K.
38,Private,HS-grad,Married,<=50K.
63,Self,HS-grad,Married,<=50K.
53,Private,HS-grad,Married,>50K.
40,NA,Bachelors,Divorced,<=50K.
23,Self,Some-college,Never Married,<=50K.
20,Private,HS-grad,Never Married,<=50K.
46,Private,Some-college,Married,>50K.
28,Private,10th,Never Married,<=50K.
59,Private,Masters,Divorced,<=50K.
41,Private,Bachelors,Married,>50K.
33,Private,Preschool,Married,<=50K.
56,Private,12th,Married,<=50K.
50,Self,HS-grad,Married,>50K.
31,Govt,Bachelors,Never Married,<=50K.
41,Private,Assoc-voc,Divorced,<=50K.
38,Private,Bachelors,Married,>50K.
25,Govt,Assoc-acdm,Never Married,<=50K.
18,NA,HS-grad,Never Married,<=50K.
49,Govt,Bachelors,Divorced,<=50K.
39,Private,Some-college,Never Married,<=50K.
22,NA,Some-college,Never Married,<=50K.
21,Private,Some-college,Never Married,<=50K.
35,Private,Bachelors,Married,<=50K.
21,NA,HS-grad,Never Married,<=50K.
38,Private,HS-grad,Married,>50K.
55,Private,7th-8th,Widowed,<=50K.
31,Private,HS-grad,Divorced,<=50K.
17,Self,11th,Never Married,<=50K.
31,Private,Bachelors,Married,>50K.
25,Govt,Bachelors,Never Married,<=50K.
39,Private,Masters,Married,>50K.
50,Private,7th-8th,Married,<=50K.
38,Govt,Bachelors,Married,>50K.
50,Private,Some-college,Married,<=50K.
63,Private,10th,Married,<=50K.
31,Private,HS-grad,Married,<=50K.
23,Private,Bachelors,Never Married,<=50K.
18,Private,Some-college,Never Married,<=50K.
43,Govt,Bachelors,Divorced,<=50K.
34,Private,Some-college,Married,>50K.
18,Private,11th,Never Married,<=50K.
46,Private,HS-grad,Married,>50K.
35,Private,Bachelors,Never Married,>50K.
46,Govt,Masters,Never Married,<=50K.
59,Private,Assoc-voc,Married,>50K.
31,Private,7th-8th,Never Married,<=50K.
27,Private,HS-grad,Divorced,<=50K.
41,Private,Masters,Married,<=50K.
42,Private,HS-grad,Never Married,<=50K.
55,Private,Bachelors,Married,>50K.
34,NA,HS-grad,Never Married,<=50K.
44,Private,HS-grad,Never Married,<=50K.
26,Private,Bachelors,Never Married,<=50K.
36,Private,Assoc-voc,Married,>50K.
69,Private,9th,Married,<=50K.
33,Private,Some-college,Never Married,<=50K.
30,Private,Assoc-voc,Married,<=50K.
35,Private,HS-grad,Married,>50K.
25,Private,Bachelors,Never Married,>50K.
21,Private,Some-college,Never Married,<=50K.
18,Private,11th,Never Married,<=50K.
35,Self,Some-college,Married,>50K.
20,Private,HS-grad,Married,<=50K.
26,Private,Masters,Married,<=50K.
46,Private,Bachelors,Married,<=50K.
31,Private,Bachelors,Never Married,<=50K.
40,Private,Prof-school,Married,>50K.
40,Private,HS-grad,Divorced,<=50K.
31,Private,Bachelors,Never Married,<=50K.
32,Self,Doctorate,Married,<=50K.
23,Self,Some-college,Divorced,<=50K.
25,Govt,Masters,Never Married,<=50K.
37,Private,Some-college,Married,<=50K.
18,Private,Some-college,Never Married,<=50K.
55,Private,HS-grad,Widowed,<=50K.
52,Private,9th,Divorced,<=50K.
26,Private,HS-grad,Never Married,<=50K.
37,Private,Some-college,Never Married,>50K.
39,Private,HS-grad,Divorced,<=50K.
62,Self,Bachelors,Divorced,>50K.
19,NA,Some-college,Never Married,<=50K.
47,Private,HS-grad,Married,>50K.
51,Govt,Bachelors,Married,>50K.
55,Private,HS-grad,Divorced,<=50K.
30,Private,HS-grad,Married,<=50K.
59,Govt,Some-college,Married,<=50K.
45,Self,10th,Married,<=50K.
52,Private,Some-college,Married,>50K.
21,Private,HS-grad,Never Married,<=50K.
31,Private,HS-grad,Married,<=50K.
29,Private,Some-college,Never Married,<=50K.
24,Private,HS-grad,Married,<=50K.
17,Private,10th,Never Married,<=50K.
47,Private,HS-grad,Divorced,<=50K.
46,Private,Some-college,Married,>50K.
32,NA,HS-grad,Divorced,<=50K.
34,Private,10th,Never Married,<=50K.
63,Private,12th,Married,<=50K.
21,Private,Some-college,Never Married,<=50K.
18,Private,HS-grad,Never Married,<=50K.
49,Govt,Doctorate,Married,>50K.
81,Self,HS-grad,Widowed,<=50K.
36,Self,Assoc-acdm,Married,>50K.
47,Private,HS-grad,Married,>50K.
36,Private,Masters,Married,>50K.
39,Self,Assoc-voc,Married,<=50K.
46,Private,Bachelors,Never Married,<=50K.
43,Govt,Some-college,Married,>50K.
39,Govt,Bachelors,Divorced,<=50K.
29,Private,Some-college,Separated,<=50K.
23,Private,HS-grad,Never Married,<=50K.
57,Private,10th,Married,<=50K.
38,Self,HS-grad,Never Married,<=50K.
25,Private,Bachelors,Never Married,<=50K.
39,Govt,Some-college,Married,<=50K.
24,Private,Some-college,Never Married,<=50K.
56,Private,Masters,Married,>50K.
39,Private,12th,Divorced,<=50K.
23,Private,Assoc-voc,Never Married,<=50K.
17,NA,11th,Never Married,<=50K.
67,Self,HS-grad,Divorced,<=50K.
41,Private,Bachelors,Never Married,<=50K.
24,Govt,Bachelors,Never Married,<=50K.
51,Private,Bachelors,Divorced,>50K.
30,Self,HS-grad,Divorced,<=50K.
47,Self,HS-grad,Married,>50K.
56,Private,HS-grad,Never Married,<=50K.
51,Private,HS-grad,Divorced,<=50K.
57,Self,Some-college,Married,<=50K.
34,Private,Some-college,Divorced,<=50K.
24,Private,Bachelors,Never Married,<=50K.
57,Private,HS-grad,Married,<=50K.
38,Private,HS-grad,Married,>50K.
23,Private,HS-grad,Never Married,<=50K.
35,Private,7th-8th,Married,<=50K.
58,Private,HS-grad,Married,<=50K.
19,NA,HS-grad,Never Married,<=50K.
19,NA,7th-8th,Never Married,<=50K.
68,Govt,Doctorate,Married,>50K.
43,Private,Some-college,Married,>50K.
17,Private,11th,Never Married,<=50K.
53,Govt,Doctorate,Married,>50K.
37,Self,Doctorate,Married,>50K.
21,NA,Bachelors,Never Married,<=50K.
63,Private,HS-grad,Married,>50K.
31,Private,Some-college,Married,<=50K.
29,Private,HS-grad,Married,<=50K.
43,Govt,Some-college,Married,>50K.
27,Private,Prof-school,Never Married,>50K.
25,Self,HS-grad,Never Married,<=50K.
28,Private,HS-grad,Never Married,<=50K.
54,Private,HS-grad,Divorced,<=50K.
74,NA,Some-college,Widowed,<=50K.
31,Govt,Some-college,Never Married,<=50K.
23,Private,Some-college,Never Married,<=50K.
19,Private,Bachelors,Never Married,<=50K.
39,NA,Preschool,Widowed,<=50K.
61,Self,HS-grad,Married,<=50K.
59,NA,HS-grad,Married,>50K.
27,Self,Assoc-voc,Married,>50K.
19,Private,Some-college,Never Married,<=50K.
23,NA,HS-grad,Never Married,<=50K.
25,Govt,HS-grad,Divorced,<=50K.
40,Private,Some-college,Married,>50K.
53,Private,11th,Divorced,<=50K.
32,Private,Bachelors,Never Married,<=50K.
72,Self,Doctorate,Married,>50K.
61,Private,7th-8th,Married,<=50K.
42,Private,HS-grad,Married,<=50K.
17,Private,10th,Never Married,<=50K.
73,Private,HS-grad,Married,<=50K.
41,Self,Some-college,Separated,<=50K.
23,Private,Some-college,Never Married,<=50K.
23,Private,HS-grad,Never Married,<=50K.
65,Private,Assoc-voc,Married,<=50K.
45,Self,HS-grad,Married,<=50K.
52,Govt,Bachelors,Married,>50K.
24,Govt,Bachelors,Never Married,<=50K.
23,Private,Assoc-voc,Married,<=50K.
30,Private,Some-college,Divorced,<=50K.
26,Private,Bachelors,Never Married,<=50K.
37,Self,HS-grad,Divorced,<=50K.
17,Private,HS-grad,Never Married,<=50K.
31,Private,HS-grad,Married,<=50K.
52,Private,HS-grad,Separated,<=50K.
63,Private,Bachelors,Never Married,<=50K.
27,Private,HS-grad,Never Married,<=50K.
31,Private,9th,Married,<=50K.
71,Self,HS-grad,Widowed,<=50K.
35,Private,Bachelors,Married,<=50K.
44,Private,HS-grad,Married,<=50K.
36,Private,Masters,Married,<=50K.
22,Private,Bachelors,Never Married,<=50K.
32,Private,HS-grad,Married,<=50K.
30,Govt,Bachelors,Divorced,<=50K.
60,NA,HS-grad,Married,<=50K.
25,Private,Some-college,Never Married,<=50K.
76,Private,7th-8th,Widowed,<=50K.
41,Private,HS-grad,Divorced,<=50K.
26,Private,7th-8th,Married,<=50K.
45,Private,12th,Married,<=50K.
32,Private,Some-college,Divorced,<=50K.
22,Private,HS-grad,Never Married,<=50K.
39,Private,Bachelors,Married,>50K.
63,Self,Bachelors,Never Married,<=50K.
23,Private,Assoc-acdm,Never Married,<=50K.
61,Private,10th,Married,<=50K.
31,Govt,Assoc-voc,Married,<=50K.
25,Private,9th,Married,<=50K.
33,Private,HS-grad,Never Married,<=50K.
39,Private,HS-grad,Married,<=50K.
53,Private,Bachelors,Married,<=50K.
26,Govt,Bachelors,Never Married,<=50K.
21,Private,Some-college,Never Married,<=50K.
18,Private,HS-grad,Never Married,<=50K.
34,Private,Bachelors,Married,>50K.
44,Govt,Masters,Married,>50K.
31,Private,HS-grad,Divorced,<=50K.
44,Private,HS-grad,Married,>50K.
42,Private,Prof-school,Married,>50K.
43,Private,HS-grad,Married,<=50K.
33,Private,Bachelors,Married,>50K.
21,Private,Some-college,Never Married,<=50K.
30,Private,HS-grad,Married,>50K.
55,Private,HS-grad,Married,<=50K.
57,Private,Some-college,Never Married,<=50K.
37,Private,HS-grad,Never Married,<=50K.
32,Private,HS-grad,Married,>50K.
62,Self,Bachelors,Married,>50K.
31,Self,Bachelors,Never Married,>50K.
51,Private,Bachelors,Married,>50K.
37,Private,Masters,Divorced,<=50K.
45,Private,5th-6th,Married,<=50K.
47,Private,Some-college,Married,<=50K.
31,NA,HS-grad,Divorced,<=50K.
75,Self,11th,Married,<=50K.
43,Private,Masters,Married,<=50K.
39,Private,Assoc-acdm,Married,>50K.
30,Private,Bachelors,Married,>50K.
27,Private,5th-6th,Never Married,<=50K.
44,Private,HS-grad,Married,<=50K.
53,Govt,Masters,Divorced,>50K.
40,Private,Bachelors,Married,<=50K.
18,Private,11th,Never Married,<=50K.
33,Private,Bachelors,Married,<=50K.
20,Private,HS-grad,Never Married,<=50K.
38,Private,Some-college,Married,<=50K.
48,Private,HS-grad,Divorced,<=50K.
46,Self,HS-grad,Married,<=50K.
51,Private,HS-grad,Married,<=50K.
35,Self,HS-grad,Never Married,<=50K.
24,Private,7th-8th,Never Married,<=50K.
30,Private,Some-college,Divorced,<=50K.
70,Private,HS-grad,Married,<=50K.
26,Private,HS-grad,Married,<=50K.
34,Private,HS-grad,Married,<=50K.
46,Private,HS-grad,Married,>50K.
70,Private,HS-grad,Married,<=50K.
37,Govt,Some-college,Married,<=50K.
36,Self,Some-college,Divorced,<=50K.
23,Private,9th,Never Married,<=50K.
28,Private,HS-grad,Married,<=50K.
44,Self,Some-college,Married,>50K.
58,Private,HS-grad,Divorced,<=50K.
53,Private,Some-college,Married,>50K.
23,Private,Some-college,Married,<=50K.
26,Private,HS-grad,Never Married,<=50K.
21,NA,Some-college,Married,<=50K.
34,Govt,Masters,Divorced,<=50K.
43,Private,11th,Married,<=50K.
22,Private,Some-college,Never Married,<=50K.
41,Private,Some-college,Married,>50K.
36,Private,HS-grad,Married,<=50K.
41,Govt,Bachelors,Married,<=50K.
27,Private,HS-grad,Never Married,<=50K.
42,Self,Some-college,Married,<=50K.
27,Private,Assoc-voc,Never Married,<=50K.
41,Private,HS-grad,Divorced,<=50K.
32,Private,Bachelors,Married,>50K.
21,Private,Some-college,Never Married,<=50K.
44,Private,Bachelors,Married,>50K.
29,Private,Bachelors,Never Married,<=50K.
19,Self,Some-college,Never Married,<=50K.
21,Govt,Some-college,Never Married,<=50K.
46,Private,HS-grad,Married,<=50K.
38,Private,Bachelors,Married,>50K.
43,Private,Some-college,Never Married,>50K.
54,Self,HS-grad,Married,>50K.
38,Private,Masters,Married,>50K.
18,NA,Some-college,Never Married,<=50K.
50,Private,HS-grad,Married,>50K.
30,Private,Assoc-voc,Married,>50K.
30,Private,9th,Married,<=50K.
28,Govt,HS-grad,Never Married,<=50K.
26,Private,Assoc-voc,Never Married,<=50K.
37,Govt,Some-college,Married,<=50K.
32,Private,HS-grad,Married,>50K.
64,Govt,Masters,Married,>50K.
18,Private,HS-grad,Never Married,<=50K.
30,Private,Some-college,Married,<=50K.
36,NA,Assoc-voc,Married,<=50K.
18,Private,11th,Never Married,<=50K.
27,Private,HS-grad,Married,<=50K.
49,Private,9th,Married,<=50K.
46,Govt,HS-grad,Married,>50K.
37,Private,HS-grad,Married,<=50K.
30,Private,Some-college,Divorced,<=50K.
29,Private,HS-grad,Divorced,<=50K.
22,NA,HS-grad,Never Married,<=50K.
25,Self,HS-grad,Married,<=50K.
38,Private,HS-grad,Separated,<=50K.
32,NA,Bachelors,Divorced,<=50K.
35,Private,Some-college,Married,<=50K.
56,Private,Masters,Married,>50K.
29,Private,Some-college,Divorced,<=50K.
41,Private,HS-grad,Married,<=50K.
47,Private,HS-grad,Married,<=50K.
23,Private,Bachelors,Never Married,<=50K.
46,Self,Bachelors,Married,>50K.
28,Govt,HS-grad,Never Married,<=50K.
39,Private,Bachelors,Divorced,<=50K.
42,Self,Some-college,Married,<=50K.
39,Private,HS-grad,Married,>50K.
68,NA,7th-8th,Married,<=50K.
37,Self,Bachelors,Married,>50K.
57,Private,Prof-school,Never Married,<=50K.
22,Private,Some-college,Never Married,<=50K.
24,Private,Assoc-voc,Never Married,>50K.
19,Private,Some-college,Never Married,<=50K.
55,Private,Assoc-acdm,Divorced,<=50K.
37,Govt,HS-grad,Married,<=50K.
37,Govt,Some-college,Never Married,<=50K.
28,Private,Bachelors,Married,<=50K.
27,Private,HS-grad,Never Married,<=50K.
40,Govt,Bachelors,Never Married,<=50K.
51,Private,HS-grad,Divorced,<=50K.
52,Private,Assoc-voc,Married,<=50K.
74,NA,Some-college,Widowed,<=50K.
49,Self,Some-college,Married,>50K.
20,NA,Some-college,Never Married,<=50K.
40,Govt,Some-college,Divorced,<=50K.
80,Private,Some-college,Never Married,<=50K.
63,Private,Some-college,Married,<=50K.
63,Private,HS-grad,Divorced,>50K.
51,Private,Some-college,Divorced,<=50K.
23,Private,HS-grad,Never Married,<=50K.
66,Self,HS-grad,Widowed,<=50K.
33,Self,HS-grad,Married,<=50K.
49,Private,HS-grad,Married,<=50K.
20,Private,Some-college,Never Married,<=50K.
33,Self,Assoc-acdm,Married,>50K.
26,Private,Some-college,Married,<=50K.
52,Private,HS-grad,Married,>50K.
33,Private,Bachelors,Married,>50K.
47,Private,Bachelors,Divorced,<=50K.
23,Private,HS-grad,Never Married,<=50K.
53,Govt,Assoc-acdm,Married,<=50K.
19,Private,Some-college,Never Married,<=50K.
26,Govt,Some-college,Never Married,<=50K.
53,Private,7th-8th,Married,>50K.
65,Private,HS-grad,Never Married,<=50K.
68,Private,Bachelors,Married,<=50K.
30,Private,10th,Never Married,<=50K.
28,Private,11th,Married,<=50K.
54,Govt,10th,Married,<=50K.
30,Private,HS-grad,Never Married,<=50K.
22,Private,Some-college,Never Married,<=50K.
25,Private,HS-grad,Never Married,<=50K.
19,Private,11th,Never Married,<=50K.
19,NA,Some-college,Never Married,<=50K.
32,Govt,Prof-school,Married,>50K.
23,Private,Bachelors,Never Married,<=50K.
51,Govt,Bachelors,Married,<=50K.
25,Private,Some-college,Married,>50K.
46,Govt,Bachelors,Never Married,<=50K.
38,Private,Some-college,Divorced,<=50K.
26,Govt,HS-grad,Married,>50K.
46,Private,HS-grad,Divorced,<=50K.
25,Private,Bachelors,Never Married,<=50K.
20,Private,Some-college,Never Married,<=50K.
29,Govt,Masters,Married,<=50K.
51,Self,Masters,Married,>50K.
40,Private,Some-college,Married,<=50K.
24,Private,Some-college,Never Married,<=50K.
24,Self,Bachelors,Never Married,<=50K.
31,Private,Assoc-voc,Married,<=50K.
54,NA,HS-grad,Divorced,<=50K.
34,Private,Assoc-acdm,Separated,<=50K.
19,Private,Some-college,Never Married,<=50K.
21,Private,HS-grad,Never Married,<=50K.
21,Private,10th,Married,<=50K.
23,Private,Some-college,Married,<=50K.
37,Govt,Some-college,Never Married,<=50K.
40,Private,Masters,Married,>50K.
57,Private,HS-grad,Married,<=50K.
48,Private,Bachelors,Married,>50K.
24,Private,11th,Married,<=50K.
43,Private,Some-college,Married,<=50K.
32,NA,Bachelors,Never Married,<=50K.
40,Private,HS-grad,Never Married,<=50K.
52,Self,Prof-school,Married,>50K.
49,Private,HS-grad,Divorced,<=50K.
45,Self,Some-college,Married,<=50K.
62,Govt,HS-grad,Never Married,<=50K.
29,Private,Assoc-voc,Married,<=50K.
49,Private,HS-grad,Separated,<=50K.
55,Govt,Some-college,Divorced,<=50K.
20,NA,Some-college,Never Married,<=50K.
37,Self,Bachelors,Never Married,<=50K.
43,Govt,Bachelors,Married,>50K.
29,Private,Some-college,Divorced,<=50K.
44,Private,HS-grad,Married,>50K.
28,Private,Some-college,Separated,>50K.
38,Private,Some-college,Never Married,<=50K.
45,Private,Assoc-voc,Married,>50K.
22,NA,Some-college,Never Married,<=50K.
19,Private,Some-college,Never Married,<=50K.
20,Private,12th,Never Married,<=50K.
60,Private,HS-grad,Married,<=50K.
30,Private,HS-grad,Never Married,<=50K.
22,Private,Some-college,Never Married,<=50K.
51,Private,Some-college,Divorced,<=50K.
31,Private,Bachelors,Never Married,<=50K.
48,Private,HS-grad,Divorced,<=50K.
43,Private,Bachelors,Married,>50K.
51,Govt,HS-grad,Divorced,<=50K.
41,Private,Assoc-voc,Married,>50K.
62,NA,Assoc-voc,Married,<=50K.
50,Govt,HS-grad,Married,>50K.
46,Private,HS-grad,Married,>50K.
54,Private,Some-college,Married,>50K.
68,Private,HS-grad,Married,>50K.
23,Self,Assoc-acdm,Never Married,<=50K.
49,Private,Masters,Never Married,<=50K.
24,Private,10th,Married,<=50K.
30,Govt,HS-grad,Married,<=50K.
38,Private,HS-grad,Married,<=50K.
34,Private,HS-grad,Never Married,<=50K.
22,Private,Some-college,Never Married,<=50K.
30,Private,7th-8th,Separated,<=50K.
61,Private,7th-8th,Married,<=50K.
36,Private,HS-grad,Divorced,<=50K.
51,Self,Assoc-voc,Married,<=50K.
43,Private,5th-6th,Married,>50K.
54,Govt,Some-college,Married,>50K.
63,Private,HS-grad,Widowed,<=50K.
51,Private,Some-college,Married,>50K.
63,Self,10th,Married,<=50K.
51,Govt,Masters,Married,>50K.
27,Private,HS-grad,Divorced,<=50K.
35,Private,Assoc-acdm,Married,>50K.
31,NA,Bachelors,Married,>50K.
46,Self,HS-grad,Separated,<=50K.
53,Private,Assoc-voc,Married,>50K.
26,Govt,Some-college,Divorced,<=50K.
43,Private,HS-grad,Never Married,<=50K.
39,Private,HS-grad,Married,>50K.
50,Govt,HS-grad,Divorced,<=50K.
54,Govt,HS-grad,Married,>50K.
62,NA,Some-college,Married,>50K.
57,Govt,Some-college,Divorced,<=50K.
19,NA,Some-college,Never Married,<=50K.
29,Govt,HS-grad,Never Married,<=50K.
20,Private,HS-grad,Never Married,<=50K.
53,Private,Bachelors,Married,>50K.
18,NA,Some-college,Never Married,<=50K.
22,NA,Some-college,Never Married,<=50K.
23,Private,HS-grad,Never Married,<=50K.
69,Private,11th,Married,<=50K.
56,Private,7th-8th,Married,<=50K.
53,Govt,Bachelors,Married,<=50K.
28,Private,HS-grad,Never Married,<=50K.
28,Private,Bachelors,Married,<=50K.
33,Self,HS-grad,Married,>50K.
48,Private,HS-grad,Divorced,<=50K.
61,Private,HS-grad,Married,>50K.
49,Private,Bachelors,Married,<=50K.
48,Private,Some-college,Married,<=50K.
32,Private,7th-8th,Married,<=50K.
51,Private,HS-grad,Married,>50K.
27,NA,Bachelors,Never Married,<=50K.
19,Private,Some-college,Never Married,<=50K.
47,Private,HS-grad,Married,<=50K.
25,Private,Bachelors,Never Married,<=50K.
72,Private,Some-college,Married,<=50K.
29,Private,11th,Divorced,<=50K.
22,Private,HS-grad,Never Married,<=50K.
57,Private,HS-grad,Married,<=50K.
50,Private,Assoc-acdm,Married,<=50K.
45,Self,Some-college,Married,<=50K.
52,Private,Some-college,Divorced,>50K.
53,Private,Masters,Married,>50K.
36,Private,HS-grad,Married,<=50K.
46,Private,HS-grad,Married,>50K.
20,Private,HS-grad,Never Married,<=50K.
75,Private,5th-6th,Widowed,<=50K.
32,Govt,HS-grad,Married,>50K.
28,Private,HS-grad,Married,<=50K.
53,Private,Masters,Divorced,<=50K.
17,Private,11th,Never Married,<=50K.
46,Govt,Assoc-voc,Divorced,<=50K.
39,Private,Assoc-acdm,Separated,<=50K.
38,Private,Some-college,Divorced,<=50K.
36,Private,HS-grad,Married,<=50K.
63,Govt,Bachelors,Never Married,<=50K.
28,Private,1st-4th,Married,<=50K.
28,NA,Bachelors,Never Married,<=50K.
49,Private,HS-grad,Never Married,<=50K.
43,Private,Some-college,Married,<=50K.
38,Private,Bachelors,Married,>50K.
39,Private,HS-grad,Never Married,<=50K.
42,NA,HS-grad,Divorced,<=50K.
40,Private,HS-grad,Married,<=50K.
45,NA,HS-grad,Separated,<=50K.
29,NA,HS-grad,Divorced,<=50K.
24,Govt,Bachelors,Never Married,<=50K.
30,Private,Some-college,Married,>50K.
44,Private,Some-college,Married,<=50K.
40,Private,HS-grad,Married,<=50K.
30,Private,HS-grad,Never Married,<=50K.
42,Private,Masters,Divorced,<=50K.
52,Self,Assoc-voc,Divorced,<=50K.
42,Private,Some-college,Married,>50K.
39,Private,Some-college,Married,>50K.
43,Private,Some-college,Divorced,<=50K.
62,Self,HS-grad,Married,<=50K.
30,Private,Assoc-voc,Married,<=50K.
83,NA,HS-grad,Widowed,<=50K.
39,Private,Bachelors,Married,>50K.
41,Private,HS-grad,Married,<=50K.
49,Private,Masters,Married,>50K.
25,Private,11th,Married,<=50K.
48,Private,11th,Married,<=50K.
59,NA,Assoc-acdm,Divorced,<=50K.
44,Govt,Bachelors,Never Married,<=50K.
36,Private,9th,Divorced,<=50K.
40,Private,HS-grad,Never Married,<=50K.
21,Private,HS-grad,Never Married,<=50K.
41,Private,Some-college,Separated,<=50K.
24,Private,Bachelors,Never Married,<=50K.
67,Self,HS-grad,Married,<=50K.
24,Private,Bachelors,Never Married,<=50K.
50,Self,Bachelors,Married,<=50K.
48,Private,Masters,Divorced,<=50K.
55,NA,Assoc-acdm,Married,>50K.
29,Private,HS-grad,Never Married,<=50K.
50,Private,Bachelors,Divorced,<=50K.
64,Govt,10th,Married,>50K.
49,Private,9th,Divorced,<=50K.
20,Private,HS-grad,Never Married,<=50K.
30,Private,HS-grad,Separated,<=50K.
37,Private,Bachelors,Married,<=50K.
52,Private,HS-grad,Married,>50K.
22,Private,Some-college,Never Married,<=50K.
77,NA,HS-grad,Widowed,<=50K.
19,Govt,Some-college,Never Married,<=50K.
52,Private,HS-grad,Divorced,>50K.
42,Private,Bachelors,Married,<=50K.
35,Private,HS-grad,Separated,<=50K.
27,Private,Some-college,Never Married,<=50K.
54,Govt,HS-grad,Never Married,<=50K.
37,Private,HS-grad,Married,<=50K.
37,Private,10th,Married,<=50K.
28,Private,7th-8th,Married,<=50K.
63,Private,Bachelors,Married,<=50K.
19,Private,HS-grad,Never Married,<=50K.
28,Private,Bachelors,Never Married,<=50K.
23,NA,Some-college,Never Married,<=50K.
44,Private,Prof-school,Never Married,>50K.
31,Private,Some-college,Married,>50K.
35,Private,Bachelors,Never Married,>50K.
64,Private,HS-grad,Divorced,<=50K.
40,Private,HS-grad,Married,>50K.
59,Govt,Assoc-acdm,Divorced,<=50K.
22,Private,Some-college,Never Married,<=50K.
40,Private,Some-college,Never Married,<=50K.
35,Private,7th-8th,Married,<=50K.
20,Private,Some-college,Never Married,<=50K.
35,Govt,HS-grad,Never Married,<=50K.
28,Private,Some-college,Married,<=50K.
28,Private,HS-grad,Divorced,<=50K.
37,NA,Some-college,Married,<=50K.
72,NA,Doctorate,Married,>50K.
25,Self,Assoc-acdm,Never Married,<=50K.
37,Private,HS-grad,Divorced,<=50K.
19,NA,Some-college,Never Married,<=50K.
31,Private,Assoc-voc,Divorced,<=50K.
41,Private,HS-grad,Never Married,<=50K.
31,Private,10th,Married,>50K.
44,Private,HS-grad,Married,<=50K.
20,Private,Some-college,Never Married,<=50K.
57,Self,Some-college,Married,<=50K.
26,Private,HS-grad,Divorced,<=50K.
44,Self,HS-grad,Married,<=50K.
29,Govt,HS-grad,Never Married,<=50K.
36,Private,HS-grad,Married,>50K.
40,Private,Assoc-voc,Married,>50K.
21,Private,Assoc-acdm,Never Married,<=50K.
21,Private,Some-college,Never Married,<=50K.
34,Self,Prof-school,Separated,>50K.
24,Private,Bachelors,Never Married,<=50K.
28,Private,10th,Divorced,<=50K.
35,Private,HS-grad,Separated,<=50K.
35,Private,HS-grad,Divorced,<=50K.
38,Govt,Bachelors,Never Married,<=50K.
44,Govt,HS-grad,Divorced,<=50K.
39,Private,Bachelors,Married,>50K.
57,Govt,HS-grad,Divorced,<=50K.
19,Private,Some-college,Never Married,<=50K.
29,Private,Assoc-voc,Married,<=50K.
23,Private,HS-grad,Never Married,<=50K.
50,Private,HS-grad,Widowed,<=50K.
51,Self,Some-college,Married,<=50K.
28,Private,Assoc-voc,Divorced,<=50K.
44,Private,Bachelors,Married,<=50K.
29,Self,Bachelors,Never Married,<=50K.
31,Private,HS-grad,Divorced,<=50K.
27,Private,Bachelors,Married,>50K.
34,Private,Bachelors,Married,<=50K.
50,Self,Prof-school,Married,>50K.
27,Private,Some-college,Married,>50K.
31,Private,Assoc-voc,Never Married,<=50K.
46,Private,Assoc-acdm,Married,>50K.
39,Private,Some-college,Never Married,<=50K.
40,Private,Bachelors,Married,>50K.
28,Private,11th,Divorced,<=50K.
18,Private,HS-grad,Never Married,<=50K.
51,Private,HS-grad,Divorced,<=50K.
58,Self,HS-grad,Divorced,<=50K.
66,Private,HS-grad,Married,<=50K.
36,Self,HS-grad,Married,<=50K.
38,Private,11th,Divorced,<=50K.
25,Private,Assoc-acdm,Never Married,<=50K.
25,Private,HS-grad,Never Married,<=50K.
90,Private,11th,Never Married,<=50K.
41,Govt,Some-college,Divorced,<=50K.
34,NA,HS-grad,Never Married,<=50K.
33,Private,Bachelors,Divorced,<=50K.
33,Private,HS-grad,Never Married,<=50K.
35,Private,Bachelors,Married,>50K.
39,Self,HS-grad,Never Married,<=50K.
59,Private,HS-grad,Married,<=50K.
19,Private,Some-college,Never Married,<=50K.
39,Private,HS-grad,Married,<=50K.
19,NA,Some-college,Never Married,<=50K.
27,Private,HS-grad,Never Married,<=50K.
52,Private,7th-8th,Married,<=50K.
59,Self,HS-grad,Divorced,<=50K.
28,Private,Some-college,Divorced,<=50K.
37,Private,HS-grad,Divorced,<=50K.
50,NA,10th,Married,<=50K.
36,Private,Bachelors,Married,>50K.
34,Private,Bachelors,Married,>50K.
23,Private,Some-college,Never Married,<=50K.
19,NA,11th,Never Married,<=50K.
33,Private,HS-grad,Divorced,<=50K.
27,Govt,Masters,Never Married,<=50K.
31,Govt,Masters,Married,<=50K.
21,Private,10th,Married,<=50K.
31,Private,HS-grad,Married,<=50K.
59,Private,HS-grad,Married,>50K.
40,Govt,Masters,Married,>50K.
19,Private,11th,Never Married,<=50K.
47,Private,HS-grad,Married,<=50K.
34,Private,Bachelors,Never Married,<=50K.
57,Private,HS-grad,Married,<=50K.
51,Govt,9th,Married,<=50K.
21,Private,Some-college,Never Married,<=50K.
30,Self,Some-college,Married,<=50K.
46,Private,Some-college,Divorced,<=50K.
40,Private,Bachelors,Never Married,<=50K.
52,Private,Preschool,Married,<=50K.
23,Private,Bachelors,Never Married,<=50K.
90,NA,Bachelors,Widowed,<=50K.
25,Private,HS-grad,Never Married,<=50K.
43,Private,Some-college,Divorced,<=50K.
38,Govt,Some-college,Divorced,>50K.
22,Private,Assoc-voc,Never Married,<=50K.
33,Govt,Bachelors,Never Married,<=50K.
34,Private,Some-college,Married,>50K.
65,Private,Assoc-voc,Married,<=50K.
50,Private,HS-grad,Never Married,<=50K.
29,Private,Bachelors,Never Married,<=50K.
25,Private,HS-grad,Married,<=50K.
54,Private,Some-college,Divorced,<=50K.
49,Private,HS-grad,Married,>50K.
44,Private,Some-college,Married,<=50K.
24,Private,9th,Divorced,<=50K.
25,Private,Bachelors,Never Married,<=50K.
65,Govt,HS-grad,Married,<=50K.
56,Self,HS-grad,Married,<=50K.
39,Self,Prof-school,Married,>50K.
23,Private,Bachelors,Never Married,<=50K.
20,Private,Some-college,Never Married,<=50K.
24,Private,5th-6th,Never Married,<=50K.
41,Private,Some-college,Married,>50K.
40,Self,Some-college,Married,<=50K.
55,Private,HS-grad,Married,>50K.
38,Private,HS-grad,Divorced,<=50K.
23,Private,HS-grad,Never Married,<=50K.
44,Private,Bachelors,Married,<=50K.
45,Private,Some-college,Married,>50K.
20,Self,Some-college,Never Married,<=50K.
29,Private,HS-grad,Never Married,<=50K.
43,Govt,HS-grad,Married,<=50K.
30,Private,12th,Divorced,<=50K.
28,Govt,Some-college,Never Married,<=50K.
31,Private,HS-grad,Married,>50K.
52,Private,HS-grad,Divorced,<=50K.
36,Private,Bachelors,Married,>50K.
38,Private,HS-grad,Married,<=50K.
66,NA,Some-college,Married,<=50K.
63,Self,Assoc-voc,Married,<=50K.
21,Private,Some-college,Never Married,<=50K.
33,Govt,HS-grad,Divorced,<=50K.
46,Govt,Some-college,Divorced,<=50K.
20,NA,Some-college,Never Married,<=50K.
47,Self,Bachelors,Never Married,<=50K.
33,Private,Doctorate,Married,>50K.
66,NA,7th-8th,Never Married,<=50K.
20,Private,Some-college,Never Married,<=50K.
28,Private,HS-grad,Divorced,<=50K.
46,Private,HS-grad,Divorced,<=50K.
25,Private,Some-college,Married,<=50K.
37,Private,HS-grad,Married,<=50K.
31,Self,9th,Married,<=50K.
49,Private,HS-grad,Married,<=50K.
22,Govt,Some-college,Married,<=50K.
52,Private,Assoc-voc,Married,>50K.
29,Private,Assoc-acdm,Married,<=50K.
18,Private,11th,Never Married,<=50K.
31,Govt,Some-college,Married,<=50K.
23,Private,Some-college,Never Married,<=50K.
27,NA,Assoc-voc,Married,>50K.
54,Self,10th,Married,<=50K.
50,Govt,HS-grad,Divorced,<=50K.
46,Private,Masters,Married,>50K.
24,Private,Bachelors,Never Married,<=50K.
17,NA,11th,Never Married,<=50K.
49,Self,HS-grad,Separated,<=50K.
54,Govt,HS-grad,Married,>50K.
41,Private,Bachelors,Married,>50K.
49,Private,HS-grad,Married,<=50K.
36,Govt,Bachelors,Never Married,<=50K.
23,Private,HS-grad,Never Married,<=50K.
63,Private,Some-college,Widowed,<=50K.
67,Private,HS-grad,Married,>50K.
23,Private,HS-grad,Never Married,<=50K.
22,Private,Bachelors,Never Married,<=50K.
66,Private,Assoc-voc,Married,<=50K.
25,Private,11th,Married,<=50K.
30,Private,Some-college,Divorced,<=50K.
35,Private,HS-grad,Married,<=50K.
67,Self,7th-8th,Married,<=50K.
30,Private,12th,Never Married,<=50K.
26,Private,Some-college,Never Married,<=50K.
34,Private,HS-grad,Married,<=50K.
21,Private,Some-college,Never Married,<=50K.
18,Private,12th,Never Married,<=50K.
21,Private,HS-grad,Never Married,<=50K.
76,Self,9th,Married,<=50K.
51,Govt,Some-college,Married,<=50K.
26,Private,HS-grad,Married,<=50K.
18,Private,12th,Never Married,<=50K.
18,NA,11th,Never Married,<=50K.
34,Private,Assoc-voc,Married,<=50K.
59,Private,HS-grad,Divorced,<=50K.
55,Private,Bachelors,Separated,>50K.
33,Self,Some-college,Never Married,<=50K.
25,Private,HS-grad,Never Married,<=50K.
48,Private,HS-grad,Widowed,<=50K.
64,Private,Bachelors,Divorced,<=50K.
47,Govt,Masters,Never Married,>50K.
26,Private,Some-college,Never Married,<=50K.
36,Private,Assoc-acdm,Married,>50K.
21,Private,HS-grad,Married,<=50K.
54,NA,7th-8th,Never Married,<=50K.
30,Private,HS-grad,Never Married,<=50K.
41,Self,HS-grad,Divorced,<=50K.
53,NA,Masters,Never Married,>50K.
34,Private,Some-college,Never Married,<=50K.
20,NA,Some-college,Never Married,<=50K.
24,Private,10th,Never Married,<=50K.
26,Private,Bachelors,Never Married,<=50K.
25,Private,HS-grad,Never Married,<=50K.
35,Private,Some-college,Divorced,<=50K.
41,Private,Some-college,Divorced,>50K.
33,Private,11th,Never Married,<=50K.
18,Private,Some-college,Never Married,<=50K.
27,Self,HS-grad,Separated,<=50K.
32,Private,HS-grad,Divorced,<=50K.
51,Govt,HS-grad,Never Married,<=50K.
38,Private,Assoc-voc,Divorced,<=50K.
41,Govt,Some-college,Married,<=50K.
26,Private,Some-college,Married,<=50K.
38,Self,Assoc-voc,Divorced,<=50K.
54,Private,9th,Married,>50K.
30,Private,Bachelors,Never Married,<=50K.
31,Private,Some-college,Widowed,<=50K.
26,Govt,Bachelors,Never Married,<=50K.
75,Self,Doctorate,Married,<=50K.
29,Private,Masters,Never Married,<=50K.
61,Private,HS-grad,Married,>50K.
24,Private,Some-college,Separated,<=50K.
22,NA,12th,Never Married,<=50K.
34,Private,Assoc-acdm,Never Married,<=50K.
42,Private,Some-college,Divorced,<=50K.
24,Private,11th,Never Married,<=50K.
42,Self,Assoc-acdm,Married,<=50K.
27,Govt,HS-grad,Never Married,<=50K.
39,Govt,Bachelors,Married,>50K.
20,Private,HS-grad,Never Married,<=50K.
51,Private,11th,Never Married,<=50K.
68,Private,Bachelors,Married,<=50K.
28,Govt,HS-grad,Never Married,<=50K.
43,Private,HS-grad,Divorced,<=50K.
35,Private,Some-college,Married,<=50K.
44,Private,HS-grad,Divorced,<=50K.
41,Private,Bachelors,Never Married,<=50K.
44,Private,HS-grad,Married,>50K.
20,Private,HS-grad,Married,<=50K.
46,Private,HS-grad,Married,>50K.
27,Self,Assoc-acdm,Married,>50K.
32,Private,Some-college,Never Married,<=50K.
46,Private,Some-college,Divorced,<=50K.
26,Private,HS-grad,Never Married,<=50K.
20,Private,Some-college,Never Married,<=50K.
36,Private,HS-grad,Married,<=50K.
49,Private,Bachelors,Married,>50K.
32,Private,HS-grad,Married,>50K.
32,Private,Bachelors,Married,>50K.
49,Private,Bachelors,Married,>50K.
36,Private,HS-grad,Never Married,<=50K.
22,Private,Some-college,Never Married,<=50K.
52,Govt,HS-grad,Divorced,<=50K.
42,Private,HS-grad,Married,>50K.
22,NA,Some-college,Never Married,<=50K.
72,Private,HS-grad,Widowed,<=50K.
30,Govt,Bachelors,Separated,<=50K.
44,Private,Some-college,Married,<=50K.
23,Private,Bachelors,Never Married,<=50K.
22,Private,Some-college,Never Married,<=50K.
59,Private,Bachelors,Separated,<=50K.
46,Private,HS-grad,Divorced,<=50K.
30,Private,Assoc-voc,Married,<=50K.
64,Govt,7th-8th,Widowed,<=50K.
31,Private,Some-college,Married,<=50K.
64,Private,HS-grad,Married,<=50K.
45,Private,HS-grad,Never Married,<=50K.
59,Private,HS-grad,Married,>50K.
32,Private,HS-grad,Never Married,<=50K.
43,Private,Bachelors,Married,<=50K.
66,NA,10th,Divorced,<=50K.
23,Private,Some-college,Never Married,<=50K.
49,Self,HS-grad,Married,<=50K.
32,Private,12th,Married,<=50K.
49,Private,Assoc-voc,Never Married,<=50K.
33,Private,Some-college,Divorced,<=50K.
28,Private,Prof-school,Never Married,<=50K.
47,Private,HS-grad,Married,<=50K.
41,Private,HS-grad,Never Married,<=50K.
34,Govt,Masters,Married,>50K.
25,Private,HS-grad,Never Married,<=50K.
20,NA,Some-college,Never Married,<=50K.
21,Private,Some-college,Never Married,<=50K.
25,Private,HS-grad,Never Married,<=50K.
46,Private,9th,Married,<=50K.
37,Private,1st-4th,Married,<=50K.
41,Private,Some-college,Married,>50K.
44,Private,HS-grad,Never Married,<=50K.
30,Private,HS-grad,Married,>50K.
54,Private,Some-college,Married,<=50K.
35,Self,HS-grad,Married,<=50K.
58,NA,HS-grad,Widowed,<=50K.
21,Private,Some-college,Never Married,<=50K.
35,Self,Masters,Married,>50K.
35,Private,Prof-school,Married,>50K.
19,Private,Some-college,Never Married,<=50K.
48,Private,HS-grad,Divorced,<=50K.
56,NA,Some-college,Married,<=50K.
65,Self,Some-college,Widowed,<=50K.
40,Private,Bachelors,Separated,<=50K.
26,Private,HS-grad,Never Married,<=50K.
45,Private,Some-college,Married,<=50K.
26,Private,Some-college,Never Married,<=50K.
32,Private,HS-grad,Married,<=50K.
35,Private,Bachelors,Divorced,>50K.
22,Self,Some-college,Never Married,<=50K.
37,Private,Assoc-voc,Separated,<=50K.
25,Private,Bachelors,Never Married,<=50K.
64,Private,1st-4th,Married,<=50K.
46,Private,Assoc-voc,Married,>50K.
30,Private,HS-grad,Never Married,<=50K.
63,Private,Assoc-acdm,Divorced,>50K.
51,Govt,HS-grad,Married,>50K.
68,Self,7th-8th,Married,<=50K.
36,Private,Doctorate,Married,<=50K.
28,Self,Some-college,Never Married,<=50K.
41,Govt,Some-college,Married,<=50K.
47,Private,Some-college,Married,<=50K.
22,Private,Some-college,Never Married,<=50K.
33,NA,Bachelors,Never Married,<=50K.
34,Self,Prof-school,Married,>50K.
46,Govt,Bachelors,Married,>50K.
28,Private,Some-college,Married,<=50K.
36,Private,HS-grad,Married,>50K.
18,Private,Some-college,Never Married,<=50K.
33,Govt,Masters,Married,>50K.
51,Private,HS-grad,Married,>50K.
56,Self,HS-grad,Married,<=50K.
54,Private,HS-grad,Never Married,<=50K.
29,Private,HS-grad,Never Married,<=50K.
40,Private,Some-college,Divorced,<=50K.
53,Private,Masters,Married,>50K.
22,Private,HS-grad,Never Married,<=50K.
33,Private,HS-grad,Married,>50K.
28,Private,HS-grad,Divorced,<=50K.
63,Private,Some-college,Married,<=50K.
53,Govt,Doctorate,Married,>50K.
37,Private,10th,Married,<=50K.
50,Govt,Some-college,Divorced,<=50K.
22,Private,HS-grad,Never Married,<=50K.
40,Govt,Assoc-acdm,Never Married,<=50K.
22,Private,Bachelors,Never Married,>50K.
21,Private,Some-college,Never Married,<=50K.
25,Private,Assoc-acdm,Married,<=50K.
20,Private,Some-college,Never Married,<=50K.
43,Govt,HS-grad,Married,<=50K.
29,Private,Assoc-voc,Never Married,<=50K.
32,Private,Bachelors,Married,>50K.
42,Private,Masters,Married,>50K.
33,Private,HS-grad,Married,<=50K.
27,Private,Some-college,Married,>50K.
22,NA,Some-college,Never Married,<=50K.
29,Private,Some-college,Married,<=50K.
29,Private,HS-grad,Married,<=50K.
20,Private,Some-college,Never Married,<=50K.
35,Private,10th,Never Married,<=50K.
31,Self,Bachelors,Married,>50K.
33,Private,HS-grad,Never Married,<=50K.
67,Private,Some-college,Married,<=50K.
46,Private,Some-college,Married,<=50K.
45,Private,9th,Married,>50K.
17,Govt,11th,Never Married,<=50K.
35,Private,Bachelors,Married,>50K.
48,Self,Bachelors,Married,>50K.
49,Private,HS-grad,Divorced,<=50K.
20,Private,Some-college,Never Married,<=50K.
27,Private,HS-grad,Married,<=50K.
64,Private,Some-college,Married,<=50K.
53,Govt,Some-college,Separated,<=50K.
52,Private,HS-grad,Divorced,<=50K.
29,Private,HS-grad,Married,<=50K.
32,Self,HS-grad,Married,>50K.
48,Self,Bachelors,Married,>50K.
30,Private,Some-college,Never Married,<=50K.
34,Private,HS-grad,Married,<=50K.
19,NA,Some-college,Never Married,<=50K.
39,Private,HS-grad,Never Married,<=50K.
28,Private,11th,Never Married,<=50K.
17,Private,12th,Never Married,<=50K.
54,Private,Bachelors,Never Married,<=50K.
24,Private,Some-college,Never Married,<=50K.
25,Private,HS-grad,Never Married,<=50K.
25,Private,11th,Divorced,<=50K.
48,Govt,Some-college,Married,>50K.
24,Private,Bachelors,Never Married,<=50K.
31,Private,Some-college,Married,<=50K.
47,Private,Some-college,Married,>50K.
45,Private,Bachelors,Married,>50K.
19,Private,Some-college,Never Married,<=50K.
52,Self,Some-college,Married,>50K.
52,Private,HS-grad,Married,<=50K.
19,NA,HS-grad,Never Married,<=50K.
60,Private,HS-grad,Married,<=50K.
43,Private,Masters,Married,>50K.
24,Private,Assoc-acdm,Divorced,<=50K.
20,NA,Some-college,Never Married,<=50K.
51,Private,HS-grad,Never Married,<=50K.
38,Self,9th,Divorced,<=50K.
21,Private,Some-college,Never Married,<=50K.
40,Self,HS-grad,Married,>50K.
54,Private,Some-college,Widowed,<=50K.
35,Private,Bachelors,Never Married,<=50K.
52,Private,11th,Separated,<=50K.
53,Private,HS-grad,Married,>50K.
56,NA,Some-college,Widowed,<=50K.
35,Private,HS-grad,Divorced,<=50K.
43,Self,Some-college,Divorced,<=50K.
29,Private,Bachelors,Married,<=50K.
29,Private,HS-grad,Married,<=50K.
27,Private,HS-grad,Never Married,<=50K.
58,Private,Bachelors,Married,<=50K.
64,Private,HS-grad,Married,<=50K.
53,Private,HS-grad,Married,<=50K.
21,Private,HS-grad,Never Married,<=50K.
40,Self,Assoc-acdm,Divorced,<=50K.
52,Govt,Doctorate,Married,>50K.
38,Private,Assoc-voc,Never Married,<=50K.
40,NA,Some-college,Divorced,<=50K.
39,Private,HS-grad,Married,<=50K.
56,NA,Masters,Never Married,>50K.
68,Private,Doctorate,Married,>50K.
24,Private,HS-grad,Never Married,<=50K.
40,Self,Prof-school,Married,>50K.
43,Self,Prof-school,Married,>50K.
38,Private,Bachelors,Never Married,<=50K.
45,Private,HS-grad,Married,>50K.
18,Private,11th,Never Married,<=50K.
57,Govt,Masters,Married,>50K.
49,Private,HS-grad,Separated,<=50K.
25,Private,Some-college,Never Married,<=50K.
52,Govt,Some-college,Divorced,<=50K.
56,Private,10th,Divorced,<=50K.
26,Self,Some-college,Never Married,<=50K.
19,Private,HS-grad,Never Married,<=50K.
25,Self,Bachelors,Never Married,<=50K.
25,Private,HS-grad,Married,<=50K.
21,Private,HS-grad,Never Married,<=50K.
48,Self,7th-8th,Married,<=50K.
33,Govt,Masters,Married,<=50K.
31,Govt,HS-grad,Divorced,<=50K.
26,Self,HS-grad,Divorced,<=50K.
37,Govt,Bachelors,Never Married,<=50K.
29,NA,Some-college,Divorced,<=50K.
20,Private,Some-college,Never Married,<=50K.
28,Private,Some-college,Married,<=50K.
49,Private,HS-grad,Widowed,<=50K.
73,NA,10th,Never Married,<=50K.
49,Private,Masters,Married,>50K.
51,Private,Some-college,Married,>50K.
40,Private,Some-college,Married,<=50K.
24,Private,Assoc-voc,Never Married,<=50K.
18,Private,12th,Never Married,<=50K.
41,Private,10th,Married,>50K.
46,Private,HS-grad,Married,>50K.
46,Private,HS-grad,Married,<=50K.
64,Private,10th,Married,>50K.
50,Self,Prof-school,Married,>50K.
53,Govt,Masters,Married,>50K.
21,Private,HS-grad,Never Married,<=50K.
22,Govt,Some-college,Married,<=50K.
37,Private,Bachelors,Divorced,>50K.
39,Govt,Prof-school,Never Married,>50K.
30,Private,Bachelors,Married,<=50K.
25,Private,Bachelors,Never Married,<=50K.
26,Private,Some-college,Never Married,<=50K.
43,Private,Bachelors,Never Married,<=50K.
59,Private,HS-grad,Widowed,<=50K.
27,Private,HS-grad,Married,<=50K.
55,Private,10th,Married,>50K.
20,Private,Some-college,Never Married,<=50K.
25,Private,Assoc-voc,Never Married,<=50K.
28,Private,Assoc-acdm,Separated,<=50K.
29,Private,Bachelors,Never Married,<=50K.
60,Private,11th,Married,>50K.
37,Govt,Bachelors,Married,>50K.
25,Private,11th,Divorced,<=50K.
27,Private,Some-college,Married,<=50K.
50,Govt,Bachelors,Married,>50K.
41,Self,Some-college,Married,<=50K.
46,Private,7th-8th,Married,<=50K.
35,Private,Assoc-voc,Divorced,<=50K.
21,NA,Some-college,Never Married,<=50K.
35,NA,11th,Separated,<=50K.
40,Private,HS-grad,Never Married,<=50K.
49,Private,Bachelors,Married,>50K.
29,Private,Bachelors,Never Married,<=50K.
43,Govt,Bachelors,Divorced,<=50K.
39,Private,Assoc-acdm,Never Married,<=50K.
35,Private,HS-grad,Never Married,<=50K.
52,Private,Some-college,Married,<=50K.
25,Private,Some-college,Never Married,<=50K.
20,Self,HS-grad,Never Married,<=50K.
46,Private,Some-college,Divorced,<=50K.
24,Private,Bachelors,Never Married,<=50K.
29,Private,Bachelors,Married,<=50K.
21,Private,Some-college,Never Married,<=50K.
37,Govt,Bachelors,Divorced,<=50K.
43,Govt,HS-grad,Never Married,<=50K.
19,Private,HS-grad,Never Married,<=50K.
47,Private,HS-grad,Married,<=50K.
61,Private,HS-grad,Married,>50K.
21,NA,Assoc-acdm,Never Married,<=50K.
35,Private,HS-grad,Married,<=50K.
60,Private,10th,Married,<=50K.
27,Private,Some-college,Never Married,<=50K.
57,Govt,Bachelors,Married,<=50K.
56,Private,1st-4th,Married,<=50K.
27,Private,HS-grad,Never Married,<=50K.
47,Private,7th-8th,Married,<=50K.
19,Private,HS-grad,Never Married,<=50K.
28,Self,12th,Divorced,<=50K.
43,Private,10th,Married,<=50K.
63,Govt,Some-college,Divorced,<=50K.
22,NA,Some-college,Never Married,<=50K.
25,Private,HS-grad,Divorced,<=50K.
35,Self,HS-grad,Never Married,>50K.
20,Private,HS-grad,Never Married,<=50K.
48,Private,10th,Married,<=50K.
30,Govt,Bachelors,Never Married,<=50K.
31,Private,Bachelors,Married,>50K.
20,Private,HS-grad,Never Married,<=50K.
57,Govt,Masters,Married,>50K.
41,Private,Assoc-voc,Married,>50K.
33,Private,HS-grad,Divorced,<=50K.
27,Private,Assoc-voc,Married,<=50K.
34,Private,HS-grad,Married,>50K.
22,Private,10th,Never Married,<=50K.
50,Private,Assoc-acdm,Married,>50K.
40,Self,Bachelors,Married,>50K.
37,Private,HS-grad,Married,<=50K.
40,NA,Assoc-acdm,Divorced,<=50K.
53,Private,Masters,Married,>50K.
38,Self,Some-college,Married,>50K.
25,Govt,HS-grad,Never Married,<=50K.
51,Private,HS-grad,Married,<=50K.
22,NA,12th,Never Married,<=50K.
18,Private,Some-college,Never Married,<=50K.
41,Private,11th,Married,>50K.
33,Private,HS-grad,Never Married,<=50K.
33,Private,Bachelors,Never Married,<=50K.
67,Govt,Some-college,Married,<=50K.
47,Self,HS-grad,Married,>50K.
24,Private,Some-college,Never Married,<=50K.
32,Govt,7th-8th,Married,<=50K.
29,Private,HS-grad,Never Married,<=50K.
25,Private,Assoc-voc,Never Married,<=50K.
33,Private,Some-college,Divorced,<=50K.
55,Private,Bachelors,Married,<=50K.
31,Private,Some-college,Married,>50K.
32,Govt,Masters,Married,<=50K.
18,Private,HS-grad,Never Married,<=50K.
36,Private,HS-grad,Divorced,<=50K.
58,Private,HS-grad,Widowed,<=50K.
34,Private,Masters,Married,>50K.
19,Private,11th,Never Married,<=50K.
21,Private,HS-grad,Never Married,<=50K.
36,Self,HS-grad,Never Married,<=50K.
37,Private,Bachelors,Married,>50K.
43,Private,HS-grad,Married,<=50K.
52,Govt,Bachelors,Married,<=50K.
48,Private,Assoc-voc,Divorced,<=50K.
43,Private,Some-college,Divorced,<=50K.
22,Private,HS-grad,Never Married,<=50K.
57,Private,5th-6th,Divorced,<=50K.
37,Private,Assoc-acdm,Never Married,<=50K.
39,Private,Some-college,Divorced,<=50K.
54,Private,Some-college,Married,>50K.
27,Private,Assoc-acdm,Never Married,<=50K.
21,Private,HS-grad,Never Married,<=50K.
65,Private,Some-college,Separated,<=50K.
30,Private,Some-college,Married,<=50K.
22,Private,9th,Never Married,<=50K.
26,Private,Bachelors,Married,<=50K.
25,Private,11th,Separated,<=50K.
35,NA,Assoc-voc,Married,>50K.
47,Private,Assoc-voc,Married,>50K.
23,Private,Assoc-acdm,Never Married,<=50K.
42,Private,HS-grad,Married,>50K.
39,Self,Some-college,Never Married,<=50K.
55,Private,Doctorate,Married,>50K.
24,Govt,Masters,Married,<=50K.
46,Self,Bachelors,Married,>50K.
53,Private,HS-grad,Married,>50K.
44,Private,11th,Separated,<=50K.
40,Private,HS-grad,Separated,<=50K.
48,Private,Some-college,Married,>50K.
26,Private,Assoc-voc,Separated,<=50K.
22,Private,HS-grad,Never Married,<=50K.
35,NA,HS-grad,Married,<=50K.
20,NA,Some-college,Never Married,<=50K.
43,Private,HS-grad,Divorced,<=50K.
37,Govt,HS-grad,Married,<=50K.
30,Private,HS-grad,Married,<=50K.
41,Private,HS-grad,Married,<=50K.
38,Private,Prof-school,Married,>50K.
77,NA,9th,Married,<=50K.
42,Self,HS-grad,Married,<=50K.
20,Private,HS-grad,Never Married,<=50K.
36,Private,Bachelors,Divorced,<=50K.
32,Govt,Assoc-voc,Never Married,<=50K.
27,Private,Bachelors,Married,>50K.
25,Govt,Some-college,Divorced,<=50K.
40,Private,Masters,Never Married,<=50K.
18,NA,11th,Never Married,<=50K.
49,Private,Bachelors,Married,>50K.
17,Private,11th,Never Married,<=50K.
29,Private,HS-grad,Never Married,<=50K.
47,Private,Prof-school,Married,>50K.
24,Self,Some-college,Separated,<=50K.
58,NA,7th-8th,Married,<=50K.
29,Private,HS-grad,Never Married,<=50K.
45,Private,Some-college,Married,>50K.
30,Private,12th,Married,<=50K.
19,Private,Some-college,Never Married,<=50K.
59,Private,10th,Married,>50K.
47,Private,7th-8th,Married,<=50K.
41,Private,Some-college,Married,<=50K.
28,Private,Assoc-acdm,Never Married,<=50K.
46,Private,Assoc-acdm,Married,>50K.
40,Self,Some-college,Married,<=50K.
66,Govt,10th,Divorced,<=50K.
30,Govt,Bachelors,Never Married,>50K.
44,Self,Some-college,Never Married,<=50K.
58,Self,HS-grad,Married,>50K.
21,Private,7th-8th,Never Married,<=50K.
59,Private,9th,Widowed,<=50K.
35,Govt,Some-college,Married,<=50K.
45,Private,9th,Married,>50K.
30,Private,HS-grad,Married,<=50K.
33,Private,HS-grad,Never Married,<=50K.
26,Private,Some-college,Never Married,<=50K.
48,Private,Some-college,Separated,<=50K.
31,Private,HS-grad,Never Married,<=50K.
36,Private,HS-grad,Married,<=50K.
48,Private,HS-grad,Divorced,<=50K.
30,Private,HS-grad,Married,<=50K.
33,Private,HS-grad,Married,>50K.
19,NA,9th,Never Married,<=50K.
37,Govt,Assoc-acdm,Married,>50K.
53,Private,Bachelors,Married,>50K.
18,Private,Some-college,Never Married,<=50K.
38,Private,Some-college,Married,>50K.
34,Private,Some-college,Never Married,<=50K.
45,Private,Bachelors,Married,>50K.
33,Govt,Assoc-voc,Married,<=50K.
35,Private,Assoc-voc,Married,<=50K.
22,Private,HS-grad,Never Married,<=50K.
35,Private,HS-grad,Divorced,<=50K.
45,Private,HS-grad,Married,<=50K.
17,Private,11th,Never Married,<=50K.
50,Private,HS-grad,Married,<=50K.
38,Govt,Bachelors,Married,>50K.
33,Private,Some-college,Married,>50K.
46,Private,HS-grad,Married,<=50K.
25,Private,Bachelors,Never Married,<=50K.
64,Private,HS-grad,Married,<=50K.
62,Self,Some-college,Married,<=50K.
32,Private,HS-grad,Married,>50K.
17,Private,11th,Never Married,<=50K.
61,Private,HS-grad,Married,<=50K.
40,Govt,Doctorate,Never Married,<=50K.
21,Private,HS-grad,Never Married,<=50K.
39,Private,Bachelors,Married,>50K.
35,Self,Some-college,Married,<=50K.
29,Private,Assoc-voc,Married,<=50K.
27,Govt,Assoc-acdm,Never Married,<=50K.
20,Private,Assoc-acdm,Never Married,<=50K.
34,NA,Some-college,Married,>50K.
51,Govt,Masters,Never Married,<=50K.
45,Private,HS-grad,Separated,<=50K.
20,NA,Some-college,Never Married,<=50K.
31,Private,Some-college,Married,<=50K.
29,Private,HS-grad,Never Married,<=50K.
56,Private,Bachelors,Married,<=50K.
55,Self,Some-college,Divorced,>50K.
26,Private,Some-college,Never Married,<=50K.
46,Private,Some-college,Married,>50K.
32,Govt,HS-grad,Married,<=50K.
28,Private,HS-grad,Married,<=50K.
27,Private,7th-8th,Never Married,<=50K.
23,Private,9th,Married,<=50K.
59,Private,10th,Married,<=50K.
26,Private,12th,Never Married,<=50K.
36,Private,10th,Never Married,<=50K.
18,Private,HS-grad,Never Married,<=50K.
33,Private,9th,Divorced,<=50K.
60,Self,Assoc-voc,Married,>50K.
40,Private,HS-grad,Divorced,<=50K.
48,Private,HS-grad,Married,<=50K.
27,Self,10th,Married,<=50K.
19,Private,Some-college,Never Married,<=50K.
38,Private,Bachelors,Married,>50K.
26,Private,Some-college,Divorced,<=50K.
45,Govt,Assoc-voc,Married,<=50K.
20,Private,Some-college,Never Married,<=50K.
32,Govt,HS-grad,Divorced,<=50K.
22,Private,Some-college,Never Married,<=50K.
22,Private,HS-grad,Never Married,<=50K.
38,Govt,HS-grad,Never Married,<=50K.
34,Private,HS-grad,Married,>50K.
46,Private,1st-4th,Widowed,<=50K.
39,Private,Bachelors,Divorced,<=50K.
79,Self,HS-grad,Widowed,<=50K.
60,NA,Bachelors,Married,>50K.
24,Private,HS-grad,Never Married,<=50K.
31,Private,Some-college,Married,<=50K.
37,Self,Bachelors,Married,<=50K.
23,Private,HS-grad,Never Married,<=50K.
31,Private,Some-college,Married,<=50K.
29,Private,Bachelors,Married,>50K.
22,Govt,Bachelors,Never Married,<=50K.
69,NA,Some-college,Widowed,<=50K.
55,Govt,HS-grad,Divorced,<=50K.
43,Private,HS-grad,Divorced,<=50K.
23,Private,7th-8th,Never Married,<=50K.
29,Private,HS-grad,Never Married,<=50K.
22,Private,Assoc-voc,Never Married,<=50K.
22,Private,Some-college,Never Married,<=50K.
25,Private,HS-grad,Married,>50K.
29,Private,Some-college,Never Married,<=50K.
25,Govt,Some-college,Never Married,<=50K.
33,Govt,HS-grad,Never Married,<=50K.
33,Private,Bachelors,Never Married,>50K.
31,Private,Doctorate,Never Married,<=50K.
30,Govt,Masters,Married,>50K.
55,Private,Bachelors,Married,<=50K.
36,Private,12th,Never Married,<=50K.
47,NA,HS-grad,Widowed,<=50K.
28,Private,Bachelors,Never Married,>50K.
42,Private,Masters,Married,>50K.
51,Private,Assoc-acdm,Divorced,<=50K.
62,Govt,Bachelors,Divorced,<=50K.
65,Self,Some-college,Married,>50K.
23,Private,Bachelors,Married,<=50K.
60,NA,HS-grad,Married,<=50K.
47,Private,7th-8th,Married,>50K.
50,Self,HS-grad,Divorced,<=50K.
70,NA,Bachelors,Married,<=50K.
32,Self,Bachelors,Married,<=50K.
37,Govt,Some-college,Married,<=50K.
31,Private,HS-grad,Never Married,>50K.
76,Private,10th,Widowed,<=50K.
54,Private,Bachelors,Divorced,<=50K.
32,Govt,Bachelors,Married,>50K.
31,Private,Some-college,Never Married,<=50K.
31,Govt,Bachelors,Divorced,>50K.
65,Self,Prof-school,Divorced,<=50K.
30,Private,HS-grad,Married,>50K.
63,NA,HS-grad,Married,<=50K.
21,Private,Some-college,Never Married,<=50K.
40,Govt,Masters,Married,>50K.
26,Govt,Some-college,Never Married,<=50K.
18,Private,11th,Never Married,<=50K.
34,Govt,HS-grad,Married,<=50K.
66,Govt,Some-college,Divorced,>50K.
44,Self,Some-college,Never Married,<=50K.
30,Private,Assoc-acdm,Never Married,<=50K.
36,Self,Bachelors,Never Married,<=50K.
31,Private,Some-college,Married,>50K.
22,Private,Some-college,Never Married,<=50K.
28,NA,7th-8th,Divorced,<=50K.
23,Private,HS-grad,Never Married,<=50K.
49,Private,Masters,Married,>50K.
39,Self,Bachelors,Separated,<=50K.
67,NA,Bachelors,Married,>50K.
19,Private,Some-college,Never Married,<=50K.
30,Private,Assoc-acdm,Married,>50K.
25,Private,Some-college,Never Married,<=50K.
24,Private,HS-grad,Never Married,<=50K.
46,Private,HS-grad,Married,<=50K.
37,Private,Masters,Married,<=50K.
41,Govt,HS-grad,Married,<=50K.
40,Self,Some-college,Married,<=50K.
44,Private,HS-grad,Divorced,<=50K.
32,Private,HS-grad,Married,<=50K.
58,Private,HS-grad,Married,>50K.
48,Private,HS-grad,Married,<=50K.
34,Private,Bachelors,Married,<=50K.
29,Private,Assoc-voc,Never Married,<=50K.
46,Self,Bachelors,Married,>50K.
36,Govt,HS-grad,Never Married,<=50K.
59,Govt,Bachelors,Never Married,<=50K.
29,Private,12th,Married,<=50K.
50,NA,Masters,Never Married,<=50K.
25,Private,HS-grad,Married,<=50K.
27,Private,Assoc-acdm,Never Married,<=50K.
48,Private,HS-grad,Married,<=50K.
51,Govt,Doctorate,Never Married,>50K.
36,Private,HS-grad,Divorced,>50K.
42,Govt,11th,Divorced,>50K.
49,Govt,Bachelors,Married,>50K.
33,Private,Some-college,Never Married,<=50K.
40,Private,Bachelors,Divorced,>50K.
26,Private,Bachelors,Never Married,<=50K.
69,NA,HS-grad,Divorced,>50K.
59,Private,HS-grad,Married,<=50K.
30,Private,HS-grad,Never Married,<=50K.
31,Govt,Assoc-acdm,Married,<=50K.
30,Private,Bachelors,Married,>50K.
27,Private,Bachelors,Never Married,<=50K.
20,NA,Some-college,Never Married,<=50K.
56,Private,Assoc-acdm,Divorced,<=50K.
24,Private,HS-grad,Married,<=50K.
47,Private,Bachelors,Divorced,<=50K.
51,Private,Bachelors,Never Married,<=50K.
34,Private,HS-grad,Married,<=50K.
47,Private,HS-grad,Divorced,<=50K.
47,Private,Some-college,Married,>50K.
20,Private,Some-college,Never Married,<=50K.
34,Self,HS-grad,Married,>50K.
31,Private,11th,Divorced,<=50K.
42,Private,Assoc-voc,Divorced,<=50K.
52,Private,5th-6th,Married,<=50K.
56,Private,HS-grad,Widowed,<=50K.
53,Private,HS-grad,Married,>50K.
26,Private,Some-college,Married,>50K.
81,Private,Some-college,Divorced,<=50K.
28,NA,10th,Never Married,<=50K.
57,Govt,Some-college,Divorced,>50K.
34,Private,HS-grad,Never Married,<=50K.
31,NA,10th,Married,<=50K.
24,Private,Assoc-voc,Never Married,<=50K.
20,Private,HS-grad,Never Married,<=50K.
68,Govt,Some-college,Divorced,<=50K.
60,Private,HS-grad,Separated,<=50K.
37,Govt,Some-college,Married,<=50K.
25,Private,7th-8th,Never Married,<=50K.
36,Govt,HS-grad,Married,<=50K.
45,Private,Assoc-acdm,Married,<=50K.
34,Private,Some-college,Married,>50K.
31,Private,Bachelors,Separated,<=50K.
47,Self,Bachelors,Married,<=50K.
60,Self,HS-grad,Married,>50K.
75,Private,Bachelors,Married,<=50K.
43,Govt,Some-college,Married,<=50K.
18,Private,HS-grad,Never Married,<=50K.
25,Private,Bachelors,Never Married,<=50K.
20,Private,HS-grad,Never Married,<=50K.
32,Private,HS-grad,Never Married,<=50K.
57,Self,Bachelors,Married,<=50K.
43,Private,Some-college,Married,>50K.
18,Self,HS-grad,Never Married,<=50K.
41,Govt,Bachelors,Separated,<=50K.
48,Private,HS-grad,Never Married,<=50K.
35,Private,HS-grad,Married,>50K.
41,Govt,Assoc-voc,Married,<=50K.
23,Private,HS-grad,Never Married,<=50K.
32,Govt,Bachelors,Married,>50K.
33,Private,HS-grad,Never Married,<=50K.
58,Private,HS-grad,Married,<=50K.
22,Private,Some-college,Never Married,<=50K.
33,Private,Some-college,Divorced,<=50K.
42,Self,Prof-school,Married,>50K.
25,Private,HS-grad,Never Married,<=50K.
39,Private,HS-grad,Married,>50K.
35,Private,Bachelors,Married,>50K.
50,Private,Some-college,Married,>50K.
49,Govt,Masters,Married,>50K.
25,Govt,Bachelors,Never Married,<=50K.
47,Govt,Some-college,Divorced,<=50K.
46,Private,Some-college,Married,>50K.
42,Govt,Assoc-acdm,Divorced,<=50K.
37,Private,11th,Never Married,>50K.
25,Private,Bachelors,Never Married,<=50K.
29,Private,10th,Married,<=50K.
26,Private,Some-college,Never Married,<=50K.
26,NA,Some-college,Never Married,<=50K.
45,Self,Bachelors,Married,>50K.
34,Private,HS-grad,Separated,<=50K.
33,Govt,Assoc-acdm,Never Married,<=50K.
43,Private,Bachelors,Married,>50K.
28,Private,HS-grad,Married,<=50K.
51,Self,Some-college,Married,<=50K.
21,Private,Some-college,Never Married,<=50K.
23,Private,Assoc-acdm,Never Married,<=50K.
30,Private,HS-grad,Never Married,<=50K.
46,Private,Masters,Married,>50K.
38,Self,HS-grad,Never Married,<=50K.
20,Private,HS-grad,Never Married,<=50K.
36,Private,Bachelors,Married,>50K.
37,Self,Prof-school,Married,>50K.
44,Govt,Masters,Never Married,<=50K.
33,Private,HS-grad,Married,>50K.
45,Govt,Bachelors,Never Married,<=50K.
47,Private,Some-college,Married,<=50K.
54,Private,HS-grad,Married,>50K.
17,Private,10th,Never Married,<=50K.
43,Private,HS-grad,Married,>50K.
45,Private,Bachelors,Widowed,>50K.
37,Private,Some-college,Never Married,<=50K.
44,Govt,Assoc-voc,Married,>50K.
55,Govt,Masters,Widowed,<=50K.
41,Private,HS-grad,Married,<=50K.
23,Private,Bachelors,Never Married,<=50K.
38,Private,Some-college,Never Married,<=50K.
23,Private,Bachelors,Never Married,<=50K.
35,Private,HS-grad,Married,>50K.
18,Private,11th,Never Married,<=50K.
47,Private,Assoc-voc,Married,<=50K.
25,Private,Some-college,Never Married,<=50K.
41,Self,HS-grad,Married,<=50K.
23,Private,Some-college,Never Married,<=50K.
41,Private,HS-grad,Married,<=50K.
26,Private,Some-college,Married,<=50K.
30,Govt,Some-college,Never Married,<=50K.
42,Private,Some-college,Married,>50K.
35,Private,HS-grad,Divorced,<=50K.
28,NA,Bachelors,Never Married,<=50K.
29,Private,Some-college,Separated,<=50K.
21,Private,Some-college,Married,<=50K.
48,Govt,Masters,Divorced,>50K.
44,Self,HS-grad,Divorced,<=50K.
34,Govt,9th,Never Married,<=50K.
19,Private,HS-grad,Never Married,<=50K.
32,Private,Some-college,Divorced,>50K.
31,Govt,Assoc-acdm,Separated,<=50K.
25,Private,HS-grad,Married,<=50K.
47,Govt,HS-grad,Married,>50K.
46,Govt,11th,Widowed,<=50K.
18,Private,12th,Never Married,<=50K.
31,Private,Some-college,Married,<=50K.
28,Govt,HS-grad,Married,<=50K.
38,Private,HS-grad,Married,>50K.
33,Self,HS-grad,Married,>50K.
17,NA,10th,Never Married,<=50K.
41,Private,Assoc-voc,Married,>50K.
46,Private,Some-college,Married,>50K.
38,Govt,Some-college,Married,<=50K.
24,Private,Bachelors,Never Married,<=50K.
49,Private,HS-grad,Married,>50K.
60,Govt,Some-college,Divorced,<=50K.
44,Private,Bachelors,Married,>50K.
63,Self,Assoc-voc,Married,>50K.
40,Private,HS-grad,Married,>50K.
45,Self,Some-college,Married,>50K.
49,Private,Some-college,Married,>50K.
36,Private,HS-grad,Divorced,<=50K.
65,Govt,HS-grad,Married,<=50K.
41,Private,Bachelors,Widowed,<=50K.
25,Private,Masters,Separated,<=50K.
20,NA,Some-college,Never Married,<=50K.
60,Private,Assoc-voc,Widowed,<=50K.
17,Govt,11th,Never Married,<=50K.
28,Private,Assoc-acdm,Married,>50K.
31,Private,Assoc-acdm,Never Married,<=50K.
47,Private,Masters,Never Married,<=50K.
45,Self,Some-college,Married,<=50K.
51,Private,Bachelors,Never Married,<=50K.
23,Private,HS-grad,Never Married,<=50K.
44,Self,Masters,Married,>50K.
34,Private,HS-grad,Never Married,<=50K.
19,Private,Some-college,Never Married,<=50K.
51,NA,HS-grad,Married,>50K.
46,Govt,HS-grad,Married,<=50K.
30,Private,Doctorate,Married,>50K.
37,Private,10th,Married,<=50K.
56,Private,Prof-school,Married,>50K.
29,Private,HS-grad,Married,<=50K.
46,Self,Masters,Married,>50K.
55,Private,HS-grad,Married,<=50K.
45,Private,Bachelors,Divorced,>50K.
34,Private,HS-grad,Married,<=50K.
45,NA,9th,Separated,<=50K.
41,Private,Bachelors,Never Married,<=50K.
22,NA,Some-college,Never Married,<=50K.
34,Private,Prof-school,Married,>50K.
27,Private,HS-grad,Never Married,<=50K.
29,Private,Some-college,Never Married,<=50K.
19,Govt,12th,Never Married,<=50K.
47,Govt,Bachelors,Married,<=50K.
43,Self,Some-college,Married,>50K.
52,Private,Assoc-voc,Separated,<=50K.
33,Self,Assoc-acdm,Divorced,<=50K.
29,Private,9th,Married,<=50K.
23,Private,HS-grad,Married,<=50K.
23,Private,Some-college,Never Married,<=50K.
39,Private,Bachelors,Married,<=50K.
43,Private,5th-6th,Never Married,<=50K.
31,Private,HS-grad,Married,>50K.
47,Self,HS-grad,Married,>50K.
26,Private,HS-grad,Never Married,<=50K.
58,Govt,Some-college,Never Married,<=50K.
47,Self,Prof-school,Divorced,>50K.
55,Private,Bachelors,Never Married,<=50K.
26,Private,HS-grad,Married,<=50K.
28,Private,HS-grad,Never Married,<=50K.
36,Private,HS-grad,Married,<=50K.
40,Private,HS-grad,Married,<=50K.
19,Private,11th,Never Married,<=50K.
63,Self,Bachelors,Married,>50K.
42,Private,Bachelors,Married,<=50K.
76,Private,9th,Married,<=50K.
23,Govt,Assoc-voc,Never Married,<=50K.
38,Self,5th-6th,Never Married,<=50K.
33,Govt,Masters,Never Married,<=50K.
48,Govt,Masters,Married,>50K.
56,Private,Some-college,Divorced,>50K.
32,Private,HS-grad,Married,<=50K.
44,Govt,Some-college,Divorced,<=50K.
27,Private,HS-grad,Divorced,<=50K.
33,Govt,Some-college,Never Married,<=50K.
22,Private,5th-6th,Never Married,<=50K.
18,NA,Some-college,Never Married,<=50K.
44,Private,HS-grad,Married,<=50K.
42,Private,HS-grad,Married,<=50K.
34,Private,Some-college,Never Married,<=50K.
45,Govt,HS-grad,Married,<=50K.
57,Self,HS-grad,Married,<=50K.
59,Govt,Bachelors,Married,>50K.
33,Govt,Some-college,Married,>50K.
52,Private,HS-grad,Married,<=50K.
17,Private,12th,Never Married,<=50K.
29,Private,HS-grad,Never Married,<=50K.
63,Self,Bachelors,Married,>50K.
20,Private,Some-college,Never Married,<=50K.
42,Self,Prof-school,Married,>50K.
50,Self,HS-grad,Married,<=50K.
55,Private,HS-grad,Married,<=50K.
27,Private,Assoc-acdm,Married,<=50K.
28,Private,Bachelors,Married,<=50K.
55,Private,Assoc-voc,Married,<=50K.
44,Govt,Some-college,Married,<=50K.
53,Govt,Some-college,Never Married,<=50K.
23,Private,HS-grad,Married,<=50K.
25,Private,HS-grad,Divorced,<=50K.
44,Govt,Bachelors,Divorced,<=50K.
55,Private,Masters,Married,>50K.
48,Self,Some-college,Married,>50K.
46,Private,HS-grad,Married,<=50K.
26,Private,Some-college,Never Married,<=50K.
30,Private,7th-8th,Separated,<=50K.
32,Private,Masters,Married,>50K.
52,Private,HS-grad,Married,<=50K.
52,Private,HS-grad,Married,>50K.
39,Private,HS-grad,Separated,<=50K.
57,Govt,Bachelors,Married,>50K.
21,Private,HS-grad,Never Married,<=50K.
22,Govt,Some-college,Never Married,<=50K.
26,Private,Some-college,Married,<=50K.
26,Govt,Some-college,Married,<=50K.
44,Private,Assoc-voc,Married,>50K.
42,Private,Some-college,Divorced,<=50K.
40,Private,Some-college,Married,<=50K.
22,Private,11th,Never Married,<=50K.
62,Private,HS-grad,Married,>50K.
44,Private,Some-college,Married,<=50K.
18,NA,Some-college,Never Married,<=50K.
33,Self,1st-4th,Married,<=50K.
45,Private,HS-grad,Married,<=50K.
18,Private,11th,Married,<=50K.
32,Govt,Some-college,Never Married,<=50K.
33,Private,Doctorate,Never Married,>50K.
20,Private,Some-college,Never Married,<=50K.
68,Self,HS-grad,Married,<=50K.
61,Private,7th-8th,Married,>50K.
48,Private,Doctorate,Married,>50K.
45,Private,HS-grad,Married,<=50K.
36,Self,HS-grad,Married,>50K.
32,Govt,HS-grad,Never Married,<=50K.
35,Private,Bachelors,Divorced,<=50K.
39,Private,HS-grad,Married,<=50K.
53,Private,7th-8th,Married,<=50K.
30,Private,Some-college,Separated,<=50K.
37,Private,HS-grad,Never Married,<=50K.
40,Private,Bachelors,Divorced,<=50K.
25,Private,Some-college,Never Married,<=50K.
41,Private,HS-grad,Never Married,<=50K.
52,Self,HS-grad,Married,>50K.
33,Private,HS-grad,Married,<=50K.
28,Private,HS-grad,Never Married,<=50K.
25,Self,HS-grad,Married,>50K.
53,Private,Some-college,Married,<=50K.
44,Private,1st-4th,Never Married,<=50K.
35,Private,HS-grad,Divorced,<=50K.
38,Private,Some-college,Divorced,<=50K.
34,Private,HS-grad,Married,<=50K.
33,Private,HS-grad,Divorced,<=50K.
24,Govt,Some-college,Married,<=50K.
65,Govt,HS-grad,Widowed,<=50K.
29,Private,Assoc-acdm,Married,<=50K.
39,Self,Prof-school,Married,>50K.
46,Govt,Some-college,Married,>50K.
37,Private,7th-8th,Married,<=50K.
47,Govt,Masters,Married,>50K.
62,Private,Some-college,Married,<=50K.
54,Self,HS-grad,Married,<=50K.
90,Private,Some-college,Never Married,<=50K.
33,Private,Assoc-acdm,Married,<=50K.
57,Private,Some-college,Married,<=50K.
25,Private,Assoc-acdm,Never Married,<=50K.
44,Self,Some-college,Married,>50K.
52,Private,Bachelors,Married,<=50K.
21,Private,Some-college,Never Married,<=50K.
31,Private,HS-grad,Never Married,<=50K.
39,Private,Masters,Married,<=50K.
59,Govt,HS-grad,Widowed,<=50K.
29,Self,HS-grad,Married,<=50K.
49,Private,7th-8th,Never Married,<=50K.
34,Private,9th,Married,<=50K.
22,Private,Bachelors,Never Married,<=50K.
32,Private,Bachelors,Married,<=50K.
39,Govt,HS-grad,Divorced,<=50K.
46,Private,Masters,Married,<=50K.
50,Private,HS-grad,Married,>50K.
34,Private,HS-grad,Never Married,<=50K.
28,Govt,Masters,Married,<=50K.
18,Private,12th,Never Married,<=50K.
20,Private,HS-grad,Never Married,<=50K.
20,Private,HS-grad,Never Married,<=50K.
55,Govt,Assoc-voc,Widowed,<=50K.
22,Private,Some-college,Never Married,<=50K.
60,Self,Masters,Married,<=50K.
40,Private,10th,Divorced,<=50K.
47,Govt,Some-college,Married,<=50K.
23,Private,Bachelors,Never Married,<=50K.
57,Govt,HS-grad,Widowed,<=50K.
52,Private,11th,Married,<=50K.
42,Private,7th-8th,Widowed,<=50K.
25,Private,Assoc-acdm,Never Married,<=50K.
49,Self,HS-grad,Married,>50K.
41,Govt,Some-college,Never Married,<=50K.
40,Govt,Assoc-voc,Married,<=50K.
38,Private,Bachelors,Married,>50K.
58,Private,HS-grad,Never Married,<=50K.
26,Private,Bachelors,Never Married,<=50K.
57,Private,10th,Divorced,<=50K.
28,Private,HS-grad,Married,<=50K.
42,Private,HS-grad,Separated,<=50K.
28,Private,Some-college,Never Married,<=50K.
17,NA,9th,Never Married,<=50K.
39,Self,9th,Married,<=50K.
28,Private,HS-grad,Married,<=50K.
42,Private,HS-grad,Married,>50K.
51,Self,Some-college,Divorced,<=50K.
27,Private,Some-college,Never Married,<=50K.
41,Private,HS-grad,Divorced,<=50K.
28,Private,Bachelors,Married,<=50K.
54,Self,Some-college,Divorced,>50K.
73,NA,HS-grad,Widowed,<=50K.
49,Private,HS-grad,Married,<=50K.
47,Private,Masters,Married,>50K.
27,Private,Some-college,Married,<=50K.
42,Govt,Bachelors,Married,>50K.
32,Private,HS-grad,Married,<=50K.
32,Govt,HS-grad,Married,<=50K.
27,Private,Masters,Never Married,<=50K.
29,Private,HS-grad,Married,>50K.
22,Private,Assoc-voc,Never Married,<=50K.
41,Govt,HS-grad,Married,>50K.
49,Govt,Some-college,Married,>50K.
58,Self,HS-grad,Married,<=50K.
41,Self,HS-grad,Married,>50K.
26,Private,9th,Married,<=50K.
21,Private,HS-grad,Never Married,<=50K.
32,NA,HS-grad,Married,>50K.
37,Private,Bachelors,Married,>50K.
23,Private,Bachelors,Never Married,<=50K.
42,Self,Some-college,Married,>50K.
25,Private,HS-grad,Married,>50K.
67,Private,Some-college,Divorced,<=50K.
41,Govt,HS-grad,Divorced,<=50K.
49,Govt,Masters,Married,>50K.
36,Private,Bachelors,Divorced,<=50K.
18,Private,11th,Never Married,<=50K.
25,Private,5th-6th,Married,<=50K.
43,Govt,Prof-school,Divorced,<=50K.
38,Private,Doctorate,Married,>50K.
21,Private,Some-college,Never Married,<=50K.
65,Self,Bachelors,Married,<=50K.
66,Private,Assoc-voc,Widowed,<=50K.
33,Private,11th,Never Married,<=50K.
51,Private,HS-grad,Married,<=50K.
27,Self,HS-grad,Married,<=50K.
17,Private,12th,Never Married,<=50K.
32,Private,Bachelors,Married,>50K.
61,NA,HS-grad,Widowed,<=50K.
38,Private,HS-grad,Married,>50K.
43,Govt,Some-college,Divorced,<=50K.
40,Govt,Doctorate,Married,>50K.
63,Private,Bachelors,Married,<=50K.
76,NA,Some-college,Married,>50K.
42,Private,Assoc-acdm,Divorced,<=50K.
43,Govt,Bachelors,Never Married,>50K.
76,Self,Masters,Married,>50K.
41,Govt,Prof-school,Married,>50K.
17,Private,10th,Never Married,<=50K.
30,Self,HS-grad,Never Married,<=50K.
30,Private,Bachelors,Never Married,<=50K.
22,Private,Some-college,Never Married,<=50K.
53,NA,Bachelors,Divorced,<=50K.
28,Private,HS-grad,Never Married,<=50K.
25,NA,Assoc-voc,Never Married,<=50K.
24,Private,Some-college,Never Married,<=50K.
47,Private,10th,Married,>50K.
34,Self,Assoc-voc,Never Married,<=50K.
26,Private,Some-college,Never Married,<=50K.
63,NA,Bachelors,Widowed,<=50K.
25,Private,Assoc-voc,Married,<=50K.
28,Private,Bachelors,Never Married,<=50K.
36,Private,HS-grad,Never Married,<=50K.
24,Private,Bachelors,Never Married,<=50K.
51,Self,Bachelors,Married,<=50K.
44,Private,Bachelors,Married,>50K.
18,Private,12th,Never Married,<=50K.
54,Govt,Some-college,Married,>50K.
61,Private,Some-college,Divorced,<=50K.
51,Private,Bachelors,Married,>50K.
43,Private,7th-8th,Married,<=50K.
51,Private,HS-grad,Married,<=50K.
50,Govt,HS-grad,Married,>50K.
27,NA,HS-grad,Never Married,<=50K.
24,Private,Some-college,Married,<=50K.
20,Govt,Some-college,Married,<=50K.
52,Private,Bachelors,Divorced,>50K.
57,Govt,7th-8th,Divorced,<=50K.
49,Self,Some-college,Married,<=50K.
42,Self,Bachelors,Married,<=50K.
22,Private,11th,Never Married,<=50K.
38,Private,Some-college,Married,>50K.
21,Private,Some-college,Never Married,<=50K.
39,Govt,Bachelors,Married,>50K.
52,Self,Some-college,Never Married,<=50K.
25,Private,Assoc-acdm,Never Married,<=50K.
50,Private,Some-college,Married,<=50K.
35,Govt,Some-college,Married,<=50K.
50,Private,Assoc-voc,Separated,<=50K.
58,Private,HS-grad,Married,<=50K.
48,Govt,Bachelors,Divorced,<=50K.
30,Private,Some-college,Divorced,<=50K.
18,Private,11th,Never Married,<=50K.
29,Self,HS-grad,Married,<=50K.
52,Self,Some-college,Married,<=50K.
63,Private,HS-grad,Married,<=50K.
36,Govt,Masters,Married,>50K.
24,Private,Some-college,Never Married,<=50K.
30,Govt,Assoc-acdm,Never Married,<=50K.
23,Private,HS-grad,Married,<=50K.
35,NA,HS-grad,Divorced,<=50K.
21,Private,Bachelors,Never Married,<=50K.
28,Private,Some-college,Never Married,<=50K.
20,Private,HS-grad,Never Married,<=50K.
18,Private,11th,Never Married,<=50K.
21,Private,Some-college,Never Married,<=50K.
27,Private,HS-grad,Never Married,<=50K.
42,Private,Some-college,Divorced,<=50K.
21,Private,Some-college,Never Married,<=50K.
51,Private,Some-college,Married,>50K.
27,Govt,Bachelors,Never Married,<=50K.
23,Self,HS-grad,Never Married,<=50K.
57,Private,Some-college,Married,>50K.
22,Govt,Bachelors,Never Married,<=50K.
59,Private,9th,Married,>50K.
38,Private,HS-grad,Divorced,<=50K.
20,Private,HS-grad,Never Married,<=50K.
90,Private,9th,Never Married,<=50K.
35,Private,Assoc-voc,Married,<=50K.
50,Private,HS-grad,Married,>50K.
45,Private,Doctorate,Married,>50K.
44,Private,Masters,Married,>50K.
23,Private,Assoc-acdm,Never Married,<=50K.
34,Private,11th,Married,<=50K.
23,Self,Bachelors,Divorced,<=50K.
39,Govt,Some-college,Married,<=50K.
19,Private,Some-college,Never Married,<=50K.
54,Private,Some-college,Married,>50K.
40,Private,Masters,Divorced,<=50K.
44,Private,Some-college,Never Married,<=50K.
31,Self,Some-college,Married,>50K.
25,Private,9th,Separated,<=50K.
33,Private,Bachelors,Married,>50K.
32,Private,HS-grad,Never Married,<=50K.
36,Private,10th,Married,<=50K.
47,Self,Some-college,Married,>50K.
80,Private,Masters,Widowed,<=50K.
21,Private,Some-college,Never Married,<=50K.
35,Self,Some-college,Married,<=50K.
77,NA,Masters,Divorced,<=50K.
30,Private,HS-grad,Married,<=50K.
35,NA,HS-grad,Married,<=50K.
49,Private,7th-8th,Married,<=50K.
33,Private,HS-grad,Married,<=50K.
53,Self,Some-college,Married,<=50K.
41,Private,HS-grad,Divorced,<=50K.
57,Private,Bachelors,Married,>50K.
21,NA,Some-college,Never Married,<=50K.
19,Private,Some-college,Never Married,<=50K.
28,Private,Bachelors,Never Married,<=50K.
42,Govt,Masters,Divorced,<=50K.
29,Self,Some-college,Married,<=50K.
38,NA,Assoc-voc,Separated,<=50K.
26,Private,Some-college,Never Married,<=50K.
41,Private,Some-college,Never Married,>50K.
40,Private,Some-college,Divorced,<=50K.
36,Self,Doctorate,Never Married,>50K.
28,Private,HS-grad,Married,<=50K.
25,Self,Bachelors,Never Married,<=50K.
42,Self,HS-grad,Married,<=50K.
32,Private,HS-grad,Never Married,<=50K.
32,Private,Assoc-acdm,Never Married,<=50K.
37,Private,5th-6th,Married,<=50K.
39,Govt,HS-grad,Married,<=50K.
49,Private,Bachelors,Married,<=50K.
28,NA,HS-grad,Never Married,<=50K.
24,NA,9th,Never Married,<=50K.
19,Private,HS-grad,Never Married,<=50K.
31,Private,HS-grad,Married,<=50K.
40,Private,HS-grad,Divorced,<=50K.
29,Private,7th-8th,Never Married,<=50K.
59,Private,HS-grad,Married,<=50K.
52,Private,Assoc-acdm,Married,>50K.
27,Private,Bachelors,Never Married,<=50K.
45,Govt,Bachelors,Married,>50K.
58,Private,Bachelors,Married,<=50K.
53,Private,Bachelors,Never Married,<=50K.
23,Private,HS-grad,Never Married,<=50K.
35,Private,11th,Divorced,<=50K.
49,Private,HS-grad,Married,<=50K.
49,Private,Assoc-acdm,Divorced,<=50K.
25,Private,12th,Never Married,<=50K.
47,Private,Masters,Divorced,>50K.
28,Private,Assoc-acdm,Divorced,<=50K.
20,Private,Some-college,Never Married,<=50K.
74,NA,5th-6th,Married,<=50K.
19,Private,HS-grad,Never Married,<=50K.
28,Private,HS-grad,Married,<=50K.
31,Private,Some-college,Divorced,<=50K.
61,NA,Some-college,Married,<=50K.
30,Private,Assoc-voc,Married,<=50K.
20,NA,Some-college,Never Married,<=50K.
35,Private,7th-8th,Married,>50K.
23,Private,Bachelors,Never Married,<=50K.
25,Private,Bachelors,Married,>50K.
19,Private,HS-grad,Never Married,<=50K.
30,Private,Masters,Never Married,>50K.
26,Private,HS-grad,Never Married,<=50K.
34,Govt,HS-grad,Married,<=50K.
49,Private,Bachelors,Divorced,<=50K.
35,Private,Some-college,Married,<=50K.
38,Private,HS-grad,Never Married,<=50K.
36,Private,HS-grad,Married,<=50K.
33,Private,HS-grad,Married,>50K.
54,Private,Some-college,Never Married,<=50K.
19,Govt,HS-grad,Never Married,<=50K.
18,Unemp,10th,Never Married,<=50K.
60,Private,HS-grad,Married,<=50K.
28,Self,HS-grad,Never Married,<=50K.
43,Self,HS-grad,Married,<=50K.
49,Govt,5th-6th,Married,<=50K.
25,Private,Bachelors,Never Married,<=50K.
17,Private,10th,Never Married,<=50K.
41,Self,Bachelors,Married,>50K.
30,Private,Some-college,Married,<=50K.
90,Govt,Masters,Married,>50K.
25,Private,HS-grad,Never Married,<=50K.
27,Private,Assoc-voc,Married,<=50K.
29,Private,HS-grad,Married,<=50K.
55,Private,Some-college,Married,>50K.
31,Govt,Bachelors,Never Married,<=50K.
43,Private,Assoc-voc,Married,<=50K.
63,Private,Masters,Separated,>50K.
46,Private,7th-8th,Married,<=50K.
59,Private,HS-grad,Married,<=50K.
42,Private,Bachelors,Married,>50K.
26,Private,Bachelors,Never Married,<=50K.
26,Private,Some-college,Married,<=50K.
20,NA,Some-college,Never Married,<=50K.
19,NA,HS-grad,Never Married,<=50K.
61,Private,9th,Divorced,>50K.
23,Govt,HS-grad,Married,<=50K.
24,Private,HS-grad,Married,<=50K.
35,Private,Bachelors,Divorced,>50K.
42,Self,HS-grad,Married,<=50K.
31,Private,12th,Divorced,<=50K.
31,Private,HS-grad,Married,<=50K.
63,Private,Bachelors,Widowed,<=50K.
29,Govt,Assoc-voc,Never Married,<=50K.
43,Govt,Bachelors,Married,<=50K.
22,Private,Bachelors,Never Married,<=50K.
17,Private,11th,Never Married,<=50K.
23,Self,Bachelors,Never Married,>50K.
35,Private,9th,Divorced,<=50K.
32,Private,HS-grad,Divorced,<=50K.
50,Self,Bachelors,Married,>50K.
25,Private,HS-grad,Never Married,<=50K.
26,Govt,Masters,Married,<=50K.
32,Private,Bachelors,Married,<=50K.
29,Private,Assoc-voc,Married,<=50K.
57,Private,Some-college,Married,>50K.
90,Private,Masters,Never Married,>50K.
35,Private,Assoc-voc,Divorced,>50K.
31,Self,Some-college,Married,>50K.
60,Private,HS-grad,Divorced,<=50K.
21,Private,Assoc-voc,Married,<=50K.
71,Govt,Masters,Widowed,<=50K.
22,Private,Assoc-voc,Never Married,<=50K.
50,Govt,HS-grad,Divorced,<=50K.
37,Private,Some-college,Married,>50K.
23,Private,HS-grad,Never Married,<=50K.
74,Private,HS-grad,Married,<=50K.
67,Private,Some-college,Married,<=50K.
59,Private,Some-college,Married,>50K.
28,Private,HS-grad,Married,<=50K.
45,Private,HS-grad,Married,<=50K.
63,Self,Some-college,Married,<=50K.
39,Private,Bachelors,Never Married,<=50K.
33,Govt,Some-college,Divorced,<=50K.
32,Private,Bachelors,Never Married,<=50K.
34,Private,Bachelors,Married,>50K.
39,Private,HS-grad,Never Married,<=50K.
29,Govt,Masters,Married,<=50K.
22,Private,HS-grad,Married,<=50K.
53,Private,Bachelors,Divorced,>50K.
46,Private,Assoc-voc,Married,<=50K.
51,Private,Some-college,Married,>50K.
44,Private,Prof-school,Divorced,<=50K.
56,Govt,HS-grad,Divorced,<=50K.
27,Private,Bachelors,Never Married,<=50K.
52,Private,9th,Married,<=50K.
39,Private,Bachelors,Never Married,>50K.
45,Govt,Some-college,Married,>50K.
37,Private,Some-college,Married,<=50K.
33,Private,HS-grad,Divorced,<=50K.
35,NA,HS-grad,Never Married,<=50K.
46,Private,5th-6th,Married,<=50K.
35,Private,12th,Married,<=50K.
33,Private,HS-grad,Married,<=50K.
48,Private,Bachelors,Married,<=50K.
32,Private,HS-grad,Divorced,<=50K.
18,NA,10th,Never Married,<=50K.
20,Private,Some-college,Never Married,<=50K.
35,Private,HS-grad,Never Married,<=50K.
19,Private,HS-grad,Never Married,<=50K.
21,Private,HS-grad,Never Married,<=50K.
56,Private,11th,Separated,<=50K.
28,Private,Bachelors,Never Married,<=50K.
45,Private,HS-grad,Divorced,<=50K.
32,Private,Assoc-voc,Married,<=50K.
44,Private,Bachelors,Married,<=50K.
55,Private,HS-grad,Married,>50K.
34,Private,Some-college,Married,>50K.
33,Private,Masters,Married,>50K.
36,Private,Bachelors,Never Married,<=50K.
25,Private,HS-grad,Never Married,<=50K.
28,Private,Bachelors,Never Married,<=50K.
39,Private,Bachelors,Married,>50K.
53,Private,10th,Married,<=50K.
47,Private,HS-grad,Divorced,<=50K.
49,Self,Assoc-voc,Divorced,<=50K.
22,Private,HS-grad,Never Married,<=50K.
31,Private,Some-college,Never Married,<=50K.
44,Self,Some-college,Divorced,<=50K.
19,Private,HS-grad,Never Married,<=50K.
37,Self,HS-grad,Divorced,<=50K.
60,NA,HS-grad,Widowed,<=50K.
23,Private,Some-college,Never Married,<=50K.
44,Private,Prof-school,Married,>50K.
54,Govt,HS-grad,Married,<=50K.
23,Private,HS-grad,Married,<=50K.
21,Private,Some-college,Never Married,<=50K.
19,Govt,Some-college,Never Married,<=50K.
51,Private,Bachelors,Married,>50K.
41,Private,Bachelors,Married,>50K.
61,Private,Some-college,Married,>50K.
19,Self,10th,Married,<=50K.
22,Private,Bachelors,Never Married,<=50K.
22,Private,HS-grad,Never Married,<=50K.
49,Private,7th-8th,Married,<=50K.
35,Private,10th,Divorced,<=50K.
38,Private,Some-college,Married,<=50K.
29,Private,HS-grad,Married,>50K.
56,Private,Assoc-voc,Married,>50K.
41,Private,Some-college,Divorced,<=50K.
62,Self,Masters,Married,>50K.
27,Private,HS-grad,Never Married,<=50K.
55,NA,HS-grad,Divorced,<=50K.
25,Private,HS-grad,Never Married,<=50K.
33,Private,Bachelors,Married,>50K.
26,Private,HS-grad,Never Married,<=50K.
43,Private,HS-grad,Divorced,<=50K.
53,Govt,Masters,Married,>50K.
43,Private,Bachelors,Divorced,<=50K.
56,Private,HS-grad,Divorced,<=50K.
25,Private,Bachelors,Married,<=50K.
60,Private,Masters,Divorced,<=50K.
28,Private,Some-college,Never Married,<=50K.
21,Private,HS-grad,Never Married,<=50K.
40,Private,Bachelors,Never Married,<=50K.
29,Private,HS-grad,Married,<=50K.
20,Private,Some-college,Never Married,<=50K.
25,Private,HS-grad,Married,>50K.
18,Private,11th,Never Married,<=50K.
32,Govt,Assoc-acdm,Married,<=50K.
27,Private,1st-4th,Never Married,<=50K.
48,Private,HS-grad,Widowed,<=50K.
20,Private,Some-college,Never Married,<=50K.
55,Private,HS-grad,Divorced,<=50K.
33,Govt,Bachelors,Never Married,>50K.
21,Govt,Some-college,Never Married,<=50K.
43,Self,HS-grad,Married,<=50K.
35,Private,Some-college,Married,<=50K.
39,Govt,Bachelors,Married,>50K.
19,Private,HS-grad,Never Married,<=50K.
25,Private,HS-grad,Never Married,<=50K.
44,Private,Some-college,Married,>50K.
27,Private,Assoc-acdm,Never Married,<=50K.
39,Private,HS-grad,Married,>50K.
69,Private,10th,Never Married,<=50K.
34,Private,Bachelors,Never Married,<=50K.
20,NA,Some-college,Never Married,<=50K.
37,Private,5th-6th,Separated,<=50K.
43,Govt,Bachelors,Divorced,<=50K.
62,NA,HS-grad,Married,<=50K.
34,Govt,Masters,Married,>50K.
31,Self,Some-college,Married,<=50K.
42,Govt,Doctorate,Divorced,>50K.
26,Private,HS-grad,Divorced,<=50K.
39,Private,Some-college,Separated,<=50K.
25,Private,Bachelors,Never Married,<=50K.
54,Govt,Some-college,Married,<=50K.
44,Govt,Masters,Married,>50K.
34,Govt,Masters,Married,>50K.
21,Self,Some-college,Never Married,<=50K.
50,Private,5th-6th,Married,<=50K.
33,Private,HS-grad,Never Married,<=50K.
40,Self,Assoc-acdm,Married,>50K.
44,Private,Masters,Married,>50K.
33,Govt,Assoc-acdm,Divorced,<=50K.
21,Govt,Some-college,Never Married,<=50K.
35,Self,Bachelors,Never Married,<=50K.
43,Private,Some-college,Married,>50K.
57,NA,10th,Separated,<=50K.
51,Govt,Masters,Married,<=50K.
29,Private,HS-grad,Married,<=50K.
51,Govt,HS-grad,Separated,<=50K.
35,Private,HS-grad,Married,<=50K.
18,Private,11th,Never Married,<=50K.
58,Private,10th,Married,<=50K.
57,Self,Some-college,Married,>50K.
19,Private,HS-grad,Never Married,<=50K.
37,Private,Some-college,Separated,<=50K.
38,Private,HS-grad,Married,<=50K.
45,Private,Some-college,Married,<=50K.
27,Private,Some-college,Married,>50K.
64,NA,7th-8th,Widowed,<=50K.
38,Govt,Some-college,Married,<=50K.
30,Private,HS-grad,Divorced,<=50K.
46,Private,Bachelors,Married,<=50K.
18,NA,10th,Never Married,<=50K.
60,Private,HS-grad,Married,>50K.
30,Private,HS-grad,Separated,<=50K.
47,Private,Some-college,Married,>50K.
39,Private,Bachelors,Never Married,<=50K.
42,Private,Some-college,Married,>50K.
27,Private,Some-college,Divorced,<=50K.
44,Private,Some-college,Divorced,<=50K.
33,Private,Bachelors,Married,<=50K.
54,Private,Bachelors,Never Married,>50K.
58,Self,Some-college,Married,<=50K.
45,Private,Bachelors,Never Married,<=50K.
59,Private,Some-college,Married,<=50K.
29,Private,Assoc-acdm,Never Married,<=50K.
27,Private,HS-grad,Never Married,<=50K.
44,Private,Masters,Married,>50K.
44,Private,HS-grad,Married,>50K.
33,Private,Some-college,Married,>50K.
27,Private,HS-grad,Never Married,<=50K.
33,Private,Bachelors,Married,>50K.
55,Private,Assoc-voc,Divorced,<=50K.
32,Self,Assoc-voc,Married,<=50K.
31,Private,Assoc-voc,Married,<=50K.
57,Self,Prof-school,Married,>50K.
30,Private,Bachelors,Married,>50K.
78,NA,HS-grad,Widowed,<=50K.
28,Private,Bachelors,Never Married,<=50K.
30,Self,Some-college,Never Married,<=50K.
29,Private,Masters,Married,>50K.
66,Private,HS-grad,Never Married,<=50K.
60,Private,HS-grad,Married,>50K.
31,Private,Bachelors,Married,<=50K.
26,Private,HS-grad,Never Married,<=50K.
24,Private,HS-grad,Never Married,<=50K.
29,Private,Bachelors,Never Married,>50K.
44,Private,HS-grad,Married,>50K.
34,Govt,Bachelors,Married,>50K.
59,Private,Bachelors,Married,>50K.
23,Private,Bachelors,Never Married,<=50K.
23,Private,11th,Never Married,<=50K.
55,Govt,Assoc-voc,Separated,<=50K.
39,Self,HS-grad,Married,>50K.
39,Private,11th,Never Married,<=50K.
57,Private,7th-8th,Divorced,<=50K.
35,Private,HS-grad,Divorced,<=50K.
39,Govt,Assoc-voc,Married,>50K.
47,Private,HS-grad,Married,>50K.
53,Govt,Doctorate,Married,>50K.
23,Private,Some-college,Never Married,<=50K.
35,Private,Masters,Never Married,>50K.
44,Private,Some-college,Divorced,<=50K.
28,Private,HS-grad,Never Married,<=50K.
26,Private,Bachelors,Never Married,<=50K.
23,Private,HS-grad,Never Married,<=50K.
32,Private,HS-grad,Married,<=50K.
49,Self,Some-college,Married,>50K.
36,Private,Some-college,Never Married,<=50K.
36,Private,HS-grad,Divorced,<=50K.
41,NA,5th-6th,Married,<=50K.
21,Private,Assoc-acdm,Married,>50K.
54,Self,Bachelors,Married,>50K.
43,Private,Some-college,Married,<=50K.
35,Govt,Some-college,Divorced,<=50K.
31,Private,Some-college,Married,>50K.
46,Private,Some-college,Married,<=50K.
46,Private,HS-grad,Separated,<=50K.
56,Private,HS-grad,Married,<=50K.
45,NA,Masters,Married,<=50K.
21,Private,HS-grad,Never Married,<=50K.
51,Private,Masters,Married,>50K.
47,Govt,Some-college,Divorced,<=50K.
42,Private,5th-6th,Married,<=50K.
19,Private,Some-college,Never Married,<=50K.
25,Private,Bachelors,Never Married,<=50K.
37,Private,Masters,Married,>50K.
35,Private,12th,Married,<=50K.
40,Private,HS-grad,Married,<=50K.
57,Self,11th,Married,<=50K.
38,Private,HS-grad,Married,>50K.
48,Private,10th,Divorced,<=50K.
34,Private,Some-college,Divorced,<=50K.
46,Govt,Some-college,Divorced,<=50K.
30,Private,HS-grad,Never Married,<=50K.
45,Govt,Masters,Divorced,<=50K.
32,Self,Bachelors,Married,>50K.
35,Private,HS-grad,Never Married,<=50K.
62,Private,Some-college,Never Married,>50K.
56,NA,HS-grad,Married,<=50K.
50,Private,Assoc-voc,Married,<=50K.
25,Private,Bachelors,Never Married,<=50K.
41,Private,Some-college,Never Married,<=50K.
35,Private,HS-grad,Never Married,<=50K.
33,Private,Some-college,Married,>50K.
38,Private,Assoc-acdm,Married,>50K.
37,Govt,Bachelors,Never Married,<=50K.
56,Private,HS-grad,Married,>50K.
19,Private,7th-8th,Never Married,<=50K.
31,Private,9th,Married,<=50K.
53,Govt,HS-grad,Divorced,>50K.
33,Private,HS-grad,Separated,<=50K.
72,Private,1st-4th,Divorced,<=50K.
54,Private,HS-grad,Married,>50K.
30,Private,Bachelors,Never Married,<=50K.
51,Private,Doctorate,Never Married,>50K.
30,Private,HS-grad,Married,>50K.
30,Private,Bachelors,Never Married,<=50K.
32,Private,Some-college,Married,<=50K.
30,Private,Some-college,Never Married,>50K.
35,Private,Masters,Married,<=50K.
40,Private,Some-college,Divorced,>50K.
38,Govt,Bachelors,Divorced,<=50K.
19,Private,10th,Never Married,<=50K.
32,Private,Some-college,Never Married,<=50K.
49,Private,Masters,Married,<=50K.
76,NA,Bachelors,Married,<=50K.
60,Private,Bachelors,Married,<=50K.
60,Private,9th,Married,<=50K.
55,Private,Doctorate,Married,>50K.
41,Private,Bachelors,Divorced,<=50K.
24,Private,HS-grad,Never Married,<=50K.
53,Private,Masters,Married,>50K.
69,Govt,Some-college,Widowed,<=50K.
71,NA,Some-college,Married,<=50K.
41,Private,HS-grad,Married,>50K.
32,Private,HS-grad,Never Married,<=50K.
45,Private,11th,Married,<=50K.
59,Private,Bachelors,Divorced,<=50K.
31,Private,HS-grad,Never Married,<=50K.
40,Private,HS-grad,Separated,<=50K.
44,Private,Assoc-voc,Married,>50K.
63,Private,Some-college,Divorced,<=50K.
31,Govt,Some-college,Married,>50K.
51,Private,Bachelors,Never Married,<=50K.
51,Private,11th,Married,<=50K.
23,Private,HS-grad,Never Married,<=50K.
49,Private,7th-8th,Married,<=50K.
56,Private,HS-grad,Married,<=50K.
39,Private,HS-grad,Married,>50K.
39,Self,Prof-school,Married,>50K.
30,Self,HS-grad,Divorced,<=50K.
43,Self,Bachelors,Married,<=50K.
31,Private,Some-college,Never Married,<=50K.
44,Govt,Masters,Married,<=50K.
43,Self,Prof-school,Married,>50K.
37,Govt,Doctorate,Married,>50K.
41,Private,Some-college,Married,>50K.
43,Private,HS-grad,Married,>50K.
47,Govt,Some-college,Married,>50K.
38,Self,Prof-school,Never Married,>50K.
46,Private,Assoc-voc,Married,<=50K.
19,Govt,Some-college,Never Married,<=50K.
19,Private,5th-6th,Never Married,<=50K.
24,Private,Bachelors,Married,>50K.
39,Self,Some-college,Married,<=50K.
37,Private,Assoc-voc,Divorced,<=50K.
28,NA,Bachelors,Never Married,<=50K.
40,Private,HS-grad,Divorced,<=50K.
27,Private,Assoc-acdm,Never Married,<=50K.
22,Private,HS-grad,Never Married,<=50K.
21,Private,Some-college,Never Married,<=50K.
32,Private,HS-grad,Married,<=50K.
20,Private,HS-grad,Separated,<=50K.
45,Private,Masters,Divorced,>50K.
46,Govt,Prof-school,Married,>50K.
46,Private,Assoc-voc,Divorced,<=50K.
26,Private,Some-college,Never Married,<=50K.
47,Self,Bachelors,Married,<=50K.
22,Private,Some-college,Never Married,<=50K.
34,Self,HS-grad,Married,<=50K.
49,Private,1st-4th,Married,<=50K.
20,Private,Some-college,Never Married,<=50K.
28,Private,HS-grad,Married,<=50K.
30,Private,11th,Married,<=50K.
23,Private,HS-grad,Married,<=50K.
20,Private,9th,Never Married,<=50K.
31,Private,Some-college,Married,<=50K.
46,Private,1st-4th,Never Married,<=50K.
42,Private,HS-grad,Separated,<=50K.
60,Self,7th-8th,Married,<=50K.
30,Private,Bachelors,Never Married,<=50K.
27,Private,Some-college,Married,<=50K.
20,Private,9th,Never Married,<=50K.
56,Self,Bachelors,Married,>50K.
41,Private,Some-college,Married,>50K.
61,Private,HS-grad,Married,<=50K.
47,Private,HS-grad,Divorced,>50K.
60,Private,9th,Married,<=50K.
33,Private,9th,Married,<=50K.
40,NA,Some-college,Married,<=50K.
48,Private,Bachelors,Married,>50K.
56,Private,HS-grad,Married,>50K.
50,Private,Assoc-voc,Married,>50K.
57,Self,Masters,Married,>50K.
20,Private,Some-college,Never Married,<=50K.
46,Private,Assoc-voc,Divorced,<=50K.
21,Private,Some-college,Never Married,<=50K.
37,Private,HS-grad,Married,<=50K.
42,Private,Some-college,Married,<=50K.
20,Private,HS-grad,Never Married,<=50K.
54,Private,Doctorate,Married,>50K.
32,Govt,HS-grad,Married,<=50K.
62,NA,Some-college,Married,<=50K.
50,Private,Some-college,Married,>50K.
49,Govt,Some-college,Never Married,<=50K.
48,Private,Assoc-acdm,Married,<=50K.
24,Private,Some-college,Never Married,<=50K.
46,Private,Masters,Married,>50K.
42,Private,HS-grad,Divorced,<=50K.
52,Self,Some-college,Married,<=50K.
58,Govt,Assoc-acdm,Widowed,<=50K.
37,Private,Some-college,Divorced,<=50K.
34,Private,HS-grad,Married,<=50K.
26,Private,Some-college,Married,<=50K.
18,Private,Some-college,Never Married,<=50K.
33,Private,Some-college,Never Married,<=50K.
41,Private,Some-college,Divorced,<=50K.
21,Private,Assoc-acdm,Never Married,<=50K.
23,Private,Assoc-voc,Never Married,<=50K.
26,Govt,Some-college,Never Married,<=50K.
33,Private,Bachelors,Married,<=50K.
24,Private,Some-college,Never Married,<=50K.
43,Private,10th,Married,<=50K.
52,Govt,HS-grad,Divorced,<=50K.
27,NA,Some-college,Divorced,<=50K.
61,Private,7th-8th,Divorced,<=50K.
35,Private,HS-grad,Married,<=50K.
35,Private,HS-grad,Married,>50K.
45,Self,HS-grad,Married,>50K.
43,Govt,HS-grad,Married,>50K.
51,Private,HS-grad,Married,>50K.
35,Private,Bachelors,Married,<=50K.
47,Govt,Bachelors,Married,>50K.
22,Private,Some-college,Never Married,<=50K.
49,Self,Assoc-voc,Married,>50K.
20,Private,HS-grad,Never Married,<=50K.
19,Private,10th,Divorced,<=50K.
27,Private,HS-grad,Never Married,<=50K.
42,Private,Assoc-acdm,Divorced,<=50K.
27,NA,Some-college,Divorced,<=50K.
23,Self,Some-college,Never Married,<=50K.
20,Private,Some-college,Never Married,<=50K.
47,Private,HS-grad,Married,<=50K.
17,Private,12th,Never Married,<=50K.
76,NA,10th,Married,<=50K.
39,Private,Some-college,Divorced,<=50K.
25,Private,9th,Married,<=50K.
31,Private,Assoc-voc,Married,<=50K.
44,Private,HS-grad,Divorced,<=50K.
53,Private,Assoc-voc,Married,>50K.
34,Private,Some-college,Separated,<=50K.
45,Self,Some-college,Married,<=50K.
34,Private,HS-grad,Married,<=50K.
35,Private,Masters,Married,>50K.
36,Private,Some-college,Never Married,<=50K.
45,Private,Some-college,Widowed,<=50K.
37,Self,Some-college,Married,<=50K.
53,Private,Assoc-acdm,Married,>50K.
35,Private,Masters,Married,>50K.
38,Self,HS-grad,Married,<=50K.
65,Self,Some-college,Married,<=50K.
49,Self,10th,Divorced,<=50K.
24,Private,HS-grad,Never Married,<=50K.
54,Private,Some-college,Married,<=50K.
17,Private,10th,Never Married,<=50K.
19,Private,12th,Never Married,<=50K.
60,Private,HS-grad,Widowed,<=50K.
46,Private,Bachelors,Married,>50K.
78,NA,Masters,Widowed,<=50K.
26,Private,Some-college,Never Married,<=50K.
58,Private,1st-4th,Married,<=50K.
37,Self,HS-grad,Divorced,<=50K.
41,Private,Masters,Married,>50K.
30,Private,Bachelors,Divorced,<=50K.
19,Private,Some-college,Never Married,<=50K.
48,Private,Bachelors,Married,>50K.
22,Private,Some-college,Never Married,<=50K.
50,Private,Masters,Married,<=50K.
25,Private,1st-4th,Never Married,<=50K.
18,Private,10th,Never Married,<=50K.
21,Private,HS-grad,Never Married,<=50K.
47,Private,Some-college,Married,<=50K.
33,Private,HS-grad,Never Married,<=50K.
39,Private,HS-grad,Divorced,<=50K.
67,Self,Bachelors,Married,>50K.
19,Private,Some-college,Never Married,<=50K.
18,Private,10th,Never Married,<=50K.
36,Private,HS-grad,Never Married,<=50K.
23,Private,Some-college,Never Married,<=50K.
25,NA,Some-college,Separated,<=50K.
40,Private,Some-college,Married,<=50K.
73,Self,HS-grad,Married,<=50K.
35,Private,Some-college,Married,<=50K.
31,Private,Assoc-acdm,Married,>50K.
20,Private,10th,Never Married,<=50K.
20,Private,HS-grad,Never Married,<=50K.
27,Private,HS-grad,Married,<=50K.
66,Self,10th,Married,<=50K.
66,Private,Masters,Married,<=50K.
64,Private,Masters,Never Married,<=50K.
48,Private,Some-college,Divorced,<=50K.
24,Private,Bachelors,Never Married,<=50K.
51,Self,HS-grad,Married,<=50K.
25,Private,Bachelors,Married,>50K.
33,Private,11th,Separated,<=50K.
50,Private,HS-grad,Married,<=50K.
51,Private,7th-8th,Married,<=50K.
34,Govt,Bachelors,Married,>50K.
41,Govt,7th-8th,Never Married,<=50K.
30,Self,Some-college,Married,<=50K.
59,Private,Some-college,Divorced,<=50K.
41,Self,Some-college,Married,>50K.
36,Self,Masters,Never Married,>50K.
37,Private,1st-4th,Married,<=50K.
28,Private,HS-grad,Never Married,<=50K.
19,Private,HS-grad,Never Married,<=50K.
28,Private,Some-college,Married,<=50K.
62,Private,10th,Married,<=50K.
36,Private,Masters,Married,>50K.
58,Self,10th,Never Married,<=50K.
42,Self,HS-grad,Divorced,<=50K.
43,Self,HS-grad,Married,<=50K.
29,Private,HS-grad,Married,<=50K.
32,Govt,HS-grad,Never Married,<=50K.
64,Govt,9th,Never Married,<=50K.
39,Private,Bachelors,Married,>50K.
26,Private,Bachelors,Never Married,<=50K.
19,Private,HS-grad,Never Married,<=50K.
21,Private,HS-grad,Never Married,<=50K.
32,Private,Some-college,Never Married,<=50K.
30,Govt,Assoc-acdm,Married,<=50K.
26,Private,Bachelors,Never Married,<=50K.
20,Private,Some-college,Never Married,<=50K.
19,Private,Some-college,Never Married,<=50K.
33,Govt,Bachelors,Married,>50K.
23,Private,Some-college,Married,<=50K.
29,Private,HS-grad,Married,<=50K.
42,Private,HS-grad,Married,<=50K.
30,Self,HS-grad,Married,<=50K.
63,Private,HS-grad,Married,<=50K.
34,Private,HS-grad,Married,<=50K.
60,Self,Some-college,Married,<=50K.
48,Private,HS-grad,Married,<=50K.
25,Private,Bachelors,Never Married,<=50K.
27,Private,Assoc-voc,Married,<=50K.
55,Self,HS-grad,Divorced,>50K.
32,Private,Some-college,Never Married,<=50K.
22,Private,Some-college,Never Married,<=50K.
25,Private,HS-grad,Never Married,<=50K.
18,Private,11th,Never Married,<=50K.
24,Govt,Some-college,Married,<=50K.
29,Private,Bachelors,Never Married,<=50K.
73,NA,11th,Married,<=50K.
39,Private,HS-grad,Married,>50K.
33,Self,Masters,Married,<=50K.
57,Private,HS-grad,Divorced,>50K.
22,Private,10th,Separated,<=50K.
33,NA,HS-grad,Separated,<=50K.
33,Private,HS-grad,Married,<=50K.
42,Private,HS-grad,Married,<=50K.
43,Private,Bachelors,Separated,<=50K.
57,Self,Some-college,Married,>50K.
42,Private,Masters,Divorced,<=50K.
22,Private,Some-college,Never Married,<=50K.
21,NA,Some-college,Never Married,<=50K.
42,Self,Bachelors,Married,>50K.
39,Private,Some-college,Married,<=50K.
41,Private,Some-college,Married,>50K.
20,Govt,HS-grad,Never Married,<=50K.
47,Private,Some-college,Married,<=50K.
44,Private,Some-college,Divorced,<=50K.
29,Private,Bachelors,Never Married,<=50K.
52,Private,Some-college,Married,>50K.
71,Private,Some-college,Widowed,>50K.
52,Private,HS-grad,Never Married,<=50K.
36,Private,HS-grad,Married,<=50K.
53,Private,Some-college,Divorced,>50K.
37,Private,HS-grad,Married,>50K.
26,Private,10th,Never Married,<=50K.
34,Private,Bachelors,Married,>50K.
35,Private,Bachelors,Never Married,>50K.
20,Private,9th,Never Married,<=50K.
34,Govt,Some-college,Married,<=50K.
56,Self,Bachelors,Married,<=50K.
39,Private,Bachelors,Married,>50K.
24,Private,Some-college,Never Married,<=50K.
24,Private,11th,Divorced,<=50K.
23,Private,Bachelors,Never Married,<=50K.
27,Private,Bachelors,Never Married,<=50K.
25,Private,HS-grad,Never Married,<=50K.
29,Private,Some-college,Never Married,<=50K.
42,Private,Some-college,Married,>50K.
51,Private,HS-grad,Married,<=50K.
31,Private,Assoc-voc,Married,<=50K.
59,Private,1st-4th,Married,<=50K.
29,Private,HS-grad,Married,<=50K.
18,Private,HS-grad,Never Married,<=50K.
24,Private,HS-grad,Married,<=50K.
38,Govt,Some-college,Separated,<=50K.
36,Private,HS-grad,Never Married,<=50K.
34,Self,HS-grad,Separated,<=50K.
42,Self,Bachelors,Married,>50K.
45,Self,12th,Divorced,<=50K.
21,Private,Assoc-voc,Never Married,<=50K.
64,Self,Doctorate,Married,>50K.
32,Private,HS-grad,Never Married,<=50K.
45,Private,Bachelors,Never Married,>50K.
53,Private,5th-6th,Married,<=50K.
42,Private,HS-grad,Married,<=50K.
32,Private,HS-grad,Divorced,<=50K.
49,Private,HS-grad,Married,<=50K.
62,Private,5th-6th,Married,<=50K.
28,Private,Bachelors,Married,<=50K.
29,NA,Doctorate,Married,>50K.
32,Private,HS-grad,Never Married,<=50K.
37,Self,10th,Never Married,>50K.
38,Private,Bachelors,Married,>50K.
44,Govt,HS-grad,Divorced,<=50K.
19,Private,HS-grad,Never Married,<=50K.
22,NA,Some-college,Never Married,<=50K.
24,Private,Bachelors,Never Married,<=50K.
58,Private,HS-grad,Married,>50K.
56,Private,Bachelors,Widowed,<=50K.
37,Private,10th,Divorced,<=50K.
43,Private,Some-college,Divorced,<=50K.
32,Private,HS-grad,Married,<=50K.
34,Private,Bachelors,Never Married,<=50K.
44,Private,9th,Divorced,<=50K.
28,Private,HS-grad,Never Married,<=50K.
35,Private,HS-grad,Divorced,<=50K.
38,Private,HS-grad,Married,<=50K.
26,Private,Some-college,Never Married,<=50K.
20,Private,11th,Never Married,<=50K.
24,Private,HS-grad,Married,>50K.
40,Private,HS-grad,Divorced,<=50K.
23,Private,HS-grad,Never Married,<=50K.
79,Govt,11th,Married,<=50K.
44,Private,10th,Divorced,<=50K.
51,Private,Masters,Married,>50K.
30,Private,HS-grad,Married,<=50K.
52,Private,Assoc-acdm,Married,>50K.
41,Private,Bachelors,Married,>50K.
33,Private,5th-6th,Married,<=50K.
50,Private,Bachelors,Divorced,>50K.
51,Private,Assoc-voc,Married,>50K.
41,Private,HS-grad,Never Married,<=50K.
35,Private,Bachelors,Married,>50K.
34,Private,Some-college,Married,>50K.
28,Private,Bachelors,Never Married,<=50K.
31,Self,Assoc-voc,Divorced,<=50K.
22,Private,HS-grad,Never Married,<=50K.
67,NA,HS-grad,Widowed,<=50K.
65,Private,HS-grad,Married,>50K.
39,Self,HS-grad,Married,>50K.
23,Private,Some-college,Never Married,<=50K.
29,Self,Assoc-acdm,Married,<=50K.
57,Self,10th,Divorced,>50K.
47,Private,Some-college,Widowed,<=50K.
51,Govt,HS-grad,Married,<=50K.
34,Private,HS-grad,Married,<=50K.
52,Private,HS-grad,Married,>50K.
29,Private,HS-grad,Married,>50K.
29,Private,HS-grad,Married,<=50K.
25,Govt,Some-college,Married,<=50K.
21,Private,Some-college,Never Married,<=50K.
38,Private,Bachelors,Married,<=50K.
55,Self,HS-grad,Married,>50K.
61,Self,Bachelors,Separated,<=50K.
34,Private,Assoc-acdm,Never Married,>50K.
41,Private,Bachelors,Married,<=50K.
27,Govt,Assoc-voc,Never Married,<=50K.
78,Self,Bachelors,Never Married,>50K.
40,Private,HS-grad,Married,>50K.
26,Self,7th-8th,Married,<=50K.
43,Private,HS-grad,Married,<=50K.
55,NA,HS-grad,Widowed,<=50K.
25,Private,Assoc-voc,Married,<=50K.
26,Self,Some-college,Never Married,<=50K.
43,Self,HS-grad,Married,>50K.
25,Private,Some-college,Never Married,<=50K.
22,Private,Some-college,Never Married,<=50K.
52,Self,HS-grad,Married,>50K.
61,Private,HS-grad,Married,<=50K.
42,Private,Bachelors,Never Married,<=50K.
21,Private,Assoc-voc,Never Married,<=50K.
44,Private,HS-grad,Married,<=50K.
65,Private,HS-grad,Married,<=50K.
56,NA,HS-grad,Divorced,<=50K.
33,Govt,Assoc-acdm,Divorced,<=50K.
22,Private,10th,Never Married,<=50K.
43,Private,HS-grad,Divorced,<=50K.
45,Self,HS-grad,Divorced,<=50K.
42,Private,HS-grad,Divorced,<=50K.
37,Private,HS-grad,Married,<=50K.
56,Private,9th,Divorced,<=50K.
35,NA,10th,Divorced,<=50K.
40,Private,Assoc-acdm,Divorced,<=50K.
31,Private,Bachelors,Married,<=50K.
26,Private,Bachelors,Married,<=50K.
26,Govt,Bachelors,Never Married,<=50K.
42,Self,Bachelors,Married,<=50K.
45,Self,HS-grad,Married,<=50K.
47,Govt,Some-college,Married,>50K.
22,Private,Some-college,Married,<=50K.
33,Private,Bachelors,Never Married,<=50K.
37,Private,HS-grad,Never Married,<=50K.
48,Self,HS-grad,Married,<=50K.
57,Self,10th,Married,<=50K.
47,Private,Some-college,Divorced,<=50K.
58,Govt,9th,Married,<=50K.
55,Private,11th,Widowed,<=50K.
52,Private,Some-college,Married,<=50K.
29,Private,Bachelors,Never Married,<=50K.
42,Private,Masters,Never Married,<=50K.
23,Private,HS-grad,Divorced,<=50K.
23,Private,12th,Never Married,<=50K.
46,Self,Assoc-voc,Married,<=50K.
30,Private,Some-college,Never Married,<=50K.
43,Self,Bachelors,Married,>50K.
25,Private,Some-college,Never Married,<=50K.
32,Private,HS-grad,Married,>50K.
56,Private,9th,Married,<=50K.
33,Private,HS-grad,Married,<=50K.
19,Govt,Some-college,Never Married,<=50K.
20,Private,Some-college,Never Married,<=50K.
34,Private,Some-college,Married,<=50K.
34,Private,9th,Divorced,<=50K.
55,Self,HS-grad,Married,<=50K.
55,Private,9th,Married,<=50K.
31,Private,Some-college,Never Married,<=50K.
30,Private,HS-grad,Divorced,<=50K.
31,Private,HS-grad,Divorced,<=50K.
51,Private,HS-grad,Separated,<=50K.
59,Private,HS-grad,Married,<=50K.
58,Private,HS-grad,Divorced,<=50K.
40,Private,9th,Married,<=50K.
54,Private,HS-grad,Married,<=50K.
25,Govt,Bachelors,Married,>50K.
18,Self,11th,Never Married,<=50K.
41,Private,Some-college,Married,<=50K.
57,Private,10th,Widowed,<=50K.
37,Private,HS-grad,Married,>50K.
46,Private,HS-grad,Never Married,<=50K.
39,Private,HS-grad,Never Married,<=50K.
19,Private,HS-grad,Never Married,<=50K.
41,Private,Assoc-acdm,Married,<=50K.
54,Private,HS-grad,Never Married,<=50K.
39,Private,Masters,Married,>50K.
41,Private,HS-grad,Married,>50K.
26,Private,Prof-school,Never Married,<=50K.
57,Self,HS-grad,Married,<=50K.
33,Govt,Some-college,Married,>50K.
56,Private,Some-college,Married,>50K.
60,Private,HS-grad,Married,<=50K.
22,Private,HS-grad,Never Married,<=50K.
58,Private,12th,Married,<=50K.
48,Govt,Masters,Married,>50K.
45,Govt,Masters,Married,>50K.
18,Private,HS-grad,Never Married,<=50K.
56,Private,HS-grad,Widowed,<=50K.
48,Self,HS-grad,Married,>50K.
40,Private,Bachelors,Never Married,<=50K.
38,Private,HS-grad,Divorced,<=50K.
58,Private,Some-college,Divorced,<=50K.
23,Private,Some-college,Never Married,<=50K.
63,Private,Some-college,Married,<=50K.
51,Private,Bachelors,Divorced,<=50K.
22,NA,5th-6th,Married,<=50K.
44,Private,HS-grad,Married,<=50K.
46,Govt,Some-college,Divorced,<=50K.
64,Govt,Bachelors,Married,<=50K.
32,Private,Bachelors,Married,>50K.
31,Private,Some-college,Married,<=50K.
36,Private,Assoc-voc,Married,>50K.
21,Private,HS-grad,Never Married,<=50K.
30,Private,Some-college,Married,<=50K.
31,Private,Assoc-voc,Never Married,<=50K.
54,Private,HS-grad,Married,<=50K.
59,Govt,9th,Married,<=50K.
28,Govt,Masters,Married,>50K.
57,Private,HS-grad,Divorced,<=50K.
44,Private,HS-grad,Married,<=50K.
53,Self,Some-college,Divorced,<=50K.
58,Self,Some-college,Married,>50K.
19,Private,Some-college,Never Married,<=50K.
39,Self,Assoc-acdm,Married,>50K.
31,Self,Some-college,Married,<=50K.
27,Private,HS-grad,Married,<=50K.
46,Govt,9th,Separated,<=50K.
37,Self,Masters,Never Married,<=50K.
27,Private,Bachelors,Never Married,<=50K.
33,Private,Some-college,Never Married,<=50K.
20,Private,Some-college,Never Married,<=50K.
55,Private,HS-grad,Divorced,<=50K.
39,Private,Assoc-acdm,Never Married,<=50K.
41,Private,HS-grad,Never Married,<=50K.
30,Private,Bachelors,Never Married,<=50K.
39,Self,Bachelors,Married,<=50K.
28,Private,HS-grad,Separated,<=50K.
25,Private,Some-college,Never Married,<=50K.
31,Private,HS-grad,Married,<=50K.
51,Private,HS-grad,Married,<=50K.
24,Private,Bachelors,Never Married,<=50K.
70,Private,HS-grad,Divorced,<=50K.
23,Private,Some-college,Never Married,<=50K.
61,Private,HS-grad,Widowed,<=50K.
45,Self,7th-8th,Married,>50K.
47,Private,HS-grad,Married,<=50K.
56,Private,Some-college,Divorced,<=50K.
79,Private,Doctorate,Married,>50K.
20,Private,Some-college,Never Married,<=50K.
30,Private,HS-grad,Never Married,<=50K.
27,Private,Bachelors,Married,<=50K.
40,Private,Bachelors,Married,>50K.
60,NA,HS-grad,Married,<=50K.
58,Private,HS-grad,Married,>50K.
71,Self,Prof-school,Married,<=50K.
50,Private,Prof-school,Married,>50K.
29,Govt,Some-college,Never Married,<=50K.
33,Private,10th,Separated,<=50K.
60,Govt,HS-grad,Married,>50K.
33,Private,Assoc-acdm,Never Married,<=50K.
43,Private,Bachelors,Married,>50K.
33,Private,10th,Never Married,<=50K.
33,Private,HS-grad,Married,<=50K.
32,Govt,HS-grad,Married,<=50K.
21,Private,Some-college,Never Married,<=50K.
38,Private,HS-grad,Married,<=50K.
38,Private,Some-college,Married,>50K.
39,Govt,Some-college,Separated,<=50K.
17,Private,11th,Never Married,<=50K.
21,Private,Some-college,Married,<=50K.
42,Private,Some-college,Married,>50K.
42,Private,HS-grad,Married,>50K.
36,Private,11th,Divorced,<=50K.
32,Private,Some-college,Divorced,>50K.
37,Self,Bachelors,Married,>50K.
28,Private,Bachelors,Never Married,<=50K.
37,Private,Assoc-voc,Married,<=50K.
50,Private,HS-grad,Separated,<=50K.
49,Private,11th,Married,<=50K.
40,Private,Masters,Married,>50K.
40,Private,Some-college,Married,<=50K.
49,Private,Some-college,Married,<=50K.
35,Govt,Masters,Never Married,>50K.
33,Govt,HS-grad,Divorced,<=50K.
24,Private,HS-grad,Never Married,<=50K.
41,Private,Masters,Never Married,<=50K.
43,Private,Some-college,Married,>50K.
36,Self,HS-grad,Married,>50K.
84,Self,Bachelors,Married,<=50K.
23,Private,HS-grad,Never Married,<=50K.
41,Private,Bachelors,Married,>50K.
55,Self,HS-grad,Married,>50K.
30,Self,Some-college,Never Married,<=50K.
46,Private,Assoc-acdm,Married,<=50K.
55,Private,Some-college,Married,>50K.
34,Private,Some-college,Never Married,<=50K.
54,Self,Masters,Divorced,<=50K.
27,Private,Some-college,Never Married,<=50K.
52,Govt,Masters,Married,>50K.
36,Private,Some-college,Married,>50K.
25,Self,HS-grad,Never Married,<=50K.
52,Private,Bachelors,Married,>50K.
24,Private,HS-grad,Divorced,<=50K.
36,Private,HS-grad,Never Married,<=50K.
31,Private,HS-grad,Married,<=50K.
66,NA,Some-college,Married,<=50K.
90,Self,Bachelors,Married,<=50K.
67,Private,Masters,Married,>50K.
22,Self,7th-8th,Married,<=50K.
47,Private,Some-college,Divorced,<=50K.
32,Private,Bachelors,Married,>50K.
55,Self,7th-8th,Married,<=50K.
32,Private,HS-grad,Never Married,<=50K.
48,Private,Some-college,Separated,<=50K.
21,Private,HS-grad,Married,<=50K.
33,Private,Assoc-acdm,Married,<=50K.
27,Private,Some-college,Never Married,<=50K.
47,Private,Assoc-voc,Never Married,<=50K.
18,Private,11th,Never Married,<=50K.
44,Self,HS-grad,Married,>50K.
23,Private,Some-college,Never Married,<=50K.
18,Private,10th,Never Married,<=50K.
56,Private,HS-grad,Married,<=50K.
24,Private,Bachelors,Never Married,<=50K.
43,Private,Bachelors,Married,>50K.
23,Private,Bachelors,Never Married,<=50K.
26,Private,Some-college,Never Married,<=50K.
42,Private,HS-grad,Widowed,<=50K.
23,Private,HS-grad,Never Married,<=50K.
53,Self,10th,Married,<=50K.
51,Private,HS-grad,Married,>50K.
40,Private,HS-grad,Never Married,<=50K.
27,Private,Bachelors,Never Married,<=50K.
24,Govt,Some-college,Separated,<=50K.
42,Private,HS-grad,Divorced,<=50K.
41,Private,HS-grad,Separated,<=50K.
23,Private,Some-college,Never Married,<=50K.
42,Self,Masters,Married,<=50K.
38,Private,HS-grad,Married,>50K.
63,Self,7th-8th,Married,<=50K.
31,Private,HS-grad,Married,<=50K.
18,Self,11th,Never Married,<=50K.
21,Private,Some-college,Never Married,<=50K.
24,Private,Bachelors,Married,<=50K.
55,Private,Some-college,Married,<=50K.
20,Private,9th,Never Married,<=50K.
31,Private,Some-college,Divorced,<=50K.
23,Private,Some-college,Never Married,<=50K.
35,Private,HS-grad,Married,<=50K.
51,Self,Some-college,Married,<=50K.
19,Private,Some-college,Never Married,<=50K.
38,Govt,HS-grad,Divorced,<=50K.
52,Govt,HS-grad,Married,<=50K.
70,Self,Prof-school,Married,<=50K.
53,Private,10th,Divorced,<=50K.
59,Private,Doctorate,Married,>50K.
39,Private,Some-college,Married,<=50K.
18,Private,12th,Never Married,<=50K.
41,NA,HS-grad,Never Married,<=50K.
19,NA,Some-college,Never Married,<=50K.
24,Private,Some-college,Divorced,<=50K.
25,Private,HS-grad,Never Married,<=50K.
32,Private,Some-college,Never Married,<=50K.
34,Self,HS-grad,Married,>50K.
35,Private,HS-grad,Never Married,<=50K.
50,Private,HS-grad,Married,>50K.
18,Private,HS-grad,Never Married,<=50K.
37,Private,HS-grad,Never Married,<=50K.
30,Private,Some-college,Never Married,<=50K.
40,Self,Masters,Married,>50K.
22,Private,HS-grad,Never Married,<=50K.
50,Govt,Some-college,Separated,<=50K.
70,Private,HS-grad,Divorced,<=50K.
43,Private,Masters,Married,>50K.
77,Self,Some-college,Never Married,<=50K.
30,Self,HS-grad,Married,<=50K.
33,Private,Some-college,Married,<=50K.
51,Private,Some-college,Married,>50K.
58,Govt,Masters,Married,>50K.
22,Private,Some-college,Never Married,<=50K.
33,Private,HS-grad,Married,<=50K.
27,Private,11th,Married,<=50K.
35,Private,Some-college,Never Married,<=50K.
32,Private,Some-college,Divorced,<=50K.
41,Private,Bachelors,Married,>50K.
37,Private,Some-college,Married,<=50K.
17,Private,11th,Never Married,<=50K.
50,Private,Bachelors,Divorced,>50K.
31,NA,HS-grad,Married,<=50K.
54,Govt,HS-grad,Separated,<=50K.
23,Govt,HS-grad,Never Married,<=50K.
40,Private,Bachelors,Divorced,<=50K.
29,Private,Bachelors,Married,<=50K.
38,Private,HS-grad,Married,<=50K.
30,Private,Assoc-voc,Married,<=50K.
20,Private,Some-college,Never Married,<=50K.
43,Self,Some-college,Married,<=50K.
25,Private,Some-college,Never Married,<=50K.
39,Private,Masters,Married,>50K.
48,Private,Assoc-acdm,Married,>50K.
41,Self,HS-grad,Divorced,<=50K.
24,Private,Bachelors,Never Married,<=50K.
20,Private,Some-college,Never Married,<=50K.
25,Private,Some-college,Never Married,<=50K.
57,Private,Some-college,Married,>50K.
39,Private,Some-college,Married,>50K.
66,Private,Bachelors,Married,>50K.
34,Private,Some-college,Divorced,<=50K.
36,Private,Bachelors,Divorced,>50K.
46,Private,HS-grad,Married,<=50K.
42,Govt,Masters,Divorced,<=50K.
46,Private,HS-grad,Married,>50K.
34,Govt,HS-grad,Never Married,<=50K.
43,Private,Some-college,Married,<=50K.
42,Private,Some-college,Divorced,<=50K.
31,Private,Bachelors,Never Married,<=50K.
70,NA,Some-college,Married,<=50K.
32,Private,Some-college,Married,<=50K.
46,Govt,HS-grad,Married,>50K.
42,Self,7th-8th,Divorced,<=50K.
21,Private,Assoc-voc,Never Married,<=50K.
24,Private,Bachelors,Never Married,<=50K.
23,Private,HS-grad,Never Married,<=50K.
50,Govt,Masters,Married,>50K.
37,Private,Some-college,Divorced,<=50K.
19,NA,11th,Never Married,<=50K.
44,Govt,Assoc-acdm,Married,>50K.
29,Private,HS-grad,Married,<=50K.
30,Private,Assoc-voc,Married,<=50K.
36,Private,Some-college,Married,<=50K.
49,Self,Bachelors,Never Married,<=50K.
29,Private,HS-grad,Divorced,<=50K.
45,Govt,HS-grad,Never Married,<=50K.
75,Govt,Doctorate,Married,>50K.
42,Private,HS-grad,Never Married,<=50K.
37,Private,Assoc-acdm,Divorced,<=50K.
51,Private,Bachelors,Married,<=50K.
61,Govt,HS-grad,Married,<=50K.
33,Private,Assoc-acdm,Never Married,<=50K.
50,Govt,HS-grad,Married,<=50K.
59,Private,HS-grad,Never Married,<=50K.
25,Private,HS-grad,Never Married,<=50K.
22,Private,HS-grad,Never Married,<=50K.
56,Private,Some-college,Married,>50K.
44,Private,Bachelors,Never Married,<=50K.
35,Private,Assoc-voc,Married,<=50K.
57,Private,HS-grad,Never Married,<=50K.
47,Self,HS-grad,Married,>50K.
27,Private,Bachelors,Never Married,<=50K.
50,Self,HS-grad,Married,<=50K.
30,Private,Bachelors,Never Married,<=50K.
46,Private,11th,Married,<=50K.
48,Self,Prof-school,Married,>50K.
61,Private,Bachelors,Divorced,>50K.
33,Private,HS-grad,Never Married,<=50K.
40,Private,HS-grad,Married,<=50K.
58,Self,Some-college,Married,>50K.
46,Self,Masters,Married,>50K.
35,Private,Some-college,Married,>50K.
51,Self,Some-college,Divorced,<=50K.
37,Private,12th,Never Married,<=50K.
64,Private,Masters,Married,<=50K.
41,Private,HS-grad,Never Married,<=50K.
18,Private,11th,Never Married,<=50K.
44,Self,11th,Married,<=50K.
41,Govt,Bachelors,Married,>50K.
33,Govt,Some-college,Separated,>50K.
37,Private,9th,Separated,<=50K.
34,Private,Some-college,Never Married,<=50K.
24,Govt,Bachelors,Never Married,<=50K.
20,Private,Some-college,Never Married,<=50K.
38,Private,Bachelors,Married,<=50K.
28,Private,Assoc-voc,Never Married,<=50K.
20,Self,HS-grad,Never Married,<=50K.
22,Govt,Bachelors,Never Married,<=50K.
55,Private,Bachelors,Divorced,<=50K.
20,Private,Some-college,Never Married,<=50K.
26,Private,Bachelors,Never Married,<=50K.
20,Self,HS-grad,Never Married,<=50K.
40,Private,9th,Divorced,<=50K.
33,Private,HS-grad,Married,>50K.
54,NA,Some-college,Divorced,<=50K.
24,Private,HS-grad,Never Married,<=50K.
25,Private,Some-college,Never Married,<=50K.
18,Private,11th,Never Married,<=50K.
49,Self,HS-grad,Married,<=50K.
17,Private,12th,Never Married,<=50K.
34,Self,Assoc-voc,Married,<=50K.
37,Private,Bachelors,Married,>50K.
49,Govt,Some-college,Married,>50K.
74,Private,HS-grad,Widowed,>50K.
37,Private,HS-grad,Divorced,<=50K.
20,Private,11th,Married,<=50K.
40,Private,HS-grad,Married,>50K.
34,Private,Bachelors,Never Married,>50K.
30,Private,Prof-school,Married,<=50K.
44,Private,HS-grad,Separated,<=50K.
40,Private,10th,Married,<=50K.
58,Private,HS-grad,Married,<=50K.
44,Private,HS-grad,Married,<=50K.
42,Private,Some-college,Married,>50K.
39,Private,HS-grad,Never Married,<=50K.
19,Private,HS-grad,Never Married,<=50K.
41,Private,Masters,Married,>50K.
29,Govt,Masters,Never Married,<=50K.
34,Govt,Some-college,Never Married,<=50K.
38,NA,Some-college,Married,<=50K.
27,Private,Preschool,Married,<=50K.
54,Private,Some-college,Divorced,<=50K.
40,Private,HS-grad,Widowed,<=50K.
19,Private,Some-college,Never Married,<=50K.
17,Private,11th,Never Married,<=50K.
33,Private,Some-college,Married,<=50K.
80,Private,7th-8th,Widowed,<=50K.
24,Self,HS-grad,Never Married,<=50K.
28,Private,Bachelors,Never Married,<=50K.
55,Private,HS-grad,Married,>50K.
21,Private,Some-college,Never Married,<=50K.
51,Private,HS-grad,Divorced,<=50K.
19,Private,HS-grad,Never Married,<=50K.
42,Private,HS-grad,Never Married,<=50K.
60,Self,HS-grad,Married,<=50K.
20,NA,Some-college,Never Married,<=50K.
51,Private,HS-grad,Divorced,<=50K.
21,Private,Some-college,Never Married,<=50K.
37,Govt,Some-college,Married,<=50K.
26,Private,HS-grad,Never Married,<=50K.
42,Govt,Masters,Never Married,>50K.
40,Private,Some-college,Married,<=50K.
55,Private,Masters,Married,>50K.
33,Private,HS-grad,Never Married,<=50K.
62,Private,HS-grad,Married,>50K.
47,Private,10th,Divorced,<=50K.
26,Private,12th,Never Married,<=50K.
59,Private,HS-grad,Married,<=50K.
70,Govt,Some-college,Widowed,<=50K.
26,Private,Some-college,Never Married,<=50K.
47,Private,10th,Married,<=50K.
25,Private,Masters,Never Married,<=50K.
52,Self,Prof-school,Married,>50K.
46,Private,HS-grad,Married,<=50K.
67,Private,10th,Married,<=50K.
34,Private,Masters,Married,>50K.
53,Govt,Some-college,Divorced,<=50K.
22,Private,Bachelors,Never Married,<=50K.
39,Govt,HS-grad,Divorced,<=50K.
54,Self,HS-grad,Married,<=50K.
24,Private,Bachelors,Married,<=50K.
37,Private,HS-grad,Separated,<=50K.
38,Private,10th,Never Married,>50K.
41,Govt,Masters,Never Married,<=50K.
36,Private,HS-grad,Married,<=50K.
43,Private,Assoc-voc,Married,>50K.
39,Private,Bachelors,Divorced,<=50K.
26,Private,Bachelors,Never Married,<=50K.
49,Govt,Masters,Never Married,<=50K.
37,Self,Bachelors,Married,>50K.
43,Private,Some-college,Married,>50K.
54,Govt,HS-grad,Married,>50K.
53,Self,5th-6th,Married,>50K.
57,Govt,Masters,Married,<=50K.
28,Private,Bachelors,Married,>50K.
29,Private,Bachelors,Married,<=50K.
21,Private,HS-grad,Never Married,<=50K.
51,Private,HS-grad,Married,<=50K.
46,Govt,HS-grad,Married,<=50K.
50,Self,Prof-school,Married,>50K.
50,Self,HS-grad,Widowed,<=50K.
36,Private,HS-grad,Divorced,<=50K.
31,Govt,Bachelors,Married,<=50K.
20,Private,HS-grad,Never Married,<=50K.
36,Private,HS-grad,Married,<=50K.
38,Private,HS-grad,Divorced,<=50K.
37,Private,Bachelors,Married,>50K.
39,Private,Masters,Married,>50K.
18,Private,10th,Never Married,<=50K.
33,Private,HS-grad,Divorced,<=50K.
35,Private,HS-grad,Never Married,<=50K.
23,Private,Some-college,Never Married,<=50K.
37,Private,Bachelors,Separated,<=50K.
25,Private,HS-grad,Married,<=50K.
51,Govt,Assoc-acdm,Married,<=50K.
35,Private,HS-grad,Married,<=50K.
54,Private,11th,Married,<=50K.
66,NA,HS-grad,Married,<=50K.
32,Private,HS-grad,Never Married,<=50K.
37,Self,Bachelors,Never Married,>50K.
29,Private,Bachelors,Married,>50K.
45,Private,Bachelors,Married,<=50K.
61,Self,Some-college,Married,<=50K.
40,Private,Some-college,Divorced,<=50K.
24,Private,HS-grad,Never Married,<=50K.
49,Private,7th-8th,Married,<=50K.
51,Self,Masters,Divorced,>50K.
34,Private,HS-grad,Married,<=50K.
28,NA,HS-grad,Separated,<=50K.
20,Private,Some-college,Never Married,<=50K.
30,Private,Some-college,Divorced,<=50K.
49,Self,Masters,Divorced,>50K.
26,Private,Some-college,Never Married,<=50K.
63,Private,10th,Married,<=50K.
36,Private,Assoc-acdm,Never Married,<=50K.
63,Self,Bachelors,Married,>50K.
22,Private,HS-grad,Never Married,<=50K.
40,Private,HS-grad,Married,>50K.
31,Private,7th-8th,Widowed,<=50K.
49,Private,Some-college,Married,<=50K.
35,Private,Masters,Never Married,>50K.
23,Govt,Bachelors,Never Married,<=50K.
25,Private,Assoc-voc,Never Married,>50K.
34,NA,HS-grad,Married,<=50K.
28,Private,Bachelors,Married,>50K.
44,Self,Some-college,Divorced,<=50K.
33,Private,HS-grad,Separated,<=50K.
21,Private,Some-college,Never Married,<=50K.
55,Private,11th,Married,<=50K.
17,NA,11th,Never Married,<=50K.
75,Self,HS-grad,Divorced,<=50K.
61,Private,9th,Never Married,<=50K.
53,Private,HS-grad,Divorced,<=50K.
26,Govt,Assoc-acdm,Married,>50K.
48,Private,Some-college,Widowed,>50K.
28,Govt,Masters,Married,>50K.
30,NA,Bachelors,Never Married,<=50K.
29,Private,HS-grad,Married,<=50K.
25,Private,Some-college,Divorced,<=50K.
37,Private,HS-grad,Married,<=50K.
43,Govt,Bachelors,Divorced,<=50K.
40,Govt,HS-grad,Married,<=50K.
34,Private,10th,Married,>50K.
55,Private,Doctorate,Married,>50K.
31,Govt,Assoc-acdm,Never Married,<=50K.
21,NA,Some-college,Never Married,<=50K.
32,Self,HS-grad,Married,<=50K.
26,Govt,Prof-school,Never Married,<=50K.
26,Private,Bachelors,Married,>50K.
44,Private,Some-college,Married,<=50K.
49,Private,HS-grad,Married,>50K.
21,NA,HS-grad,Never Married,<=50K.
26,Private,HS-grad,Never Married,<=50K.
40,Self,HS-grad,Married,<=50K.
19,Self,11th,Never Married,<=50K.
58,Private,HS-grad,Married,<=50K.
61,Private,Assoc-voc,Married,>50K.
28,Self,Some-college,Married,<=50K.
26,Private,Bachelors,Never Married,<=50K.
64,Private,HS-grad,Never Married,<=50K.
42,Self,Bachelors,Married,>50K.
41,Private,Some-college,Married,>50K.
45,Private,HS-grad,Never Married,<=50K.
39,Private,Bachelors,Married,>50K.
41,Govt,HS-grad,Married,<=50K.
51,Private,11th,Separated,<=50K.
34,Private,Assoc-voc,Divorced,<=50K.
33,Private,Masters,Married,>50K.
23,Private,Some-college,Separated,>50K.
35,Self,Some-college,Married,<=50K.
41,Private,11th,Divorced,<=50K.
39,Private,Masters,Never Married,<=50K.
41,Private,Some-college,Married,<=50K.
33,Self,Some-college,Married,<=50K.
22,Private,HS-grad,Never Married,<=50K.
25,Private,Some-college,Never Married,<=50K.
25,Private,Some-college,Divorced,<=50K.
77,Self,7th-8th,Married,>50K.
33,NA,Assoc-voc,Never Married,<=50K.
66,Private,HS-grad,Widowed,<=50K.
19,Private,Some-college,Never Married,<=50K.
44,Private,HS-grad,Never Married,<=50K.
45,Self,Masters,Divorced,>50K.
28,Private,Some-college,Never Married,<=50K.
19,Private,HS-grad,Never Married,<=50K.
43,Private,HS-grad,Married,>50K.
39,Private,Bachelors,Married,>50K.
33,Private,Bachelors,Married,<=50K.
44,Private,HS-grad,Married,<=50K.
62,Private,7th-8th,Widowed,<=50K.
40,Private,Some-college,Married,>50K.
41,Private,HS-grad,Never Married,<=50K.
23,Govt,Some-college,Never Married,<=50K.
48,Private,HS-grad,Married,>50K.
38,Private,Masters,Married,<=50K.
37,Private,Masters,Married,>50K.
45,Private,Masters,Married,>50K.
29,Private,HS-grad,Married,<=50K.
66,Govt,HS-grad,Widowed,<=50K.
19,Private,HS-grad,Never Married,<=50K.
23,Private,9th,Never Married,<=50K.
34,Private,Bachelors,Married,>50K.
39,Private,Masters,Never Married,<=50K.
33,Self,HS-grad,Never Married,<=50K.
43,Private,Some-college,Separated,<=50K.
27,Private,HS-grad,Married,<=50K.
33,Govt,Some-college,Separated,<=50K.
26,Private,5th-6th,Married,<=50K.
56,Self,Masters,Divorced,>50K.
46,Private,HS-grad,Married,<=50K.
38,Private,Assoc-acdm,Divorced,<=50K.
90,Private,11th,Married,<=50K.
72,Self,Some-college,Married,>50K.
20,Private,HS-grad,Never Married,<=50K.
29,Private,HS-grad,Married,<=50K.
49,Private,11th,Married,<=50K.
23,Private,HS-grad,Never Married,<=50K.
20,Private,Some-college,Married,<=50K.
57,Private,Bachelors,Married,<=50K.
46,Private,Assoc-acdm,Divorced,<=50K.
33,Private,Bachelors,Married,>50K.
24,Private,Bachelors,Never Married,<=50K.
49,Private,Assoc-voc,Married,<=50K.
54,Private,HS-grad,Married,<=50K.
46,Govt,Doctorate,Never Married,>50K.
31,Self,Assoc-voc,Married,<=50K.
43,Self,Prof-school,Married,>50K.
18,NA,Some-college,Never Married,<=50K.
19,Private,HS-grad,Never Married,<=50K.
46,Private,Assoc-acdm,Never Married,<=50K.
43,Private,Bachelors,Divorced,<=50K.
58,Private,HS-grad,Widowed,<=50K.
43,Self,HS-grad,Married,<=50K.
37,NA,Some-college,Separated,<=50K.
21,Govt,12th,Never Married,<=50K.
52,Govt,Masters,Never Married,>50K.
34,Private,Assoc-voc,Married,>50K.
28,Private,Assoc-voc,Never Married,<=50K.
34,Private,HS-grad,Divorced,<=50K.
29,Private,HS-grad,Married,>50K.
39,Private,HS-grad,Married,<=50K.
49,Private,11th,Divorced,<=50K.
35,Private,Some-college,Married,>50K.
31,Private,Some-college,Divorced,<=50K.
18,Private,Some-college,Never Married,<=50K.
47,Govt,HS-grad,Married,>50K.
46,Private,HS-grad,Married,<=50K.
43,Private,Bachelors,Married,>50K.
51,Govt,HS-grad,Married,>50K.
21,Private,Some-college,Never Married,<=50K.
18,NA,Some-college,Never Married,<=50K.
31,Govt,Bachelors,Married,>50K.
39,Govt,HS-grad,Married,>50K.
58,Private,11th,Married,<=50K.
36,Private,Masters,Never Married,<=50K.
38,Private,HS-grad,Married,<=50K.
31,Private,Bachelors,Married,>50K.
19,Private,11th,Never Married,<=50K.
38,Private,Assoc-voc,Divorced,<=50K.
26,Private,Assoc-voc,Never Married,<=50K.
38,Private,Assoc-acdm,Divorced,<=50K.
36,Private,Some-college,Married,<=50K.
40,Private,HS-grad,Married,>50K.
25,Private,Bachelors,Never Married,<=50K.
41,Private,Bachelors,Married,>50K.
33,Private,HS-grad,Never Married,<=50K.
63,NA,HS-grad,Married,<=50K.
51,Private,HS-grad,Married,<=50K.
34,Private,HS-grad,Married,<=50K.
33,Private,Assoc-voc,Divorced,<=50K.
25,Private,10th,Married,<=50K.
30,Self,HS-grad,Never Married,<=50K.
19,Private,Some-college,Never Married,<=50K.
47,Private,HS-grad,Married,>50K.
26,Private,Bachelors,Never Married,<=50K.
21,Govt,Some-college,Never Married,<=50K.
36,Private,HS-grad,Married,>50K.
60,Private,10th,Married,<=50K.
28,Private,HS-grad,Never Married,<=50K.
19,Private,HS-grad,Never Married,<=50K.
42,Private,Bachelors,Married,<=50K.
36,Private,HS-grad,Separated,<=50K.
35,Private,HS-grad,Married,<=50K.
22,Private,Some-college,Never Married,<=50K.
54,Private,HS-grad,Married,>50K.
36,Private,Bachelors,Married,<=50K.
55,Private,HS-grad,Married,<=50K.
57,Private,Masters,Married,<=50K.
56,Private,7th-8th,Married,<=50K.
24,Private,HS-grad,Married,<=50K.
35,Govt,Bachelors,Married,>50K.
51,Self,11th,Divorced,<=50K.
34,Private,HS-grad,Divorced,<=50K.
36,Private,Assoc-acdm,Divorced,<=50K.
51,Govt,9th,Separated,<=50K.
46,Self,Doctorate,Married,>50K.
42,Private,HS-grad,Divorced,<=50K.
25,Govt,Bachelors,Never Married,<=50K.
22,Private,HS-grad,Never Married,<=50K.
37,Private,HS-grad,Married,<=50K.
48,Private,Bachelors,Divorced,>50K.
61,Private,Bachelors,Married,>50K.
40,Private,12th,Married,<=50K.
58,Self,HS-grad,Married,>50K.
52,Private,HS-grad,Married,<=50K.
18,Private,11th,Never Married,<=50K.
27,Private,10th,Married,<=50K.
48,Self,Some-college,Married,<=50K.
63,Private,9th,Married,<=50K.
38,Self,HS-grad,Married,<=50K.
31,Private,Some-college,Married,<=50K.
40,Self,Some-college,Married,<=50K.
41,Private,HS-grad,Divorced,<=50K.
28,Private,Bachelors,Never Married,<=50K.
31,Private,Prof-school,Divorced,>50K.
32,Private,Assoc-voc,Married,>50K.
30,Private,HS-grad,Never Married,<=50K.
39,Govt,HS-grad,Divorced,<=50K.
28,Private,Bachelors,Married,<=50K.
31,Private,HS-grad,Never Married,<=50K.
21,NA,Some-college,Never Married,<=50K.
33,NA,HS-grad,Separated,<=50K.
44,Govt,Masters,Married,>50K.
22,Private,Some-college,Never Married,<=50K.
42,Private,HS-grad,Married,<=50K.
36,Private,Assoc-acdm,Married,<=50K.
39,Private,Masters,Never Married,<=50K.
61,Private,Some-college,Married,<=50K.
31,Private,HS-grad,Divorced,<=50K.
21,Private,Some-college,Never Married,<=50K.
39,Self,Some-college,Married,<=50K.
34,Self,HS-grad,Married,<=50K.
21,Private,Some-college,Never Married,<=50K.
75,Self,Bachelors,Widowed,>50K.
21,Private,Some-college,Never Married,<=50K.
81,Private,Some-college,Married,<=50K.
54,Self,HS-grad,Divorced,<=50K.
34,Private,Bachelors,Married,<=50K.
54,Self,Prof-school,Married,>50K.
41,Private,HS-grad,Married,<=50K.
61,NA,Bachelors,Divorced,<=50K.
63,Private,HS-grad,Married,<=50K.
24,Private,Some-college,Never Married,<=50K.
20,Private,HS-grad,Married,<=50K.
44,Govt,Bachelors,Divorced,<=50K.
47,Self,Bachelors,Married,>50K.
31,Private,Some-college,Married,<=50K.
41,Private,7th-8th,Divorced,<=50K.
53,Self,HS-grad,Married,<=50K.
63,Private,HS-grad,Married,<=50K.
44,Private,Masters,Married,>50K.
37,Private,HS-grad,Married,>50K.
28,Private,Some-college,Married,>50K.
71,NA,Some-college,Married,<=50K.
57,Private,HS-grad,Divorced,<=50K.
22,Private,Some-college,Never Married,<=50K.
33,Govt,Bachelors,Married,>50K.
30,Private,Some-college,Divorced,<=50K.
20,Private,HS-grad,Never Married,<=50K.
28,Private,Bachelors,Never Married,<=50K.
54,Private,11th,Divorced,<=50K.
20,Private,HS-grad,Never Married,<=50K.
34,Private,HS-grad,Married,<=50K.
21,Private,Some-college,Never Married,<=50K.
29,Govt,Some-college,Never Married,<=50K.
51,Private,Some-college,Divorced,<=50K.
39,Private,HS-grad,Divorced,<=50K.
19,Private,Some-college,Never Married,<=50K.
22,Govt,HS-grad,Never Married,<=50K.
59,Govt,Some-college,Divorced,<=50K.
18,Private,11th,Never Married,<=50K.
22,Private,HS-grad,Never Married,<=50K.
42,Govt,Some-college,Married,>50K.
39,Private,Assoc-acdm,Never Married,<=50K.
31,Private,Bachelors,Married,>50K.
28,Private,11th,Separated,<=50K.
22,Private,Bachelors,Never Married,<=50K.
67,Private,Masters,Never Married,<=50K.
17,Private,11th,Never Married,<=50K.
47,Govt,Assoc-acdm,Married,>50K.
23,Private,Bachelors,Never Married,<=50K.
20,Private,HS-grad,Married,<=50K.
22,Private,HS-grad,Never Married,<=50K.
47,Govt,7th-8th,Married,<=50K.
49,Private,Some-college,Married,>50K.
64,NA,Some-college,Married,<=50K.
35,Govt,Some-college,Divorced,<=50K.
52,Govt,Some-college,Divorced,<=50K.
29,Private,HS-grad,Never Married,<=50K.
73,Self,10th,Widowed,<=50K.
38,Self,HS-grad,Married,>50K.
59,Self,HS-grad,Married,>50K.
35,Private,Some-college,Married,<=50K.
18,Private,Some-college,Never Married,<=50K.
24,Private,HS-grad,Married,<=50K.
33,Govt,Bachelors,Married,<=50K.
40,Private,Some-college,Divorced,<=50K.
55,Private,HS-grad,Widowed,<=50K.
44,Private,HS-grad,Divorced,<=50K.
40,Private,Bachelors,Never Married,<=50K.
22,Private,HS-grad,Divorced,<=50K.
55,Private,Some-college,Married,>50K.
45,Private,HS-grad,Separated,<=50K.
47,Govt,Bachelors,Never Married,>50K.
56,Private,HS-grad,Married,<=50K.
44,Private,HS-grad,Married,<=50K.
32,Govt,Some-college,Never Married,<=50K.
17,Private,10th,Never Married,<=50K.
44,Private,Some-college,Divorced,<=50K.
32,Self,Assoc-acdm,Never Married,<=50K.
35,Private,Bachelors,Married,>50K.
27,Private,HS-grad,Married,<=50K.
32,Private,HS-grad,Married,<=50K.
68,Private,11th,Divorced,<=50K.
20,Private,Some-college,Never Married,<=50K.
33,Private,Some-college,Divorced,<=50K.
24,Private,9th,Never Married,<=50K.
48,Private,HS-grad,Married,<=50K.
45,Private,Masters,Divorced,<=50K.
48,Private,Some-college,Widowed,<=50K.
28,Private,Masters,Married,>50K.
60,NA,Some-college,Married,>50K.
39,Govt,Masters,Divorced,<=50K.
23,Private,Some-college,Never Married,<=50K.
23,Govt,12th,Never Married,<=50K.
36,Private,Some-college,Separated,<=50K.
25,Private,Bachelors,Married,<=50K.
52,Private,HS-grad,Never Married,<=50K.
35,Self,HS-grad,Married,<=50K.
41,Private,HS-grad,Married,<=50K.
45,Private,Bachelors,Married,>50K.
37,Govt,Masters,Married,>50K.
58,Private,Assoc-voc,Widowed,<=50K.
67,Self,HS-grad,Married,<=50K.
48,Private,HS-grad,Married,<=50K.
63,Private,HS-grad,Married,<=50K.
24,Govt,Some-college,Married,>50K.
43,Private,Some-college,Married,>50K.
36,Private,HS-grad,Divorced,<=50K.
32,Private,HS-grad,Married,<=50K.
36,Private,Some-college,Never Married,<=50K.
43,Private,Some-college,Never Married,<=50K.
27,Private,HS-grad,Never Married,<=50K.
17,Private,11th,Never Married,<=50K.
45,Private,Bachelors,Divorced,<=50K.
41,Self,HS-grad,Married,<=50K.
41,Self,HS-grad,Married,<=50K.
18,NA,HS-grad,Never Married,<=50K.
48,Govt,Assoc-acdm,Separated,<=50K.
51,NA,Assoc-voc,Married,>50K.
26,Private,Some-college,Never Married,<=50K.
54,Private,Preschool,Married,<=50K.
22,Private,Some-college,Divorced,<=50K.
19,Private,HS-grad,Never Married,<=50K.
47,Private,7th-8th,Divorced,<=50K.
32,Private,HS-grad,Married,<=50K.
46,Private,Bachelors,Married,>50K.
30,Private,Bachelors,Never Married,>50K.
35,Private,Masters,Never Married,<=50K.
52,Private,Assoc-voc,Married,<=50K.
73,Self,12th,Married,<=50K.
17,Private,10th,Never Married,<=50K.
32,Private,Bachelors,Separated,<=50K.
43,Govt,Masters,Married,>50K.
19,NA,HS-grad,Never Married,<=50K.
26,Private,HS-grad,Never Married,<=50K.
41,Govt,Masters,Married,>50K.
49,Private,Assoc-acdm,Married,>50K.
52,Govt,Some-college,Separated,<=50K.
35,Private,HS-grad,Separated,<=50K.
57,Private,11th,Married,<=50K.
35,Private,Assoc-voc,Married,<=50K.
33,Private,Bachelors,Never Married,<=50K.
56,Private,7th-8th,Divorced,<=50K.
42,Private,Bachelors,Never Married,<=50K.
17,Private,Some-college,Never Married,<=50K.
49,Private,HS-grad,Divorced,<=50K.
39,Private,Prof-school,Married,>50K.
34,Self,Some-college,Divorced,<=50K.
37,Self,Some-college,Never Married,<=50K.
22,Private,12th,Never Married,<=50K.
27,Private,Assoc-voc,Married,<=50K.
21,Private,Some-college,Never Married,<=50K.
59,NA,Some-college,Married,<=50K.
44,Private,Bachelors,Married,>50K.
53,Self,10th,Married,<=50K.
26,Private,11th,Never Married,<=50K.
48,Private,Bachelors,Married,>50K.
39,Private,Bachelors,Married,<=50K.
34,Private,HS-grad,Never Married,<=50K.
54,Govt,Bachelors,Married,<=50K.
36,Private,HS-grad,Married,>50K.
60,Private,HS-grad,Married,<=50K.
50,Private,HS-grad,Married,>50K.
48,Govt,Bachelors,Married,<=50K.
35,Private,Some-college,Never Married,<=50K.
40,Self,Assoc-acdm,Divorced,<=50K.
30,Private,Bachelors,Married,<=50K.
65,Self,Some-college,Married,>50K.
31,Private,HS-grad,Married,<=50K.
46,Govt,Assoc-acdm,Married,<=50K.
67,NA,9th,Divorced,<=50K.
62,Self,Assoc-voc,Married,<=50K.
38,Private,Bachelors,Never Married,<=50K.
24,Private,Bachelors,Never Married,<=50K.
24,Private,Some-college,Never Married,<=50K.
27,Private,Bachelors,Never Married,<=50K.
43,Govt,Assoc-acdm,Married,<=50K.
48,Private,HS-grad,Divorced,<=50K.
41,Private,HS-grad,Separated,<=50K.
30,Private,Some-college,Married,<=50K.
38,Private,Bachelors,Married,>50K.
45,Private,Prof-school,Never Married,>50K.
45,Private,Bachelors,Never Married,<=50K.
55,Private,Some-college,Divorced,<=50K.
46,Self,7th-8th,Married,<=50K.
24,Private,Bachelors,Never Married,<=50K.
31,Govt,Some-college,Never Married,<=50K.
35,Private,HS-grad,Married,<=50K.
37,Govt,Some-college,Separated,<=50K.
29,Private,Some-college,Married,<=50K.
56,Private,Bachelors,Married,>50K.
60,NA,HS-grad,Married,>50K.
25,Private,Bachelors,Never Married,<=50K.
33,Private,10th,Married,<=50K.
44,Private,HS-grad,Never Married,<=50K.
21,Private,HS-grad,Never Married,<=50K.
21,Private,HS-grad,Never Married,<=50K.
46,Govt,Masters,Married,>50K.
44,Self,Some-college,Married,>50K.
63,Private,Bachelors,Divorced,<=50K.
44,Private,HS-grad,Married,<=50K.
31,Private,Some-college,Married,<=50K.
26,Private,Some-college,Married,<=50K.
37,Self,HS-grad,Never Married,<=50K.
60,NA,Some-college,Divorced,>50K.
33,Private,Bachelors,Married,<=50K.
38,Private,Bachelors,Married,<=50K.
26,Private,Assoc-voc,Never Married,<=50K.
46,Self,Assoc-voc,Divorced,<=50K.
24,Private,HS-grad,Never Married,<=50K.
47,Govt,Masters,Married,>50K.
27,Private,Some-college,Never Married,<=50K.
46,Private,Some-college,Married,<=50K.
47,Govt,Assoc-acdm,Married,>50K.
47,Private,HS-grad,Divorced,<=50K.
69,Private,HS-grad,Widowed,<=50K.
32,Private,HS-grad,Married,>50K.
51,Private,HS-grad,Married,<=50K.
36,Private,HS-grad,Married,>50K.
50,Govt,Masters,Married,<=50K.
29,Private,Doctorate,Married,<=50K.
32,Private,Prof-school,Married,<=50K.
27,Private,10th,Divorced,<=50K.
60,Private,7th-8th,Divorced,<=50K.
31,Private,HS-grad,Married,<=50K.
46,Private,Assoc-acdm,Married,<=50K.
40,Govt,HS-grad,Never Married,<=50K.
39,Private,Some-college,Married,>50K.
69,Self,7th-8th,Married,<=50K.
54,Self,Bachelors,Married,>50K.
56,Private,HS-grad,Divorced,<=50K.
47,Govt,Some-college,Divorced,<=50K.
25,Private,Assoc-acdm,Never Married,<=50K.
34,Self,HS-grad,Married,<=50K.
24,Self,7th-8th,Never Married,<=50K.
63,Private,Some-college,Married,<=50K.
29,Govt,Masters,Married,<=50K.
64,Private,Some-college,Married,<=50K.
44,Private,Bachelors,Never Married,<=50K.
26,Private,HS-grad,Never Married,<=50K.
36,Private,10th,Divorced,<=50K.
55,Govt,Bachelors,Married,>50K.
37,Private,HS-grad,Married,>50K.
37,Private,10th,Never Married,<=50K.
63,Private,Bachelors,Married,>50K.
33,Private,HS-grad,Married,<=50K.
19,Private,Some-college,Never Married,<=50K.
57,Govt,Masters,Married,>50K.
31,Private,Assoc-acdm,Married,>50K.
20,NA,Some-college,Never Married,<=50K.
58,Govt,HS-grad,Married,>50K.
20,NA,Some-college,Never Married,<=50K.
25,Private,Some-college,Married,<=50K.
40,Private,HS-grad,Divorced,<=50K.
18,Private,11th,Never Married,<=50K.
26,Private,HS-grad,Never Married,<=50K.
29,Private,Doctorate,Married,>50K.
45,Govt,Bachelors,Married,<=50K.
35,Govt,Some-college,Never Married,<=50K.
32,Private,Some-college,Divorced,<=50K.
61,Self,HS-grad,Widowed,<=50K.
26,Govt,Bachelors,Never Married,<=50K.
56,Private,HS-grad,Married,>50K.
22,Private,Some-college,Married,<=50K.
49,Private,Bachelors,Married,<=50K.
40,Private,HS-grad,Married,<=50K.
37,Private,HS-grad,Separated,<=50K.
23,NA,Bachelors,Never Married,<=50K.
28,Private,Bachelors,Married,>50K.
27,Private,HS-grad,Married,<=50K.
34,Self,Assoc-voc,Divorced,<=50K.
49,Private,9th,Married,<=50K.
41,Private,Some-college,Never Married,<=50K.
28,Private,Bachelors,Never Married,<=50K.
38,Private,Some-college,Married,>50K.
47,Govt,Assoc-acdm,Married,<=50K.
28,Govt,HS-grad,Married,<=50K.
44,Govt,Masters,Married,>50K.
41,Govt,Bachelors,Divorced,<=50K.
50,Private,Prof-school,Married,>50K.
73,Self,HS-grad,Widowed,<=50K.
21,Private,Some-college,Never Married,<=50K.
38,Private,HS-grad,Divorced,<=50K.
64,NA,Masters,Married,<=50K.
47,Private,Some-college,Divorced,<=50K.
52,Private,Some-college,Married,>50K.
24,Private,Bachelors,Never Married,<=50K.
44,Private,Bachelors,Married,>50K.
27,Private,7th-8th,Divorced,<=50K.
61,Self,Some-college,Married,>50K.
58,Private,Bachelors,Married,>50K.
51,Private,Bachelors,Never Married,>50K.
49,Private,Some-college,Divorced,<=50K.
23,Private,Some-college,Never Married,<=50K.
19,Private,Assoc-voc,Never Married,<=50K.
21,Private,HS-grad,Never Married,<=50K.
56,Private,11th,Divorced,<=50K.
35,Private,12th,Married,<=50K.
37,Govt,Some-college,Divorced,<=50K.
41,Private,Doctorate,Divorced,>50K.
30,Private,11th,Married,<=50K.
35,Private,Doctorate,Married,<=50K.
47,Private,Some-college,Married,<=50K.
59,Self,10th,Widowed,>50K.
55,Private,11th,Married,<=50K.
22,NA,Assoc-voc,Never Married,<=50K.
31,Private,10th,Never Married,<=50K.
30,Private,Masters,Married,>50K.
24,Private,Bachelors,Never Married,<=50K.
49,Self,Some-college,Married,<=50K.
23,Private,7th-8th,Never Married,<=50K.
50,Private,HS-grad,Divorced,<=50K.
38,Private,Bachelors,Never Married,<=50K.
20,Self,Some-college,Never Married,<=50K.
49,Self,Some-college,Married,>50K.
45,Private,HS-grad,Widowed,<=50K.
46,Govt,Bachelors,Married,>50K.
19,Private,HS-grad,Never Married,<=50K.
31,Govt,Bachelors,Never Married,<=50K.
38,Private,HS-grad,Divorced,<=50K.
56,Self,Masters,Married,>50K.
24,Private,Bachelors,Never Married,<=50K.
58,Govt,HS-grad,Married,<=50K.
28,Private,HS-grad,Married,<=50K.
22,Private,HS-grad,Married,<=50K.
46,Private,HS-grad,Divorced,<=50K.
30,Private,Preschool,Never Married,<=50K.
56,Private,Bachelors,Married,>50K.
32,Private,HS-grad,Married,<=50K.
56,Private,HS-grad,Married,>50K.
50,Private,Some-college,Married,<=50K.
28,NA,HS-grad,Separated,<=50K.
30,Private,Bachelors,Never Married,<=50K.
24,Private,HS-grad,Never Married,<=50K.
42,Govt,Assoc-voc,Divorced,<=50K.
31,Self,HS-grad,Married,>50K.
18,Private,11th,Never Married,<=50K.
46,Private,10th,Never Married,<=50K.
31,Private,Bachelors,Never Married,>50K.
38,Govt,Bachelors,Married,>50K.
44,Govt,Masters,Married,>50K.
55,Self,Bachelors,Married,>50K.
19,Private,HS-grad,Never Married,<=50K.
45,Private,Masters,Divorced,>50K.
50,Self,Some-college,Married,<=50K.
53,Private,9th,Married,<=50K.
41,Self,Bachelors,Married,>50K.
45,Private,Some-college,Divorced,<=50K.
21,Private,10th,Never Married,<=50K.
37,Private,Bachelors,Married,>50K.
42,Govt,HS-grad,Separated,<=50K.
37,Self,HS-grad,Married,<=50K.
46,Private,Bachelors,Divorced,<=50K.
45,Self,Assoc-voc,Married,<=50K.
32,Private,Some-college,Never Married,<=50K.
30,Private,Prof-school,Married,<=50K.
57,NA,Bachelors,Married,>50K.
37,Private,HS-grad,Divorced,<=50K.
18,NA,Some-college,Never Married,<=50K.
32,Private,Some-college,Married,>50K.
43,Private,Bachelors,Married,>50K.
46,Private,Masters,Divorced,<=50K.
36,NA,HS-grad,Divorced,<=50K.
33,Private,Masters,Never Married,<=50K.
48,Private,HS-grad,Never Married,<=50K.
34,Private,HS-grad,Married,<=50K.
34,Govt,Some-college,Never Married,>50K.
33,Private,HS-grad,Divorced,<=50K.
36,Private,Bachelors,Married,<=50K.
23,Private,HS-grad,Never Married,<=50K.
39,Private,HS-grad,Married,<=50K.
22,Private,Assoc-acdm,Never Married,<=50K.
19,Private,HS-grad,Never Married,<=50K.
47,Private,HS-grad,Married,>50K.
46,Private,Assoc-voc,Never Married,<=50K.
47,Private,Masters,Divorced,<=50K.
47,Self,Doctorate,Married,>50K.
52,Govt,Some-college,Divorced,<=50K.
38,Self,9th,Married,<=50K.
58,Private,HS-grad,Married,>50K.
32,Private,5th-6th,Married,<=50K.
54,Self,Assoc-voc,Married,<=50K.
20,Private,Some-college,Never Married,<=50K.
25,Private,Assoc-acdm,Never Married,<=50K.
25,Self,9th,Never Married,<=50K.
36,Govt,Bachelors,Divorced,<=50K.
69,Self,HS-grad,Married,<=50K.
28,Private,Bachelors,Married,>50K.
20,Private,Some-college,Never Married,<=50K.
21,Private,7th-8th,Never Married,<=50K.
37,Private,Bachelors,Married,>50K.
21,Private,HS-grad,Never Married,<=50K.
25,NA,Assoc-acdm,Married,<=50K.
39,Private,HS-grad,Married,<=50K.
34,Private,Assoc-voc,Married,>50K.
33,Govt,HS-grad,Married,<=50K.
47,Private,HS-grad,Married,>50K.
29,Private,Assoc-voc,Never Married,<=50K.
48,Private,HS-grad,Married,<=50K.
42,Self,Doctorate,Married,>50K.
29,Private,11th,Divorced,<=50K.
34,Private,HS-grad,Never Married,<=50K.
20,Private,Some-college,Never Married,<=50K.
41,Private,Masters,Married,>50K.
45,Private,Some-college,Divorced,<=50K.
22,NA,Assoc-voc,Never Married,<=50K.
23,Private,HS-grad,Divorced,<=50K.
19,Private,Some-college,Never Married,<=50K.
24,Private,Some-college,Never Married,<=50K.
20,Private,Some-college,Never Married,<=50K.
32,Private,HS-grad,Divorced,<=50K.
52,Private,Masters,Divorced,>50K.
36,Private,HS-grad,Never Married,>50K.
18,Private,10th,Never Married,<=50K.
27,Private,HS-grad,Divorced,<=50K.
26,Private,Some-college,Married,<=50K.
52,Private,Assoc-acdm,Divorced,<=50K.
24,Private,Some-college,Never Married,<=50K.
42,Govt,HS-grad,Divorced,<=50K.
39,Private,Prof-school,Married,>50K.
20,NA,Some-college,Never Married,<=50K.
20,Govt,Some-college,Never Married,<=50K.
39,Private,HS-grad,Widowed,<=50K.
68,NA,11th,Married,<=50K.
35,Private,HS-grad,Never Married,<=50K.
54,Private,Bachelors,Married,<=50K.
24,Private,Bachelors,Never Married,<=50K.
24,Private,Bachelors,Never Married,<=50K.
20,Private,Some-college,Never Married,<=50K.
64,NA,Preschool,Married,<=50K.
28,Private,Bachelors,Never Married,<=50K.
36,Self,HS-grad,Married,<=50K.
44,Self,HS-grad,Married,<=50K.
38,Private,Some-college,Separated,>50K.
22,Private,HS-grad,Never Married,<=50K.
56,Private,HS-grad,Married,<=50K.
24,Private,Bachelors,Married,<=50K.
24,Self,Some-college,Never Married,<=50K.
22,Private,Assoc-acdm,Never Married,<=50K.
21,Private,Some-college,Never Married,<=50K.
42,Private,Bachelors,Married,>50K.
41,Govt,Masters,Divorced,<=50K.
19,Private,HS-grad,Never Married,<=50K.
67,Self,Some-college,Married,<=50K.
20,Private,Some-college,Never Married,<=50K.
32,Private,HS-grad,Married,<=50K.
46,Private,HS-grad,Separated,<=50K.
52,Private,HS-grad,Never Married,<=50K.
44,Private,Bachelors,Divorced,<=50K.
65,NA,11th,Married,<=50K.
37,Govt,Bachelors,Married,>50K.
27,Self,Some-college,Married,<=50K.
35,Private,HS-grad,Married,<=50K.
30,Private,HS-grad,Never Married,<=50K.
64,Govt,HS-grad,Married,<=50K.
48,Private,HS-grad,Divorced,>50K.
35,Private,7th-8th,Divorced,<=50K.
28,Self,Bachelors,Never Married,<=50K.
63,Self,Bachelors,Married,>50K.
40,Self,Prof-school,Married,>50K.
33,Private,Some-college,Never Married,<=50K.
40,Private,Some-college,Married,>50K.
25,Private,7th-8th,Never Married,<=50K.
45,Self,Bachelors,Married,>50K.
30,Private,Some-college,Married,>50K.
53,Private,Some-college,Never Married,<=50K.
63,Private,HS-grad,Married,<=50K.
27,Govt,Some-college,Married,<=50K.
31,Private,11th,Never Married,<=50K.
33,Private,HS-grad,Married,<=50K.
39,Govt,Bachelors,Divorced,>50K.
42,Self,Some-college,Married,>50K.
19,Private,HS-grad,Never Married,<=50K.
31,Private,Bachelors,Married,<=50K.
53,Private,HS-grad,Married,<=50K.
47,Self,Some-college,Married,<=50K.
27,Private,Doctorate,Never Married,<=50K.
22,Private,HS-grad,Never Married,<=50K.
29,Private,HS-grad,Married,>50K.
52,Private,HS-grad,Widowed,<=50K.
32,Private,Assoc-voc,Divorced,<=50K.
23,Private,HS-grad,Never Married,<=50K.
27,Private,Some-college,Never Married,<=50K.
53,Private,HS-grad,Widowed,<=50K.
18,Private,HS-grad,Never Married,<=50K.
41,Private,Bachelors,Separated,<=50K.
27,Private,HS-grad,Married,<=50K.
30,Private,Some-college,Divorced,<=50K.
41,Private,HS-grad,Divorced,<=50K.
21,Private,Some-college,Never Married,<=50K.
58,Govt,HS-grad,Married,<=50K.
45,Govt,Bachelors,Divorced,<=50K.
40,Private,10th,Divorced,<=50K.
21,Private,Some-college,Never Married,<=50K.
29,Private,Bachelors,Never Married,<=50K.
50,Private,Assoc-voc,Married,<=50K.
26,Private,HS-grad,Married,<=50K.
23,Private,HS-grad,Separated,<=50K.
27,Private,Bachelors,Never Married,<=50K.
36,Govt,Bachelors,Never Married,<=50K.
22,Govt,HS-grad,Never Married,<=50K.
37,Govt,Some-college,Never Married,<=50K.
54,Private,Bachelors,Married,<=50K.
36,Private,HS-grad,Divorced,<=50K.
44,Private,Assoc-voc,Married,<=50K.
38,Private,Some-college,Married,>50K.
49,Private,Some-college,Divorced,<=50K.
18,Private,11th,Never Married,<=50K.
26,Private,Bachelors,Never Married,<=50K.
48,Private,Bachelors,Married,>50K.
32,Private,11th,Married,<=50K.
35,Govt,HS-grad,Never Married,<=50K.
40,Private,HS-grad,Never Married,<=50K.
40,Self,HS-grad,Married,<=50K.
42,Govt,Prof-school,Married,>50K.
30,Private,HS-grad,Married,<=50K.
19,Private,Some-college,Never Married,<=50K.
36,Private,Assoc-acdm,Married,>50K.
31,Private,HS-grad,Never Married,<=50K.
50,Govt,Assoc-acdm,Married,<=50K.
38,Private,HS-grad,Divorced,<=50K.
35,Private,Some-college,Married,>50K.
45,Private,Bachelors,Married,>50K.
29,Private,10th,Separated,<=50K.
41,Private,Some-college,Divorced,>50K.
33,Private,Prof-school,Never Married,>50K.
49,Private,Some-college,Never Married,<=50K.
28,Private,Some-college,Married,>50K.
49,Govt,Bachelors,Married,>50K.
27,Private,HS-grad,Separated,<=50K.
47,Self,HS-grad,Married,<=50K.
42,Govt,Doctorate,Never Married,>50K.
30,Private,HS-grad,Never Married,<=50K.
37,Govt,HS-grad,Married,<=50K.
37,Private,Doctorate,Married,<=50K.
51,Private,HS-grad,Married,<=50K.
27,Govt,HS-grad,Married,<=50K.
53,Private,HS-grad,Never Married,<=50K.
45,Private,HS-grad,Never Married,<=50K.
37,Self,Bachelors,Married,<=50K.
40,Govt,Bachelors,Never Married,<=50K.
54,Govt,Masters,Married,>50K.
47,Self,HS-grad,Married,>50K.
35,Private,HS-grad,Married,>50K.
33,Private,HS-grad,Married,<=50K.
28,Govt,Some-college,Never Married,<=50K.
39,Govt,Bachelors,Married,>50K.
25,NA,HS-grad,Never Married,<=50K.
33,Private,Bachelors,Married,<=50K.
34,Private,11th,Never Married,<=50K.
53,Private,HS-grad,Married,>50K.
21,Private,Assoc-acdm,Never Married,<=50K.
31,Govt,Doctorate,Married,>50K.
63,Private,HS-grad,Married,<=50K.
21,Self,Some-college,Never Married,<=50K.
59,Private,HS-grad,Married,>50K.
50,Private,1st-4th,Separated,<=50K.
66,NA,HS-grad,Married,<=50K.
19,Private,HS-grad,Never Married,<=50K.
31,Private,Bachelors,Never Married,<=50K.
23,Private,Bachelors,Married,<=50K.
45,Private,Assoc-voc,Married,>50K.
35,Govt,Bachelors,Married,<=50K.
32,Private,Bachelors,Never Married,<=50K.
20,Private,7th-8th,Never Married,<=50K.
38,Private,HS-grad,Married,>50K.
49,Private,HS-grad,Married,<=50K.
64,Private,HS-grad,Divorced,<=50K.
60,Govt,11th,Married,<=50K.
25,Private,Bachelors,Never Married,<=50K.
21,Private,HS-grad,Never Married,<=50K.
26,Private,HS-grad,Never Married,<=50K.
23,Private,Some-college,Never Married,<=50K.
67,Self,Masters,Married,>50K.
24,Private,HS-grad,Divorced,<=50K.
46,Private,1st-4th,Separated,<=50K.
38,Govt,Doctorate,Married,<=50K.
20,Private,7th-8th,Never Married,<=50K.
28,NA,Some-college,Never Married,<=50K.
26,Private,Bachelors,Never Married,<=50K.
58,Private,HS-grad,Married,<=50K.
31,Govt,Some-college,Never Married,<=50K.
37,Govt,Assoc-acdm,Divorced,<=50K.
53,Govt,Doctorate,Married,>50K.
45,Private,7th-8th,Divorced,<=50K.
33,Private,HS-grad,Never Married,<=50K.
33,Govt,Masters,Married,<=50K.
35,Private,HS-grad,Divorced,<=50K.
60,Self,HS-grad,Married,<=50K.
21,Private,Some-college,Never Married,<=50K.
38,Private,10th,Married,<=50K.
40,Private,Assoc-voc,Divorced,<=50K.
40,Private,Some-college,Married,>50K.
44,Self,Prof-school,Married,>50K.
27,Private,Some-college,Married,<=50K.
34,Self,Some-college,Married,>50K.
20,NA,Some-college,Never Married,<=50K.
49,Govt,Some-college,Married,<=50K.
37,Private,Some-college,Married,>50K.
52,Private,10th,Married,>50K.
46,Private,Some-college,Married,<=50K.
20,Private,Some-college,Never Married,<=50K.
43,Private,HS-grad,Married,<=50K.
46,Govt,Bachelors,Divorced,>50K.
25,Govt,Some-college,Married,<=50K.
48,Private,Bachelors,Divorced,<=50K.
36,Govt,Some-college,Divorced,<=50K.
37,Private,HS-grad,Divorced,>50K.
18,NA,Some-college,Never Married,<=50K.
42,Private,Masters,Married,>50K.
60,Private,Assoc-acdm,Married,<=50K.
37,Self,Some-college,Married,>50K.
44,Govt,Assoc-acdm,Divorced,<=50K.
32,Private,10th,Married,<=50K.
29,Private,Bachelors,Never Married,<=50K.
42,Govt,Masters,Married,>50K.
17,Private,11th,Never Married,<=50K.
41,Private,12th,Married,<=50K.
34,Private,Some-college,Married,>50K.
56,Private,10th,Separated,<=50K.
28,Private,Some-college,Never Married,<=50K.
28,Self,11th,Never Married,<=50K.
19,Private,7th-8th,Never Married,<=50K.
49,Govt,Some-college,Married,>50K.
36,Self,Some-college,Married,<=50K.
25,Private,Some-college,Married,<=50K.
42,Private,Bachelors,Divorced,<=50K.
47,Self,Prof-school,Married,>50K.
26,Private,Some-college,Married,<=50K.
35,Private,Some-college,Married,<=50K.
37,Private,HS-grad,Married,<=50K.
39,Govt,HS-grad,Never Married,<=50K.
42,Private,HS-grad,Married,>50K.
41,Private,Some-college,Divorced,>50K.
23,Private,Some-college,Divorced,<=50K.
31,Govt,HS-grad,Married,<=50K.
36,Govt,Some-college,Married,>50K.
20,Private,Some-college,Never Married,<=50K.
36,Private,Some-college,Never Married,<=50K.
50,Private,HS-grad,Married,>50K.
37,Private,HS-grad,Never Married,<=50K.
25,Private,Bachelors,Never Married,>50K.
39,Private,Some-college,Divorced,<=50K.
32,Private,HS-grad,Married,<=50K.
59,Private,Some-college,Widowed,<=50K.
29,Private,Bachelors,Married,<=50K.
50,Private,HS-grad,Married,<=50K.
42,Private,Assoc-voc,Married,<=50K.
32,Private,Some-college,Divorced,<=50K.
48,Private,Assoc-acdm,Married,>50K.
20,Private,HS-grad,Married,<=50K.
50,Self,10th,Divorced,<=50K.
18,Private,Some-college,Never Married,<=50K.
60,Private,Masters,Never Married,<=50K.
60,Private,Some-college,Married,<=50K.
42,Govt,Masters,Never Married,<=50K.
49,Private,HS-grad,Divorced,<=50K.
35,Self,Some-college,Married,<=50K.
30,Self,Assoc-acdm,Married,<=50K.
59,Private,Some-college,Married,>50K.
24,Self,HS-grad,Never Married,>50K.
55,Private,Assoc-acdm,Divorced,<=50K.
19,Private,HS-grad,Never Married,<=50K.
39,Private,HS-grad,Married,<=50K.
48,Private,Some-college,Divorced,<=50K.
44,Private,Bachelors,Married,>50K.
21,Private,Some-college,Never Married,<=50K.
23,Private,Bachelors,Never Married,<=50K.
22,Private,Some-college,Never Married,<=50K.
55,Self,Masters,Married,>50K.
19,Private,Some-college,Never Married,<=50K.
23,Private,Some-college,Never Married,<=50K.
46,Private,HS-grad,Married,>50K.
23,Private,Bachelors,Never Married,<=50K.
47,Self,Masters,Married,>50K.
23,Private,Some-college,Never Married,<=50K.
42,Private,Some-college,Married,>50K.
22,Govt,Bachelors,Never Married,<=50K.
18,Private,HS-grad,Never Married,<=50K.
37,Private,Bachelors,Married,>50K.
34,Private,9th,Married,<=50K.
30,Private,Assoc-acdm,Separated,<=50K.
62,Self,Some-college,Widowed,<=50K.
51,Private,Some-college,Married,<=50K.
34,Private,HS-grad,Married,<=50K.
28,Self,Masters,Never Married,<=50K.
56,Private,10th,Never Married,<=50K.
46,Private,HS-grad,Divorced,<=50K.
46,Private,Some-college,Married,>50K.
23,Govt,Some-college,Married,<=50K.
33,Private,Bachelors,Married,<=50K.
27,Private,HS-grad,Never Married,<=50K.
21,Private,Some-college,Never Married,<=50K.
18,NA,HS-grad,Never Married,<=50K.
36,Private,5th-6th,Married,>50K.
37,Govt,Bachelors,Divorced,<=50K.
39,Govt,11th,Married,<=50K.
36,Private,HS-grad,Married,>50K.
24,Private,Assoc-acdm,Never Married,<=50K.
26,Private,Assoc-acdm,Never Married,<=50K.
37,Private,HS-grad,Divorced,<=50K.
34,Private,HS-grad,Married,<=50K.
33,Private,HS-grad,Divorced,<=50K.
33,Self,HS-grad,Married,<=50K.
20,Private,HS-grad,Never Married,<=50K.
26,Private,Some-college,Divorced,<=50K.
47,Private,HS-grad,Married,>50K.
17,Private,11th,Never Married,<=50K.
53,Private,Assoc-voc,Married,<=50K.
31,Private,Some-college,Divorced,<=50K.
34,Private,11th,Married,<=50K.
23,Private,5th-6th,Married,<=50K.
39,Private,Bachelors,Married,>50K.
22,NA,HS-grad,Never Married,<=50K.
21,Private,Some-college,Never Married,<=50K.
40,Private,HS-grad,Never Married,<=50K.
54,Govt,Masters,Married,>50K.
32,Govt,Bachelors,Married,<=50K.
29,Govt,HS-grad,Married,<=50K.
68,NA,Some-college,Never Married,<=50K.
27,Govt,Bachelors,Married,>50K.
54,Private,Some-college,Never Married,>50K.
23,Private,HS-grad,Divorced,<=50K.
38,Private,Masters,Married,>50K.
54,Private,HS-grad,Married,<=50K.
21,Private,Some-college,Never Married,<=50K.
40,Private,Assoc-voc,Never Married,<=50K.
19,Private,10th,Never Married,<=50K.
21,NA,HS-grad,Never Married,<=50K.
35,Private,Bachelors,Married,<=50K.
39,Private,Some-college,Never Married,<=50K.
38,Private,HS-grad,Never Married,<=50K.
41,Private,12th,Married,>50K.
26,Private,Some-college,Never Married,<=50K.
35,Private,HS-grad,Divorced,<=50K.
70,Self,Some-college,Married,<=50K.
45,Private,10th,Married,<=50K.
83,Private,HS-grad,Widowed,<=50K.
59,Private,HS-grad,Separated,<=50K.
18,Private,9th,Never Married,<=50K.
31,Private,HS-grad,Married,<=50K.
43,Private,Masters,Married,>50K.
24,Govt,Bachelors,Never Married,<=50K.
33,Private,Assoc-voc,Married,<=50K.
48,Govt,Masters,Never Married,<=50K.
27,Private,Bachelors,Married,<=50K.
41,Private,HS-grad,Married,<=50K.
25,Private,HS-grad,Married,<=50K.
53,Private,HS-grad,Divorced,>50K.
66,Self,Prof-school,Married,<=50K.
31,Private,Some-college,Married,>50K.
30,Govt,Bachelors,Married,<=50K.
22,Private,HS-grad,Divorced,<=50K.
47,Self,Bachelors,Married,>50K.
74,Private,HS-grad,Married,>50K.
37,Private,Some-college,Married,>50K.
35,Self,Some-college,Separated,<=50K.
51,Self,Bachelors,Married,<=50K.
40,Private,Some-college,Separated,<=50K.
51,Govt,Doctorate,Married,>50K.
26,Private,10th,Married,<=50K.
53,Private,Assoc-acdm,Never Married,<=50K.
32,Private,HS-grad,Married,<=50K.
29,Self,Some-college,Married,<=50K.
42,Private,HS-grad,Separated,<=50K.
22,Private,Some-college,Never Married,<=50K.
62,NA,HS-grad,Married,<=50K.
33,Private,HS-grad,Divorced,<=50K.
21,Private,HS-grad,Never Married,<=50K.
46,Govt,Bachelors,Married,>50K.
25,Private,11th,Never Married,<=50K.
29,Private,5th-6th,Married,<=50K.
29,Govt,Bachelors,Never Married,<=50K.
33,Private,Doctorate,Divorced,>50K.
50,Private,Assoc-acdm,Divorced,<=50K.
22,Private,HS-grad,Never Married,<=50K.
40,Private,HS-grad,Divorced,<=50K.
28,Private,HS-grad,Married,<=50K.
54,Private,HS-grad,Married,<=50K.
29,Private,HS-grad,Married,<=50K.
49,Private,HS-grad,Widowed,<=50K.
46,Private,11th,Widowed,<=50K.
71,Self,10th,Married,<=50K.
27,Private,Some-college,Married,<=50K.
56,Private,HS-grad,Never Married,<=50K.
64,Private,HS-grad,Married,>50K.
23,Private,Some-college,Married,<=50K.
36,Private,Bachelors,Married,>50K.
39,Govt,Masters,Married,>50K.
26,Private,HS-grad,Never Married,<=50K.
31,Govt,Assoc-acdm,Married,<=50K.
36,Private,Bachelors,Divorced,<=50K.
43,Private,HS-grad,Married,>50K.
25,Private,Some-college,Never Married,<=50K.
27,Private,HS-grad,Married,<=50K.
24,Private,12th,Never Married,<=50K.
50,Self,Assoc-acdm,Married,<=50K.
30,Private,HS-grad,Married,<=50K.
24,Private,11th,Never Married,<=50K.
41,Govt,Masters,Divorced,>50K.
29,Private,Some-college,Never Married,<=50K.
31,Private,Some-college,Married,<=50K.
54,Private,Some-college,Divorced,<=50K.
20,Private,11th,Married,<=50K.
37,Private,HS-grad,Never Married,<=50K.
28,Govt,HS-grad,Never Married,<=50K.
39,Private,HS-grad,Married,>50K.
46,Govt,Some-college,Never Married,<=50K.
35,Private,Bachelors,Separated,<=50K.
36,Self,Some-college,Married,>50K.
34,NA,HS-grad,Married,<=50K.
44,Private,Masters,Married,>50K.
34,Self,Bachelors,Divorced,<=50K.
28,Self,HS-grad,Married,>50K.
38,Self,Prof-school,Married,>50K.
64,NA,Bachelors,Married,>50K.
19,NA,Some-college,Never Married,<=50K.
35,Private,Bachelors,Married,>50K.
61,Private,HS-grad,Never Married,<=50K.
45,Private,Some-college,Divorced,<=50K.
36,Private,HS-grad,Married,<=50K.
34,Private,HS-grad,Never Married,<=50K.
27,Private,Assoc-voc,Married,<=50K.
22,Private,10th,Never Married,<=50K.
26,Private,Bachelors,Never Married,<=50K.
19,Private,11th,Never Married,<=50K.
36,Private,HS-grad,Divorced,<=50K.
51,Private,Bachelors,Divorced,>50K.
63,Private,HS-grad,Married,>50K.
51,Private,HS-grad,Married,<=50K.
20,Govt,Some-college,Never Married,<=50K.
42,Self,Assoc-voc,Married,<=50K.
40,NA,Bachelors,Never Married,<=50K.
25,Private,Some-college,Married,<=50K.
40,Private,Assoc-voc,Divorced,<=50K.
41,NA,Bachelors,Married,>50K.
49,Private,HS-grad,Never Married,<=50K.
46,Private,HS-grad,Separated,<=50K.
32,Self,HS-grad,Separated,<=50K.
28,Private,Some-college,Married,<=50K.
19,NA,HS-grad,Never Married,<=50K.
19,Private,HS-grad,Never Married,<=50K.
18,Private,11th,Never Married,<=50K.
39,Private,HS-grad,Never Married,<=50K.
60,Self,Bachelors,Divorced,<=50K.
46,Govt,Bachelors,Divorced,<=50K.
38,Private,7th-8th,Married,>50K.
36,Private,HS-grad,Married,>50K.
45,Private,Some-college,Married,<=50K.
60,Govt,Bachelors,Divorced,<=50K.
30,Private,11th,Married,<=50K.
22,Private,Some-college,Never Married,<=50K.
23,Private,Some-college,Never Married,<=50K.
48,Govt,Some-college,Never Married,<=50K.
46,Private,HS-grad,Married,<=50K.
43,Private,Masters,Married,>50K.
25,Private,HS-grad,Married,<=50K.
50,Private,Some-college,Never Married,<=50K.
61,Self,HS-grad,Divorced,<=50K.
35,Private,Bachelors,Never Married,<=50K.
65,Govt,Some-college,Divorced,<=50K.
56,Private,HS-grad,Married,<=50K.
43,Self,Bachelors,Married,<=50K.
55,Private,HS-grad,Married,<=50K.
22,Private,Some-college,Never Married,<=50K.
40,Private,Some-college,Divorced,<=50K.
35,Private,HS-grad,Married,<=50K.
22,NA,Some-college,Never Married,<=50K.
20,Private,9th,Married,<=50K.
46,Govt,12th,Married,>50K.
43,Private,HS-grad,Separated,<=50K.
46,Govt,HS-grad,Divorced,<=50K.
39,Private,11th,Married,<=50K.
34,Private,HS-grad,Never Married,<=50K.
35,Private,HS-grad,Divorced,<=50K.
30,Private,HS-grad,Never Married,<=50K.
25,Private,HS-grad,Never Married,<=50K.
44,Private,Masters,Married,>50K.
35,Private,HS-grad,Divorced,<=50K.
41,Private,HS-grad,Married,<=50K.
43,Govt,Bachelors,Married,>50K.
32,Private,Some-college,Never Married,<=50K.
50,Private,7th-8th,Married,<=50K.
20,Private,Some-college,Never Married,<=50K.
29,Private,HS-grad,Married,<=50K.
38,Private,Prof-school,Married,>50K.
20,Private,10th,Never Married,<=50K.
41,Private,HS-grad,Never Married,<=50K.
27,Private,Some-college,Never Married,<=50K.
37,Private,9th,Married,<=50K.
62,Govt,Masters,Separated,<=50K.
31,Private,10th,Divorced,<=50K.
49,Private,Some-college,Divorced,<=50K.
33,Govt,Bachelors,Never Married,<=50K.
31,Private,HS-grad,Married,>50K.
19,Private,Some-college,Never Married,<=50K.
44,Private,7th-8th,Married,<=50K.
31,Self,Some-college,Never Married,>50K.
62,Private,HS-grad,Widowed,<=50K.
65,Self,Some-college,Married,>50K.
17,Private,9th,Married,<=50K.
60,Private,HS-grad,Married,>50K.
31,Private,11th,Married,<=50K.
29,Private,Some-college,Never Married,<=50K.
53,Private,HS-grad,Married,>50K.
44,Private,Some-college,Married,>50K.
43,Private,11th,Married,<=50K.
40,Govt,Some-college,Married,<=50K.
18,Private,11th,Never Married,<=50K.
47,Private,HS-grad,Divorced,<=50K.
38,Govt,Bachelors,Married,<=50K.
37,Private,Assoc-acdm,Married,<=50K.
40,Private,Some-college,Separated,<=50K.
57,Self,HS-grad,Married,>50K.
43,Private,HS-grad,Separated,<=50K.
32,Private,Bachelors,Married,<=50K.
64,Private,Some-college,Married,<=50K.
18,Private,12th,Never Married,<=50K.
40,Self,Bachelors,Never Married,<=50K.
17,NA,11th,Never Married,<=50K.
23,Private,HS-grad,Never Married,<=50K.
45,Private,Assoc-voc,Divorced,<=50K.
45,Self,Masters,Divorced,<=50K.
27,Private,10th,Never Married,<=50K.
23,Private,Some-college,Married,<=50K.
58,Self,HS-grad,Married,<=50K.
35,Private,HS-grad,Divorced,<=50K.
47,Private,Masters,Divorced,>50K.
33,Private,HS-grad,Married,<=50K.
27,Private,Bachelors,Separated,>50K.
46,Private,Assoc-acdm,Married,>50K.
24,Private,Some-college,Married,<=50K.
40,Private,Some-college,Married,>50K.
44,Private,HS-grad,Never Married,<=50K.
31,Govt,Bachelors,Married,>50K.
37,Private,Assoc-voc,Married,>50K.
23,Private,Assoc-voc,Separated,<=50K.
30,Self,Bachelors,Married,>50K.
31,Private,Some-college,Married,<=50K.
24,NA,HS-grad,Never Married,<=50K.
32,Private,Some-college,Married,<=50K.
27,Private,HS-grad,Never Married,<=50K.
35,Govt,HS-grad,Never Married,<=50K.
27,Private,Bachelors,Never Married,<=50K.
30,Self,Bachelors,Married,<=50K.
33,Self,HS-grad,Never Married,<=50K.
34,Private,Doctorate,Married,>50K.
29,Private,Some-college,Married,<=50K.
26,Govt,Masters,Never Married,<=50K.
39,Self,HS-grad,Never Married,<=50K.
37,Self,Some-college,Married,>50K.
51,Private,Some-college,Divorced,>50K.
40,Private,Some-college,Separated,>50K.
53,Private,7th-8th,Married,<=50K.
58,Govt,Some-college,Married,>50K.
29,Private,Bachelors,Married,>50K.
33,Private,HS-grad,Married,<=50K.
57,Private,Masters,Married,>50K.
69,Govt,HS-grad,Married,<=50K.
20,Private,Some-college,Never Married,<=50K.
56,Private,HS-grad,Widowed,<=50K.
49,Private,5th-6th,Married,<=50K.
34,Private,HS-grad,Married,<=50K.
70,Private,HS-grad,Married,<=50K.
44,Private,Bachelors,Divorced,<=50K.
37,Private,Bachelors,Never Married,>50K.
58,Govt,Bachelors,Married,<=50K.
42,Self,Some-college,Married,<=50K.
41,Private,HS-grad,Married,<=50K.
28,Private,HS-grad,Never Married,<=50K.
47,Govt,Masters,Married,>50K.
24,Private,HS-grad,Married,<=50K.
58,Self,HS-grad,Married,>50K.
18,Private,HS-grad,Never Married,<=50K.
50,Private,Some-college,Married,>50K.
69,Private,Some-college,Widowed,<=50K.
84,Private,Masters,Never Married,<=50K.
47,Private,Bachelors,Married,>50K.
19,Private,12th,Never Married,<=50K.
24,Private,Some-college,Never Married,<=50K.
48,NA,Bachelors,Married,<=50K.
53,Private,HS-grad,Divorced,<=50K.
58,Private,Some-college,Married,<=50K.
22,Private,Some-college,Never Married,<=50K.
36,Self,Some-college,Married,<=50K.
34,Private,12th,Never Married,<=50K.
43,Private,1st-4th,Widowed,<=50K.
37,Private,HS-grad,Married,<=50K.
43,Private,Prof-school,Separated,>50K.
42,Private,Some-college,Married,>50K.
21,Private,Some-college,Never Married,<=50K.
49,Self,HS-grad,Married,<=50K.
35,Private,HS-grad,Married,<=50K.
49,Self,Some-college,Widowed,<=50K.
28,Private,Some-college,Never Married,<=50K.
51,Private,1st-4th,Married,<=50K.
30,NA,Bachelors,Never Married,<=50K.
19,Private,7th-8th,Never Married,>50K.
56,Private,9th,Married,<=50K.
20,Private,HS-grad,Never Married,<=50K.
22,Private,Some-college,Never Married,<=50K.
33,Private,HS-grad,Married,>50K.
54,NA,HS-grad,Divorced,<=50K.
22,Private,Some-college,Never Married,<=50K.
68,Private,Some-college,Divorced,<=50K.
56,Govt,Bachelors,Divorced,<=50K.
23,NA,HS-grad,Never Married,<=50K.
69,Self,9th,Married,<=50K.
41,Private,Bachelors,Never Married,<=50K.
33,Private,HS-grad,Never Married,<=50K.
18,Private,11th,Never Married,<=50K.
17,Private,11th,Never Married,<=50K.
31,Private,11th,Divorced,<=50K.
50,Private,Some-college,Married,>50K.
62,Private,10th,Widowed,<=50K.
41,Private,HS-grad,Divorced,<=50K.
20,Govt,HS-grad,Never Married,<=50K.
23,Private,Assoc-acdm,Never Married,<=50K.
18,Private,HS-grad,Never Married,<=50K.
53,NA,7th-8th,Separated,<=50K.
42,Private,9th,Married,<=50K.
23,Private,Bachelors,Never Married,<=50K.
43,Private,HS-grad,Divorced,<=50K.
47,Private,HS-grad,Married,<=50K.
53,Govt,5th-6th,Married,<=50K.
28,Private,10th,Never Married,<=50K.
28,Govt,Some-college,Married,<=50K.
44,Private,Some-college,Married,<=50K.
58,Private,HS-grad,Married,<=50K.
25,NA,7th-8th,Never Married,<=50K.
26,Private,HS-grad,Never Married,<=50K.
36,Self,Some-college,Married,<=50K.
27,Private,HS-grad,Divorced,<=50K.
39,Private,Doctorate,Married,>50K.
25,Private,Bachelors,Married,<=50K.
17,Private,11th,Never Married,<=50K.
39,Private,Bachelors,Divorced,<=50K.
52,Private,HS-grad,Married,<=50K.
24,Private,Bachelors,Never Married,<=50K.
26,Self,Assoc-voc,Married,<=50K.
24,NA,Bachelors,Never Married,<=50K.
32,Private,HS-grad,Married,>50K.
49,Govt,Masters,Married,>50K.
20,NA,Some-college,Never Married,<=50K.
40,Private,11th,Married,<=50K.
52,Private,Prof-school,Divorced,>50K.
33,Private,HS-grad,Never Married,<=50K.
19,Private,HS-grad,Married,<=50K.
37,Private,Assoc-voc,Married,<=50K.
21,Govt,Some-college,Never Married,<=50K.
33,Private,Some-college,Never Married,<=50K.
28,Private,Assoc-acdm,Divorced,<=50K.
48,Private,HS-grad,Married,<=50K.
43,Private,Bachelors,Separated,<=50K.
32,Private,HS-grad,Married,<=50K.
28,Private,HS-grad,Never Married,<=50K.
47,Self,Bachelors,Married,<=50K.
37,Private,Bachelors,Married,>50K.
26,Private,Some-college,Separated,<=50K.
55,Private,HS-grad,Married,<=50K.
40,Private,Assoc-acdm,Divorced,<=50K.
31,Private,Bachelors,Married,>50K.
39,Private,HS-grad,Married,>50K.
54,Self,Some-college,Married,>50K.
38,Private,Some-college,Married,<=50K.
53,Self,HS-grad,Married,<=50K.
27,Self,Assoc-acdm,Never Married,<=50K.
42,Private,Bachelors,Married,>50K.
62,Private,Some-college,Divorced,<=50K.
47,Private,11th,Married,<=50K.
26,Private,Bachelors,Never Married,<=50K.
33,NA,HS-grad,Never Married,<=50K.
59,Private,Some-college,Divorced,<=50K.
42,Private,HS-grad,Divorced,<=50K.
25,Private,Bachelors,Married,>50K.
58,Private,HS-grad,Divorced,<=50K.
30,Private,Some-college,Never Married,<=50K.
21,Private,Some-college,Never Married,<=50K.
61,Private,HS-grad,Married,<=50K.
33,Private,Assoc-acdm,Married,<=50K.
51,Private,Masters,Married,>50K.
70,Private,Some-college,Widowed,<=50K.
55,NA,HS-grad,Married,>50K.
29,Self,Some-college,Divorced,<=50K.
46,Private,Masters,Widowed,<=50K.
35,Govt,Some-college,Divorced,<=50K.
31,Private,HS-grad,Married,>50K.
37,Private,Some-college,Married,>50K.
43,Private,Some-college,Married,>50K.
23,Private,HS-grad,Never Married,<=50K.
41,Private,HS-grad,Divorced,>50K.
42,Govt,Bachelors,Married,>50K.
26,Private,10th,Never Married,<=50K.
45,Private,Some-college,Married,>50K.
25,Private,Assoc-acdm,Married,<=50K.
33,NA,7th-8th,Separated,<=50K.
38,Private,Bachelors,Married,>50K.
28,Private,HS-grad,Never Married,<=50K.
68,Self,Assoc-voc,Married,<=50K.
42,Govt,HS-grad,Married,>50K.
35,Private,Masters,Married,<=50K.
36,Private,Some-college,Divorced,<=50K.
33,Private,HS-grad,Married,<=50K.
22,Private,Some-college,Never Married,<=50K.
45,Govt,Bachelors,Married,>50K.
24,Private,Some-college,Never Married,<=50K.
57,Private,1st-4th,Married,<=50K.
36,Govt,HS-grad,Married,>50K.
41,Private,HS-grad,Never Married,<=50K.
26,Self,Some-college,Never Married,<=50K.
25,Self,Some-college,Never Married,<=50K.
53,Govt,Some-college,Married,<=50K.
28,Govt,Assoc-acdm,Widowed,<=50K.
30,Govt,Masters,Never Married,<=50K.
38,Self,11th,Married,<=50K.
37,Govt,Some-college,Divorced,<=50K.
30,Private,Masters,Married,<=50K.
41,Private,HS-grad,Married,<=50K.
29,NA,Some-college,Never Married,<=50K.
31,Private,Some-college,Divorced,<=50K.
36,Private,HS-grad,Married,<=50K.
59,Self,HS-grad,Married,<=50K.
33,Self,HS-grad,Married,<=50K.
29,Private,HS-grad,Married,>50K.
49,Govt,Some-college,Married,>50K.
50,Govt,10th,Separated,<=50K.
33,Private,Bachelors,Married,>50K.
28,Private,7th-8th,Married,<=50K.
81,NA,HS-grad,Divorced,<=50K.
24,Private,Some-college,Never Married,<=50K.
32,Self,Some-college,Married,<=50K.
47,Govt,HS-grad,Married,>50K.
44,NA,HS-grad,Married,<=50K.
24,Private,Some-college,Never Married,<=50K.
37,Govt,Some-college,Married,>50K.
51,Private,Bachelors,Married,>50K.
52,Private,HS-grad,Married,<=50K.
22,Private,Some-college,Never Married,<=50K.
28,Private,Assoc-acdm,Never Married,<=50K.
47,Self,Some-college,Married,<=50K.
43,Private,HS-grad,Married,<=50K.
25,Private,HS-grad,Never Married,<=50K.
43,Private,Some-college,Married,>50K.
25,Private,Bachelors,Never Married,<=50K.
59,Private,Masters,Married,<=50K.
29,Private,Assoc-acdm,Divorced,<=50K.
30,Private,9th,Married,<=50K.
24,Private,Some-college,Married,<=50K.
38,Private,Bachelors,Never Married,<=50K.
37,Self,HS-grad,Married,>50K.
26,Private,Preschool,Married,<=50K.
30,Private,HS-grad,Never Married,<=50K.
73,Govt,Masters,Married,>50K.
30,Private,HS-grad,Married,<=50K.
33,Private,HS-grad,Married,<=50K.
46,Private,Some-college,Married,<=50K.
40,NA,HS-grad,Married,<=50K.
18,Private,11th,Never Married,<=50K.
35,Private,Bachelors,Married,>50K.
22,Private,HS-grad,Never Married,<=50K.
50,Self,HS-grad,Married,<=50K.
62,NA,7th-8th,Widowed,<=50K.
39,Self,Bachelors,Married,>50K.
22,Private,Some-college,Never Married,<=50K.
33,Private,HS-grad,Never Married,<=50K.
31,Private,HS-grad,Never Married,<=50K.
29,Private,Bachelors,Never Married,<=50K.
38,Self,Some-college,Married,>50K.
24,Private,Bachelors,Never Married,<=50K.
29,Govt,HS-grad,Separated,<=50K.
49,Govt,Masters,Married,>50K.
33,Private,7th-8th,Married,<=50K.
28,Private,HS-grad,Never Married,<=50K.
22,Private,Bachelors,Never Married,<=50K.
37,Private,HS-grad,Married,<=50K.
30,Private,HS-grad,Married,<=50K.
49,Private,7th-8th,Married,<=50K.
29,Private,HS-grad,Married,<=50K.
25,Private,HS-grad,Separated,<=50K.
36,Private,HS-grad,Married,<=50K.
36,Govt,Doctorate,Never Married,<=50K.
21,Private,HS-grad,Never Married,<=50K.
18,Private,Some-college,Never Married,<=50K.
30,Govt,Assoc-voc,Never Married,<=50K.
44,Private,Some-college,Never Married,<=50K.
40,Private,Some-college,Married,<=50K.
43,Private,HS-grad,Married,<=50K.
45,Private,Bachelors,Married,>50K.
29,Private,Some-college,Married,<=50K.
40,Private,Some-college,Married,<=50K.
43,Private,Some-college,Married,<=50K.
20,Private,Some-college,Never Married,<=50K.
32,Govt,Bachelors,Married,<=50K.
19,Private,Some-college,Never Married,<=50K.
21,Private,HS-grad,Never Married,<=50K.
23,Private,Assoc-voc,Married,<=50K.
24,Private,11th,Never Married,<=50K.
52,Private,Assoc-voc,Divorced,<=50K.
51,NA,Some-college,Divorced,<=50K.
19,Private,Some-college,Never Married,<=50K.
54,Private,Some-college,Married,>50K.
50,Private,HS-grad,Divorced,<=50K.
29,Private,Some-college,Divorced,<=50K.
17,Private,10th,Never Married,<=50K.
47,Private,HS-grad,Divorced,<=50K.
46,Private,Bachelors,Divorced,<=50K.
30,Private,Some-college,Married,<=50K.
58,Private,Some-college,Married,<=50K.
48,Private,Bachelors,Divorced,<=50K.
23,Private,Some-college,Never Married,<=50K.
23,Private,Assoc-voc,Never Married,<=50K.
45,Private,HS-grad,Married,<=50K.
20,Private,Some-college,Never Married,<=50K.
26,Private,7th-8th,Never Married,<=50K.
50,Govt,Bachelors,Never Married,>50K.
49,Private,HS-grad,Married,>50K.
26,Private,Some-college,Never Married,<=50K.
47,Private,Prof-school,Divorced,<=50K.
31,Private,12th,Never Married,<=50K.
19,NA,Some-college,Never Married,<=50K.
23,Private,10th,Married,<=50K.
35,Private,HS-grad,Married,<=50K.
46,Private,Some-college,Married,>50K.
28,Self,11th,Never Married,<=50K.
58,Private,Some-college,Married,>50K.
21,Private,HS-grad,Never Married,<=50K.
50,Self,10th,Divorced,<=50K.
30,NA,9th,Never Married,<=50K.
31,Private,Bachelors,Never Married,<=50K.
31,Self,Bachelors,Married,<=50K.
35,Self,HS-grad,Married,>50K.
33,Private,Doctorate,Married,>50K.
34,Private,Masters,Married,>50K.
67,NA,Prof-school,Married,>50K.
37,Private,HS-grad,Married,>50K.
48,Private,Masters,Married,>50K.
34,Govt,Bachelors,Never Married,<=50K.
24,Private,Some-college,Never Married,<=50K.
55,Private,HS-grad,Divorced,<=50K.
50,Private,HS-grad,Married,>50K.
40,Private,Bachelors,Married,>50K.
33,Private,Bachelors,Never Married,<=50K.
51,Govt,Some-college,Married,<=50K.
30,Private,Some-college,Never Married,<=50K.
41,Private,HS-grad,Married,<=50K.
47,Govt,Assoc-voc,Married,>50K.
27,Private,7th-8th,Never Married,<=50K.
37,Private,Bachelors,Separated,>50K.
40,Private,Assoc-voc,Married,<=50K.
36,Private,HS-grad,Married,<=50K.
37,Private,HS-grad,Married,<=50K.
38,Private,Prof-school,Separated,>50K.
40,Self,Some-college,Married,<=50K.
35,Private,Bachelors,Divorced,<=50K.
47,Self,HS-grad,Married,>50K.
20,NA,Some-college,Never Married,<=50K.
33,Private,Masters,Married,>50K.
45,Private,Some-college,Divorced,<=50K.
66,NA,Some-college,Married,>50K.
35,Self,HS-grad,Never Married,<=50K.
32,Private,11th,Married,<=50K.
23,Private,Some-college,Married,<=50K.
19,Private,HS-grad,Never Married,<=50K.
44,NA,Some-college,Married,<=50K.
20,Private,HS-grad,Never Married,<=50K.
44,Self,Bachelors,Married,<=50K.
41,Govt,HS-grad,Married,<=50K.
19,Private,Some-college,Never Married,<=50K.
48,Private,HS-grad,Divorced,<=50K.
45,Private,Some-college,Married,>50K.
40,Private,7th-8th,Married,<=50K.
34,Private,HS-grad,Married,>50K.
20,Private,Some-college,Never Married,<=50K.
33,Private,Some-college,Separated,<=50K.
30,Private,HS-grad,Married,<=50K.
23,Private,Some-college,Never Married,<=50K.
34,Private,10th,Divorced,<=50K.
48,Govt,Some-college,Married,>50K.
32,NA,11th,Divorced,<=50K.
42,Private,Some-college,Married,>50K.
22,Private,HS-grad,Never Married,<=50K.
60,Self,HS-grad,Married,>50K.
42,Private,Bachelors,Married,>50K.
45,Private,Bachelors,Separated,<=50K.
47,Private,HS-grad,Divorced,<=50K.
29,Private,Masters,Married,>50K.
34,Private,Bachelors,Never Married,<=50K.
34,Private,Bachelors,Divorced,>50K.
39,Govt,HS-grad,Married,<=50K.
29,Private,Some-college,Divorced,<=50K.
42,Self,Some-college,Never Married,<=50K.
48,Private,11th,Separated,<=50K.
53,Private,Bachelors,Married,>50K.
51,Private,Some-college,Widowed,<=50K.
44,Self,Bachelors,Married,<=50K.
46,Self,Assoc-voc,Married,>50K.
51,Private,Doctorate,Divorced,>50K.
32,Private,Some-college,Never Married,<=50K.
22,NA,HS-grad,Never Married,<=50K.
24,Private,Some-college,Never Married,<=50K.
33,Private,Assoc-voc,Never Married,<=50K.
47,Self,HS-grad,Married,<=50K.
64,Self,Masters,Divorced,<=50K.
62,Private,Bachelors,Married,>50K.
52,Private,HS-grad,Married,>50K.
39,Private,HS-grad,Never Married,<=50K.
42,Private,HS-grad,Married,<=50K.
38,Govt,Bachelors,Married,>50K.
55,Private,7th-8th,Married,<=50K.
29,NA,HS-grad,Married,<=50K.
42,Private,Assoc-acdm,Divorced,<=50K.
30,Private,Assoc-acdm,Married,>50K.
32,Private,9th,Married,<=50K.
36,NA,HS-grad,Married,<=50K.
50,Govt,11th,Never Married,<=50K.
27,Private,HS-grad,Never Married,<=50K.
47,Private,HS-grad,Married,<=50K.
33,Private,9th,Divorced,<=50K.
48,Self,Some-college,Never Married,<=50K.
23,Private,7th-8th,Never Married,<=50K.
31,Govt,Bachelors,Married,>50K.
26,Private,Some-college,Married,<=50K.
61,Self,HS-grad,Married,<=50K.
50,Private,Bachelors,Divorced,<=50K.
49,Private,Assoc-voc,Married,>50K.
57,NA,5th-6th,Married,>50K.
19,Private,HS-grad,Never Married,<=50K.
18,Private,11th,Never Married,<=50K.
44,Self,Assoc-acdm,Married,<=50K.
54,Private,Assoc-voc,Married,<=50K.
35,Govt,HS-grad,Married,>50K.
27,Govt,Masters,Never Married,<=50K.
50,Self,HS-grad,Married,<=50K.
43,Govt,HS-grad,Married,<=50K.
28,Private,Some-college,Divorced,<=50K.
47,Private,HS-grad,Married,<=50K.
21,Private,Preschool,Never Married,<=50K.
30,Private,Prof-school,Never Married,<=50K.
19,Private,HS-grad,Never Married,<=50K.
40,Private,Some-college,Married,<=50K.
55,Private,Masters,Married,>50K.
67,NA,HS-grad,Divorced,<=50K.
31,Private,Assoc-voc,Divorced,<=50K.
30,Private,Assoc-voc,Divorced,<=50K.
54,NA,Preschool,Married,<=50K.
51,Govt,Bachelors,Never Married,<=50K.
34,Private,HS-grad,Divorced,<=50K.
59,Private,Masters,Married,>50K.
50,Private,HS-grad,Divorced,<=50K.
29,Private,HS-grad,Divorced,<=50K.
17,Govt,10th,Never Married,<=50K.
24,Private,HS-grad,Never Married,<=50K.
52,NA,Preschool,Married,<=50K.
39,Private,Masters,Married,>50K.
18,NA,12th,Never Married,<=50K.
32,Private,Some-college,Divorced,<=50K.
25,NA,Some-college,Divorced,<=50K.
34,Private,HS-grad,Never Married,<=50K.
44,Self,HS-grad,Married,>50K.
37,Govt,Some-college,Divorced,<=50K.
39,Private,Masters,Married,>50K.
32,Self,Prof-school,Married,>50K.
23,Private,Some-college,Never Married,<=50K.
45,Govt,Some-college,Divorced,<=50K.
30,Private,11th,Divorced,<=50K.
20,Private,12th,Divorced,<=50K.
41,Private,HS-grad,Married,<=50K.
21,Private,HS-grad,Never Married,<=50K.
48,Private,7th-8th,Married,<=50K.
31,Private,HS-grad,Married,>50K.
34,Private,Assoc-voc,Never Married,<=50K.
25,Private,HS-grad,Separated,<=50K.
41,Self,Bachelors,Separated,<=50K.
35,Self,Prof-school,Married,>50K.
42,Private,Bachelors,Divorced,<=50K.
34,Self,HS-grad,Married,>50K.
44,Private,10th,Married,<=50K.
32,Private,Bachelors,Married,>50K.
25,Private,Some-college,Never Married,<=50K.
23,Private,11th,Married,<=50K.
36,Private,Prof-school,Never Married,>50K.
53,Self,Bachelors,Never Married,>50K.
27,Private,Doctorate,Never Married,<=50K.
27,Private,Bachelors,Never Married,<=50K.
57,Private,HS-grad,Never Married,<=50K.
17,Private,11th,Never Married,<=50K.
59,Govt,HS-grad,Divorced,<=50K.
34,Private,HS-grad,Never Married,<=50K.
30,Private,10th,Married,<=50K.
31,Govt,Assoc-acdm,Never Married,<=50K.
18,NA,11th,Never Married,<=50K.
23,Private,Some-college,Never Married,<=50K.
19,Private,HS-grad,Never Married,<=50K.
20,Self,Assoc-voc,Never Married,<=50K.
52,Self,HS-grad,Divorced,<=50K.
39,Govt,Bachelors,Married,>50K.
27,Private,HS-grad,Separated,<=50K.
19,Private,Some-college,Never Married,<=50K.
38,Govt,Bachelors,Married,<=50K.
19,Private,HS-grad,Never Married,<=50K.
34,Private,Bachelors,Married,>50K.
41,Private,HS-grad,Married,<=50K.
23,Private,HS-grad,Married,<=50K.
24,NA,Assoc-acdm,Never Married,<=50K.
24,Private,Bachelors,Never Married,<=50K.
22,Private,10th,Never Married,<=50K.
45,Private,Prof-school,Married,>50K.
45,Private,HS-grad,Married,>50K.
48,Private,Bachelors,Married,>50K.
42,Private,Bachelors,Married,<=50K.
35,Self,Some-college,Married,<=50K.
32,Private,HS-grad,Divorced,<=50K.
51,Govt,HS-grad,Married,<=50K.
59,Private,Some-college,Married,>50K.
31,Govt,HS-grad,Never Married,<=50K.
27,Govt,Bachelors,Never Married,<=50K.
29,Private,Bachelors,Married,>50K.
57,Private,Assoc-acdm,Widowed,<=50K.
40,Private,HS-grad,Never Married,<=50K.
31,Private,HS-grad,Divorced,<=50K.
23,Private,7th-8th,Never Married,<=50K.
42,Private,HS-grad,Separated,<=50K.
60,Private,HS-grad,Married,<=50K.
53,Govt,Masters,Never Married,>50K.
20,NA,Some-college,Never Married,<=50K.
27,Private,HS-grad,Never Married,<=50K.
31,Private,HS-grad,Married,<=50K.
29,Govt,Bachelors,Never Married,<=50K.
22,Private,Bachelors,Never Married,<=50K.
42,Private,Bachelors,Never Married,>50K.
63,Self,Prof-school,Married,>50K.
28,Private,HS-grad,Married,<=50K.
79,Private,Some-college,Married,<=50K.
39,Private,HS-grad,Married,>50K.
29,Private,12th,Never Married,<=50K.
60,Private,7th-8th,Divorced,<=50K.
58,Private,12th,Married,<=50K.
20,Private,Assoc-acdm,Never Married,<=50K.
44,Private,HS-grad,Married,>50K.
47,Private,HS-grad,Married,<=50K.
59,Private,HS-grad,Married,>50K.
37,Private,Masters,Divorced,<=50K.
21,Private,HS-grad,Separated,<=50K.
68,Private,Assoc-voc,Widowed,<=50K.
43,Private,Some-college,Married,<=50K.
23,NA,Some-college,Never Married,<=50K.
23,Private,HS-grad,Never Married,<=50K.
40,Govt,Masters,Never Married,<=50K.
45,Self,Some-college,Never Married,<=50K.
34,NA,Assoc-voc,Married,>50K.
22,Private,Some-college,Never Married,<=50K.
38,Private,Bachelors,Married,>50K.
24,Private,Some-college,Never Married,<=50K.
23,Private,HS-grad,Married,<=50K.
39,Govt,Some-college,Married,>50K.
26,Private,Some-college,Never Married,<=50K.
24,Private,HS-grad,Never Married,<=50K.
22,Private,Some-college,Never Married,<=50K.
36,Private,Bachelors,Married,<=50K.
20,Private,Some-college,Never Married,<=50K.
18,Private,11th,Never Married,<=50K.
38,Private,Bachelors,Married,>50K.
43,Self,Bachelors,Divorced,<=50K.
56,Private,HS-grad,Divorced,<=50K.
42,Private,Masters,Married,>50K.
35,Private,Bachelors,Married,>50K.
31,Private,Some-college,Divorced,<=50K.
73,Private,1st-4th,Married,<=50K.
32,Private,Some-college,Divorced,<=50K.
37,Private,Masters,Married,>50K.
66,Private,HS-grad,Married,<=50K.
22,Private,HS-grad,Never Married,<=50K.
51,Private,Assoc-voc,Married,<=50K.
31,Private,HS-grad,Never Married,<=50K.
65,Private,HS-grad,Divorced,<=50K.
39,Private,HS-grad,Married,<=50K.
48,Private,Some-college,Married,<=50K.
20,Private,Some-college,Never Married,<=50K.
28,NA,Assoc-acdm,Never Married,<=50K.
48,Private,Bachelors,Married,>50K.
29,Govt,Prof-school,Married,<=50K.
36,Self,Doctorate,Never Married,>50K.
35,Self,Bachelors,Married,>50K.
31,Private,Some-college,Married,>50K.
48,Govt,HS-grad,Married,<=50K.
36,Private,Assoc-voc,Never Married,<=50K.
40,Self,HS-grad,Married,<=50K.
57,Private,HS-grad,Married,<=50K.
26,Govt,Bachelors,Never Married,<=50K.
37,Govt,HS-grad,Never Married,<=50K.
65,Private,Doctorate,Married,>50K.
26,Self,10th,Never Married,<=50K.
42,Private,Some-college,Married,<=50K.
47,Private,Masters,Married,>50K.
62,Private,7th-8th,Divorced,<=50K.
27,Private,Assoc-voc,Never Married,<=50K.
76,Self,Some-college,Widowed,<=50K.
20,NA,Some-college,Never Married,<=50K.
29,Private,Bachelors,Never Married,<=50K.
29,Private,12th,Married,>50K.
32,Private,10th,Never Married,<=50K.
22,Self,Some-college,Married,<=50K.
30,Govt,HS-grad,Never Married,<=50K.
43,Govt,Some-college,Divorced,<=50K.
23,Private,Bachelors,Married,<=50K.
44,Govt,Prof-school,Married,>50K.
41,Private,Bachelors,Divorced,<=50K.
49,Govt,Masters,Divorced,>50K.
30,Private,HS-grad,Never Married,>50K.
23,Private,Some-college,Never Married,<=50K.
39,Private,HS-grad,Widowed,<=50K.
32,Private,Bachelors,Married,>50K.
50,Private,Some-college,Married,>50K.
19,Private,Some-college,Never Married,<=50K.
35,Private,Bachelors,Married,>50K.
23,Private,HS-grad,Never Married,<=50K.
25,Private,Some-college,Never Married,<=50K.
40,Private,HS-grad,Divorced,<=50K.
30,Private,Bachelors,Married,>50K.
52,Private,Some-college,Married,>50K.
49,Private,Some-college,Married,<=50K.
24,Private,Bachelors,Never Married,<=50K.
46,Private,Bachelors,Married,>50K.
39,Private,Bachelors,Married,>50K.
45,Self,Bachelors,Married,>50K.
62,Govt,Bachelors,Married,<=50K.
43,Private,Bachelors,Married,>50K.
45,Private,Some-college,Divorced,<=50K.
62,Self,HS-grad,Married,<=50K.
48,Private,5th-6th,Never Married,<=50K.
56,Private,HS-grad,Divorced,<=50K.
28,Private,HS-grad,Never Married,<=50K.
23,Private,HS-grad,Never Married,<=50K.
43,Private,HS-grad,Divorced,<=50K.
26,Private,Bachelors,Married,>50K.
36,Private,HS-grad,Married,>50K.
55,Govt,Doctorate,Never Married,<=50K.
48,Govt,Bachelors,Never Married,<=50K.
43,Private,5th-6th,Married,<=50K.
38,Private,Assoc-voc,Married,>50K.
18,Private,HS-grad,Never Married,<=50K.
56,Self,HS-grad,Married,<=50K.
39,Self,Masters,Never Married,<=50K.
46,Private,5th-6th,Separated,<=50K.
36,Private,11th,Never Married,<=50K.
42,Self,HS-grad,Married,<=50K.
50,Private,HS-grad,Married,>50K.
17,Private,11th,Never Married,<=50K.
57,Private,7th-8th,Widowed,<=50K.
73,Private,HS-grad,Widowed,<=50K.
50,Govt,Some-college,Never Married,<=50K.
35,Private,Some-college,Never Married,<=50K.
27,Private,Some-college,Married,<=50K.
24,NA,Some-college,Never Married,<=50K.
27,Private,Some-college,Never Married,<=50K.
23,Self,HS-grad,Never Married,<=50K.
25,Private,HS-grad,Never Married,<=50K.
51,Private,Bachelors,Married,>50K.
26,Private,10th,Married,<=50K.
47,Private,Some-college,Married,<=50K.
40,Private,HS-grad,Divorced,<=50K.
58,Private,9th,Divorced,<=50K.
25,Private,Some-college,Never Married,<=50K.
29,Private,HS-grad,Married,<=50K.
36,Private,11th,Married,<=50K.
46,Private,HS-grad,Divorced,<=50K.
69,Private,1st-4th,Widowed,<=50K.
69,Private,HS-grad,Widowed,<=50K.
28,Private,HS-grad,Never Married,<=50K.
20,Private,HS-grad,Never Married,<=50K.
54,Govt,HS-grad,Separated,<=50K.
25,Private,Some-college,Never Married,<=50K.
64,Govt,HS-grad,Married,<=50K.
17,Private,HS-grad,Never Married,<=50K.
53,Govt,HS-grad,Married,<=50K.
50,Private,9th,Divorced,<=50K.
57,Private,HS-grad,Married,<=50K.
51,Private,Some-college,Married,<=50K.
20,NA,Some-college,Never Married,<=50K.
47,Private,Some-college,Married,<=50K.
25,Private,HS-grad,Never Married,<=50K.
50,Govt,Prof-school,Married,>50K.
20,Private,HS-grad,Never Married,<=50K.
43,Govt,Prof-school,Married,>50K.
46,Private,Bachelors,Never Married,<=50K.
54,Private,HS-grad,Separated,<=50K.
53,Private,Some-college,Separated,<=50K.
21,Private,HS-grad,Never Married,<=50K.
58,Private,Some-college,Divorced,<=50K.
30,Private,Bachelors,Married,>50K.
61,Private,HS-grad,Married,<=50K.
56,Govt,Some-college,Divorced,<=50K.
59,Private,HS-grad,Divorced,<=50K.
72,Private,HS-grad,Married,<=50K.
33,Private,HS-grad,Never Married,<=50K.
46,Private,HS-grad,Married,>50K.
46,Govt,Some-college,Married,>50K.
48,Private,HS-grad,Never Married,<=50K.
33,Private,HS-grad,Married,<=50K.
21,Private,Some-college,Never Married,<=50K.
27,Private,HS-grad,Divorced,<=50K.
31,Private,HS-grad,Divorced,<=50K.
28,Private,Bachelors,Never Married,<=50K.
45,Govt,Some-college,Divorced,<=50K.
51,Private,HS-grad,Married,>50K.
46,Govt,HS-grad,Never Married,<=50K.
25,Private,Some-college,Married,<=50K.
61,Private,Some-college,Married,>50K.
17,Private,11th,Never Married,<=50K.
26,Private,Bachelors,Never Married,<=50K.
35,Private,10th,Divorced,<=50K.
33,Self,11th,Married,<=50K.
37,Private,12th,Married,<=50K.
39,Govt,HS-grad,Never Married,<=50K.
42,Private,HS-grad,Divorced,<=50K.
35,Private,Bachelors,Married,>50K.
45,Private,HS-grad,Divorced,>50K.
47,Self,Bachelors,Never Married,>50K.
64,Private,11th,Married,<=50K.
39,Private,Prof-school,Married,>50K.
43,NA,HS-grad,Divorced,<=50K.
34,Private,HS-grad,Married,<=50K.
62,Private,Bachelors,Married,>50K.
53,Private,Some-college,Married,>50K.
31,Private,Bachelors,Married,<=50K.
26,Private,HS-grad,Married,<=50K.
56,Self,7th-8th,Married,>50K.
43,Private,Some-college,Never Married,<=50K.
33,Private,Some-college,Never Married,<=50K.
45,Self,Some-college,Married,>50K.
46,Private,Some-college,Separated,<=50K.
26,Private,Assoc-voc,Married,<=50K.
24,Private,HS-grad,Never Married,<=50K.
43,Private,Bachelors,Married,>50K.
40,Private,Assoc-voc,Never Married,<=50K.
61,Private,7th-8th,Divorced,<=50K.
34,Govt,Some-college,Never Married,<=50K.
85,Private,HS-grad,Widowed,<=50K.
41,Private,HS-grad,Never Married,<=50K.
31,Govt,Assoc-acdm,Never Married,<=50K.
22,Private,Some-college,Never Married,<=50K.
60,Private,HS-grad,Widowed,<=50K.
29,Private,Assoc-acdm,Divorced,<=50K.
34,NA,HS-grad,Married,<=50K.
35,Govt,Bachelors,Never Married,<=50K.
24,Private,HS-grad,Never Married,<=50K.
45,Govt,Masters,Divorced,<=50K.
21,Govt,12th,Never Married,<=50K.
30,Private,Assoc-acdm,Married,>50K.
50,Self,Some-college,Married,>50K.
41,Self,HS-grad,Married,>50K.
21,Private,HS-grad,Never Married,<=50K.
45,Private,HS-grad,Married,<=50K.
34,Private,Bachelors,Married,>50K.
28,Private,HS-grad,Divorced,<=50K.
19,Private,HS-grad,Never Married,<=50K.
26,Private,Bachelors,Never Married,>50K.
48,Private,Bachelors,Married,>50K.
69,Private,Bachelors,Widowed,>50K.
41,Private,Some-college,Divorced,<=50K.
43,Private,Bachelors,Divorced,<=50K.
28,Private,HS-grad,Never Married,<=50K.
65,Govt,Some-college,Divorced,<=50K.
31,Private,Bachelors,Never Married,<=50K.
28,Private,Bachelors,Never Married,<=50K.
51,Private,Bachelors,Married,>50K.
45,Private,Some-college,Never Married,<=50K.
43,Private,HS-grad,Divorced,<=50K.
31,Private,Assoc-acdm,Married,<=50K.
31,Private,Some-college,Married,>50K.
45,Private,Some-college,Married,<=50K.
20,Private,Bachelors,Never Married,<=50K.
25,Private,Bachelors,Never Married,<=50K.
36,Private,HS-grad,Widowed,<=50K.
31,Private,Bachelors,Never Married,<=50K.
56,Private,Some-college,Married,<=50K.
26,Private,Bachelors,Never Married,<=50K.
47,Self,Some-college,Divorced,<=50K.
40,Self,HS-grad,Married,<=50K.
32,Private,HS-grad,Married,<=50K.
34,Govt,Masters,Never Married,<=50K.
37,Private,HS-grad,Married,<=50K.
38,Private,HS-grad,Married,<=50K.
19,Private,Assoc-voc,Never Married,<=50K.
49,Private,9th,Divorced,<=50K.
18,NA,HS-grad,Never Married,<=50K.
26,Private,Assoc-acdm,Never Married,<=50K.
82,Private,7th-8th,Married,<=50K.
40,Private,HS-grad,Divorced,<=50K.
28,Private,Some-college,Never Married,<=50K.
23,Private,HS-grad,Married,<=50K.
19,Private,Some-college,Never Married,<=50K.
67,Private,HS-grad,Widowed,<=50K.
43,Private,Bachelors,Married,>50K.
41,Private,Assoc-acdm,Never Married,<=50K.
37,Private,Assoc-voc,Divorced,<=50K.
20,Private,HS-grad,Never Married,<=50K.
40,Private,HS-grad,Divorced,<=50K.
47,Private,Masters,Separated,>50K.
40,Private,HS-grad,Married,<=50K.
39,Govt,Bachelors,Never Married,<=50K.
24,Private,Some-college,Never Married,<=50K.
78,NA,HS-grad,Married,<=50K.
67,NA,Assoc-voc,Widowed,<=50K.
49,Private,Bachelors,Married,>50K.
66,Private,HS-grad,Divorced,<=50K.
52,Private,HS-grad,Never Married,<=50K.
59,Self,HS-grad,Divorced,<=50K.
72,Private,HS-grad,Widowed,<=50K.
35,Govt,HS-grad,Never Married,<=50K.
30,Private,Bachelors,Married,>50K.
36,Private,Some-college,Never Married,<=50K.
26,Private,HS-grad,Separated,<=50K.
23,Private,Bachelors,Never Married,<=50K.
39,Private,Bachelors,Married,>50K.
40,Self,Prof-school,Married,<=50K.
29,Private,Bachelors,Never Married,<=50K.
38,Private,Bachelors,Never Married,<=50K.
63,Private,Bachelors,Never Married,<=50K.
58,Self,HS-grad,Married,>50K.
30,Private,HS-grad,Divorced,<=50K.
38,Govt,HS-grad,Never Married,<=50K.
25,Private,5th-6th,Never Married,<=50K.
44,Govt,Masters,Married,>50K.
43,Private,Assoc-voc,Married,>50K.
21,Private,Some-college,Never Married,<=50K.
41,Govt,Assoc-acdm,Never Married,<=50K.
38,Private,Bachelors,Married,>50K.
75,NA,Bachelors,Married,<=50K.
29,Private,Some-college,Married,<=50K.
52,Self,HS-grad,Married,<=50K.
47,Private,HS-grad,Divorced,<=50K.
28,Private,Assoc-voc,Married,>50K.
24,Private,Some-college,Married,<=50K.
30,Govt,Masters,Married,<=50K.
30,Private,Some-college,Married,>50K.
40,Private,Assoc-acdm,Divorced,>50K.
27,Private,Some-college,Never Married,<=50K.
26,Private,HS-grad,Never Married,<=50K.
32,Private,HS-grad,Never Married,<=50K.
36,Govt,Bachelors,Never Married,<=50K.
26,Private,12th,Never Married,<=50K.
25,Private,Some-college,Never Married,<=50K.
39,Private,Some-college,Divorced,<=50K.
27,Private,Assoc-voc,Married,<=50K.
24,Private,HS-grad,Married,<=50K.
38,Self,Bachelors,Married,>50K.
35,Self,HS-grad,Married,<=50K.
29,Private,Assoc-voc,Never Married,<=50K.
49,Private,HS-grad,Divorced,<=50K.
36,Private,9th,Married,<=50K.
47,Self,Doctorate,Married,<=50K.
21,Private,Some-college,Never Married,<=50K.
35,Private,Bachelors,Never Married,>50K.
38,Private,1st-4th,Married,<=50K.
66,NA,Some-college,Married,<=50K.
45,Private,Masters,Married,>50K.
19,Private,Some-college,Never Married,<=50K.
18,Private,HS-grad,Never Married,<=50K.
37,Private,Prof-school,Married,<=50K.
49,Private,Bachelors,Never Married,<=50K.
33,Govt,Assoc-voc,Married,>50K.
27,Private,Some-college,Married,>50K.
34,Govt,Some-college,Divorced,<=50K.
54,Govt,Masters,Married,<=50K.
24,Self,Some-college,Never Married,<=50K.
44,Self,Prof-school,Married,>50K.
48,Self,Bachelors,Separated,<=50K.
23,Private,HS-grad,Never Married,<=50K.
29,Private,HS-grad,Never Married,<=50K.
21,Private,Assoc-acdm,Never Married,<=50K.
18,Private,12th,Never Married,<=50K.
18,Private,9th,Never Married,<=50K.
29,Private,HS-grad,Divorced,<=50K.
29,Private,HS-grad,Never Married,<=50K.
41,Private,HS-grad,Separated,<=50K.
32,Private,HS-grad,Never Married,<=50K.
61,Private,10th,Divorced,<=50K.
79,Private,HS-grad,Married,<=50K.
34,Private,Assoc-acdm,Divorced,<=50K.
46,Private,Bachelors,Married,>50K.
50,Self,Assoc-voc,Married,>50K.
29,Private,HS-grad,Married,<=50K.
23,Private,Some-college,Never Married,<=50K.
64,Private,Some-college,Never Married,<=50K.
70,Govt,Masters,Never Married,>50K.
28,Govt,Assoc-acdm,Never Married,<=50K.
51,Private,Assoc-voc,Married,<=50K.
20,NA,Some-college,Never Married,<=50K.
34,Govt,Bachelors,Divorced,<=50K.
29,Private,HS-grad,Never Married,<=50K.
49,Private,Bachelors,Married,<=50K.
77,Self,Some-college,Married,<=50K.
32,Private,HS-grad,Never Married,<=50K.
27,Private,Bachelors,Married,>50K.
22,Private,Some-college,Never Married,<=50K.
35,Govt,HS-grad,Married,>50K.
42,Govt,Bachelors,Married,>50K.
35,Govt,HS-grad,Divorced,<=50K.
62,NA,HS-grad,Married,<=50K.
33,Private,HS-grad,Married,<=50K.
45,Private,Some-college,Widowed,<=50K.
19,Private,Some-college,Married,<=50K.
38,Private,HS-grad,Divorced,<=50K.
26,Private,HS-grad,Married,<=50K.
29,Private,Bachelors,Never Married,<=50K.
33,Private,Bachelors,Married,>50K.
35,Self,HS-grad,Divorced,<=50K.
42,Private,Some-college,Married,<=50K.
20,Private,Assoc-voc,Never Married,<=50K.
43,Govt,Masters,Married,>50K.
69,Private,11th,Married,<=50K.
39,Private,HS-grad,Never Married,<=50K.
37,Private,HS-grad,Married,<=50K.
28,Private,Some-college,Married,<=50K.
26,Govt,Bachelors,Never Married,<=50K.
32,Private,Some-college,Divorced,<=50K.
43,Govt,Bachelors,Divorced,>50K.
49,Private,HS-grad,Married,<=50K.
28,Private,7th-8th,Separated,<=50K.
35,Private,HS-grad,Married,<=50K.
19,NA,Some-college,Never Married,<=50K.
35,Govt,HS-grad,Married,>50K.
57,Private,HS-grad,Married,<=50K.
45,Private,9th,Married,<=50K.
23,Private,HS-grad,Never Married,<=50K.
45,Private,HS-grad,Married,<=50K.
42,Private,HS-grad,Married,<=50K.
35,Private,Bachelors,Married,<=50K.
45,Private,Bachelors,Married,>50K.
28,Govt,Bachelors,Never Married,<=50K.
64,Self,Assoc-voc,Married,<=50K.
44,Govt,Prof-school,Separated,<=50K.
59,Self,HS-grad,Married,>50K.
41,Private,HS-grad,Never Married,<=50K.
21,Private,Some-college,Never Married,<=50K.
29,Self,Assoc-voc,Never Married,<=50K.
51,Self,HS-grad,Never Married,>50K.
22,Private,HS-grad,Never Married,<=50K.
49,Private,HS-grad,Divorced,<=50K.
53,Private,Assoc-acdm,Married,>50K.
38,Private,Some-college,Divorced,<=50K.
23,Private,Some-college,Separated,<=50K.
20,Private,HS-grad,Never Married,<=50K.
40,Private,Bachelors,Divorced,<=50K.
25,Private,Bachelors,Never Married,<=50K.
27,Private,Some-college,Divorced,<=50K.
20,Private,HS-grad,Never Married,<=50K.
37,Private,HS-grad,Married,<=50K.
40,Govt,HS-grad,Never Married,<=50K.
28,Private,Bachelors,Married,>50K.
38,Self,HS-grad,Separated,<=50K.
42,Private,Bachelors,Divorced,<=50K.
32,Govt,Assoc-acdm,Divorced,<=50K.
20,Private,HS-grad,Married,<=50K.
62,Govt,Bachelors,Married,<=50K.
31,Private,Some-college,Never Married,<=50K.
31,Self,HS-grad,Married,<=50K.
24,Private,HS-grad,Never Married,<=50K.
62,Govt,7th-8th,Widowed,<=50K.
43,Govt,Some-college,Married,>50K.
21,Private,Some-college,Never Married,<=50K.
30,Self,HS-grad,Divorced,<=50K.
22,NA,HS-grad,Never Married,<=50K.
18,Private,10th,Never Married,<=50K.
59,Govt,Masters,Divorced,<=50K.
24,Self,7th-8th,Married,>50K.
49,Private,HS-grad,Married,<=50K.
19,Govt,11th,Never Married,<=50K.
48,Private,HS-grad,Married,>50K.
32,Private,Prof-school,Married,>50K.
33,Private,10th,Never Married,<=50K.
23,Private,Bachelors,Never Married,<=50K.
33,Govt,Prof-school,Never Married,>50K.
50,Govt,Some-college,Married,>50K.
30,Private,Bachelors,Married,<=50K.
32,Private,Assoc-acdm,Married,<=50K.
39,Private,Some-college,Married,<=50K.
21,Private,Some-college,Never Married,<=50K.
23,Private,Bachelors,Never Married,<=50K.
32,Private,Bachelors,Never Married,<=50K.
57,Private,HS-grad,Married,<=50K.
22,Govt,Some-college,Never Married,<=50K.
70,Private,HS-grad,Widowed,<=50K.
34,Private,Some-college,Married,>50K.
53,Private,Masters,Divorced,<=50K.
21,Private,Some-college,Never Married,<=50K.
37,Private,HS-grad,Divorced,<=50K.
60,Self,HS-grad,Married,>50K.
23,Private,11th,Never Married,>50K.
32,Private,10th,Married,>50K.
57,Private,HS-grad,Married,<=50K.
65,NA,HS-grad,Married,<=50K.
25,Private,Some-college,Never Married,<=50K.
30,Private,HS-grad,Married,<=50K.
31,Private,HS-grad,Divorced,<=50K.
19,Private,Some-college,Never Married,<=50K.
23,Govt,Bachelors,Married,<=50K.
44,Private,HS-grad,Married,<=50K.
43,NA,Some-college,Married,>50K.
42,Private,Some-college,Never Married,<=50K.
34,Self,11th,Married,<=50K.
32,Private,HS-grad,Married,>50K.
25,Private,Assoc-voc,Never Married,<=50K.
21,Private,Some-college,Never Married,<=50K.
31,Private,HS-grad,Married,<=50K.
36,Govt,Assoc-voc,Never Married,<=50K.
49,Self,Some-college,Married,<=50K.
44,Private,Bachelors,Divorced,<=50K.
42,Private,Assoc-voc,Married,>50K.
30,Private,HS-grad,Never Married,<=50K.
33,Private,10th,Married,<=50K.
36,Self,Bachelors,Divorced,>50K.
17,Private,10th,Never Married,<=50K.
20,Private,Some-college,Never Married,<=50K.
32,Private,HS-grad,Never Married,<=50K.
33,Self,HS-grad,Married,<=50K.
37,Private,Some-college,Divorced,<=50K.
60,Private,10th,Divorced,<=50K.
35,Govt,Some-college,Divorced,<=50K.
43,Govt,Bachelors,Divorced,<=50K.
46,Private,Some-college,Married,>50K.
29,Self,HS-grad,Married,>50K.
36,Private,Bachelors,Married,>50K.
27,Private,HS-grad,Married,>50K.
50,Private,Some-college,Married,>50K.
22,Private,Some-college,Married,<=50K.
33,Govt,Masters,Never Married,<=50K.
61,Private,10th,Divorced,<=50K.
28,NA,Assoc-voc,Married,<=50K.
41,Self,Assoc-voc,Married,>50K.
22,Private,Some-college,Never Married,<=50K.
27,Private,Bachelors,Never Married,<=50K.
25,Private,HS-grad,Married,<=50K.
32,Private,HS-grad,Never Married,<=50K.
28,Private,Masters,Never Married,<=50K.
25,Private,Bachelors,Never Married,<=50K.
28,Private,Some-college,Married,<=50K.
37,Govt,Bachelors,Married,>50K.
58,Private,HS-grad,Widowed,<=50K.
39,Private,HS-grad,Married,<=50K.
33,Private,Some-college,Divorced,<=50K.
59,Private,10th,Married,>50K.
58,Private,Bachelors,Divorced,<=50K.
38,Private,Assoc-voc,Married,>50K.
34,Private,Some-college,Married,<=50K.
31,Private,Some-college,Divorced,<=50K.
48,Govt,HS-grad,Married,>50K.
65,NA,HS-grad,Married,<=50K.
45,Private,HS-grad,Divorced,<=50K.
80,NA,Prof-school,Married,>50K.
23,Private,HS-grad,Never Married,<=50K.
33,Private,Masters,Married,>50K.
38,Self,Some-college,Divorced,<=50K.
44,Self,Masters,Married,>50K.
48,Govt,Masters,Divorced,>50K.
40,Govt,HS-grad,Married,<=50K.
19,Govt,HS-grad,Never Married,<=50K.
45,Private,Bachelors,Divorced,<=50K.
34,Private,Some-college,Never Married,<=50K.
70,Private,Some-college,Divorced,<=50K.
32,Govt,Masters,Never Married,<=50K.
33,Private,Assoc-voc,Divorced,<=50K.
24,Private,Bachelors,Never Married,<=50K.
30,Govt,Bachelors,Never Married,<=50K.
22,Private,Some-college,Never Married,<=50K.
52,Self,Prof-school,Married,>50K.
67,Self,10th,Married,<=50K.
40,Private,HS-grad,Married,<=50K.
55,Private,Assoc-voc,Married,<=50K.
29,Private,HS-grad,Divorced,<=50K.
62,Private,HS-grad,Married,<=50K.
22,Private,HS-grad,Divorced,<=50K.
64,Govt,9th,Married,<=50K.
29,Self,Bachelors,Never Married,<=50K.
28,Private,Some-college,Married,<=50K.
25,Private,HS-grad,Never Married,<=50K.
47,Govt,Doctorate,Married,>50K.
26,Private,Bachelors,Married,>50K.
18,Private,12th,Never Married,<=50K.
52,Self,10th,Married,<=50K.
48,Govt,Bachelors,Married,>50K.
36,Private,HS-grad,Married,<=50K.
23,Private,Assoc-voc,Divorced,<=50K.
41,Private,HS-grad,Married,<=50K.
56,Govt,HS-grad,Married,>50K.
53,Private,HS-grad,Divorced,<=50K.
26,Private,Some-college,Divorced,<=50K.
22,Private,Some-college,Never Married,<=50K.
25,Private,Masters,Never Married,<=50K.
31,Private,Some-college,Married,<=50K.
36,Private,Assoc-acdm,Married,<=50K.
46,Private,Some-college,Married,<=50K.
46,Govt,Assoc-acdm,Divorced,>50K.
32,Private,Some-college,Married,<=50K.
43,Self,HS-grad,Never Married,<=50K.
30,Private,Bachelors,Married,>50K.
41,Self,Bachelors,Married,>50K.
50,Private,Masters,Married,>50K.
37,Govt,Masters,Married,<=50K.
22,Govt,HS-grad,Never Married,<=50K.
51,Govt,HS-grad,Married,<=50K.
47,Private,Some-college,Married,>50K.
40,Private,HS-grad,Married,<=50K.
46,Private,Some-college,Married,<=50K.
23,NA,Some-college,Separated,<=50K.
30,Private,Some-college,Never Married,<=50K.
27,Self,HS-grad,Married,>50K.
31,Govt,Some-college,Never Married,<=50K.
31,Private,1st-4th,Married,<=50K.
30,Private,HS-grad,Divorced,<=50K.
50,Govt,Bachelors,Separated,>50K.
27,Private,Bachelors,Never Married,<=50K.
22,NA,Some-college,Never Married,<=50K.
29,Private,HS-grad,Married,>50K.
28,Private,HS-grad,Divorced,<=50K.
54,Private,Bachelors,Divorced,>50K.
47,Govt,Assoc-voc,Married,>50K.
34,Private,HS-grad,Married,<=50K.
26,Private,Some-college,Never Married,<=50K.
53,NA,7th-8th,Married,<=50K.
23,Govt,Some-college,Never Married,<=50K.
42,Govt,Masters,Divorced,<=50K.
36,Self,HS-grad,Married,<=50K.
52,Govt,Bachelors,Married,>50K.
22,NA,Some-college,Never Married,<=50K.
27,Govt,Masters,Never Married,<=50K.
42,Private,HS-grad,Widowed,<=50K.
39,Private,HS-grad,Divorced,<=50K.
49,Govt,HS-grad,Married,>50K.
36,Private,HS-grad,Married,>50K.
20,Private,Preschool,Never Married,<=50K.
55,Self,HS-grad,Married,<=50K.
47,Private,9th,Married,<=50K.
33,Private,Masters,Married,>50K.
36,Private,Some-college,Married,<=50K.
39,Private,Doctorate,Divorced,<=50K.
55,Private,Bachelors,Married,>50K.
21,NA,Assoc-acdm,Never Married,<=50K.
48,Private,Assoc-acdm,Married,<=50K.
30,Private,Assoc-voc,Never Married,<=50K.
24,Private,HS-grad,Married,<=50K.
57,Self,HS-grad,Widowed,<=50K.
20,Private,Some-college,Never Married,<=50K.
18,NA,Some-college,Never Married,<=50K.
56,Private,HS-grad,Divorced,<=50K.
36,Private,HS-grad,Married,>50K.
44,Private,10th,Married,>50K.
57,Private,HS-grad,Married,>50K.
57,Private,HS-grad,Married,<=50K.
33,Private,HS-grad,Married,<=50K.
61,NA,7th-8th,Married,>50K.
39,Private,Bachelors,Married,>50K.
28,Private,HS-grad,Never Married,<=50K.
31,Private,Some-college,Never Married,<=50K.
60,Private,Assoc-acdm,Divorced,<=50K.
36,Govt,Assoc-voc,Never Married,>50K.
58,Private,HS-grad,Widowed,>50K.
50,Private,Some-college,Never Married,<=50K.
23,Govt,Bachelors,Never Married,<=50K.
30,Private,HS-grad,Never Married,<=50K.
20,NA,11th,Never Married,<=50K.
90,Private,Prof-school,Married,>50K.
49,Govt,Bachelors,Never Married,<=50K.
47,Govt,Bachelors,Married,<=50K.
34,Private,Doctorate,Never Married,>50K.
37,Govt,HS-grad,Divorced,<=50K.
25,Private,10th,Married,<=50K.
37,Private,Assoc-acdm,Never Married,<=50K.
47,Private,HS-grad,Married,<=50K.
34,Private,HS-grad,Married,>50K.
34,Private,Some-college,Never Married,<=50K.
35,Private,HS-grad,Married,>50K.
39,Private,Some-college,Separated,<=50K.
32,Govt,7th-8th,Married,<=50K.
24,Private,HS-grad,Married,<=50K.
28,Private,Prof-school,Never Married,<=50K.
41,Self,7th-8th,Married,<=50K.
69,NA,HS-grad,Widowed,<=50K.
32,Private,HS-grad,Married,<=50K.
58,Private,HS-grad,Divorced,>50K.
47,Self,HS-grad,Married,>50K.
41,Private,Bachelors,Married,>50K.
35,Self,HS-grad,Married,>50K.
24,Private,Some-college,Never Married,<=50K.
46,Self,HS-grad,Married,>50K.
69,Self,Bachelors,Married,>50K.
22,Private,Bachelors,Never Married,<=50K.
36,Govt,Masters,Never Married,<=50K.
31,Private,Bachelors,Married,>50K.
23,Govt,Bachelors,Never Married,<=50K.
35,Private,Some-college,Never Married,<=50K.
37,Govt,Bachelors,Married,>50K.
35,Govt,Bachelors,Never Married,<=50K.
18,Private,11th,Never Married,<=50K.
43,Private,9th,Divorced,<=50K.
53,Govt,HS-grad,Married,<=50K.
54,Govt,Some-college,Married,<=50K.
29,Private,HS-grad,Married,<=50K.
46,Private,Assoc-acdm,Never Married,<=50K.
24,Private,Some-college,Never Married,<=50K.
30,Private,Some-college,Separated,<=50K.
23,Private,Some-college,Never Married,<=50K.
27,NA,Bachelors,Married,<=50K.
36,Private,HS-grad,Married,<=50K.
38,Self,Bachelors,Married,<=50K.
33,Private,Masters,Married,<=50K.
66,Private,Some-college,Married,<=50K.
45,Self,HS-grad,Married,<=50K.
68,NA,HS-grad,Widowed,<=50K.
37,Private,HS-grad,Married,>50K.
17,Private,10th,Never Married,<=50K.
31,Private,HS-grad,Married,>50K.
46,Private,Bachelors,Never Married,>50K.
40,Private,Bachelors,Married,<=50K.
34,Private,Some-college,Married,<=50K.
56,Private,10th,Divorced,<=50K.
42,Private,Some-college,Separated,<=50K.
46,Private,Masters,Married,>50K.
30,Private,HS-grad,Separated,<=50K.
33,Self,Bachelors,Married,>50K.
47,Private,HS-grad,Married,<=50K.
57,Self,Assoc-acdm,Married,<=50K.
34,Private,11th,Divorced,<=50K.
40,Private,HS-grad,Divorced,<=50K.
33,Private,HS-grad,Married,>50K.
22,Private,HS-grad,Never Married,<=50K.
29,Private,12th,Never Married,<=50K.
53,Govt,HS-grad,Married,>50K.
36,Private,HS-grad,Separated,<=50K.
45,Private,HS-grad,Divorced,>50K.
36,Private,Some-college,Divorced,<=50K.
18,Self,HS-grad,Never Married,<=50K.
27,Private,HS-grad,Never Married,<=50K.
30,Private,HS-grad,Married,<=50K.
34,Private,Bachelors,Married,>50K.
36,Private,Bachelors,Married,>50K.
36,Self,7th-8th,Never Married,<=50K.
48,Private,Masters,Married,<=50K.
41,Self,Prof-school,Married,>50K.
21,Private,5th-6th,Never Married,<=50K.
47,Govt,Masters,Married,>50K.
41,Private,1st-4th,Married,<=50K.
61,Self,1st-4th,Married,<=50K.
64,Private,7th-8th,Married,<=50K.
35,Private,Some-college,Separated,<=50K.
44,Private,HS-grad,Divorced,<=50K.
20,Private,Some-college,Never Married,<=50K.
23,Govt,Some-college,Divorced,<=50K.
52,Private,10th,Married,<=50K.
43,Private,Masters,Never Married,<=50K.
32,Private,Bachelors,Married,<=50K.
63,Private,Bachelors,Married,<=50K.
29,Private,Some-college,Never Married,>50K.
42,Self,Some-college,Married,<=50K.
65,Private,10th,Divorced,<=50K.
24,Private,HS-grad,Married,<=50K.
42,Private,Some-college,Never Married,<=50K.
35,Private,HS-grad,Married,<=50K.
40,Self,Bachelors,Married,>50K.
38,Govt,Some-college,Divorced,<=50K.
26,Private,HS-grad,Divorced,<=50K.
46,Self,HS-grad,Married,<=50K.
39,Private,Some-college,Never Married,<=50K.
29,NA,Bachelors,Married,<=50K.
42,Private,Doctorate,Never Married,>50K.
36,Private,Bachelors,Married,>50K.
26,Private,Some-college,Divorced,<=50K.
57,Private,Bachelors,Married,>50K.
55,Private,HS-grad,Never Married,<=50K.
35,Private,Some-college,Married,>50K.
41,Private,HS-grad,Separated,<=50K.
24,Private,Some-college,Never Married,<=50K.
47,Private,HS-grad,Married,<=50K.
34,Self,Some-college,Married,>50K.
44,Private,Bachelors,Married,>50K.
18,NA,HS-grad,Never Married,<=50K.
27,Private,Bachelors,Never Married,<=50K.
36,Private,Bachelors,Never Married,<=50K.
21,Private,Bachelors,Never Married,<=50K.
29,Private,HS-grad,Married,<=50K.
25,Private,HS-grad,Married,<=50K.
73,Private,HS-grad,Married,<=50K.
45,Private,Assoc-voc,Married,>50K.
28,Private,Bachelors,Married,>50K.
43,Private,Bachelors,Married,<=50K.
47,Private,HS-grad,Divorced,<=50K.
20,Private,Some-college,Never Married,<=50K.
22,Private,Some-college,Never Married,<=50K.
76,Self,7th-8th,Married,<=50K.
24,Private,Some-college,Never Married,<=50K.
54,Self,Some-college,Married,<=50K.
30,Private,Some-college,Married,>50K.
33,Private,Some-college,Married,<=50K.
30,Private,Some-college,Divorced,<=50K.
40,Private,Assoc-acdm,Married,>50K.
27,NA,Some-college,Divorced,<=50K.
49,Private,Assoc-voc,Divorced,<=50K.
30,Private,HS-grad,Never Married,<=50K.
22,Private,HS-grad,Never Married,<=50K.
19,Private,HS-grad,Married,<=50K.
46,Private,HS-grad,Married,<=50K.
51,Private,HS-grad,Married,<=50K.
56,Private,7th-8th,Widowed,<=50K.
53,Private,Some-college,Widowed,<=50K.
60,NA,Assoc-voc,Widowed,<=50K.
27,Private,Bachelors,Never Married,<=50K.
46,Private,Some-college,Never Married,<=50K.
37,Private,HS-grad,Married,>50K.
41,Private,Bachelors,Married,<=50K.
65,NA,Assoc-voc,Married,>50K.
30,Self,Some-college,Married,>50K.
57,Self,HS-grad,Married,<=50K.
44,Self,Some-college,Married,<=50K.
32,Self,HS-grad,Married,<=50K.
27,Self,HS-grad,Married,<=50K.
57,Govt,Some-college,Widowed,<=50K.
59,Self,Bachelors,Married,<=50K.
32,Private,Prof-school,Married,>50K.
90,NA,HS-grad,Widowed,<=50K.
22,Private,Bachelors,Never Married,<=50K.
39,Private,HS-grad,Never Married,<=50K.
43,Private,Assoc-voc,Married,>50K.
38,Govt,Bachelors,Married,>50K.
61,Private,9th,Divorced,<=50K.
24,Private,Some-college,Never Married,<=50K.
25,Private,Some-college,Never Married,<=50K.
44,Private,Assoc-voc,Married,<=50K.
55,Govt,HS-grad,Divorced,>50K.
90,Private,Bachelors,Married,>50K.
30,Private,HS-grad,Divorced,<=50K.
44,Private,HS-grad,Married,>50K.
36,Private,10th,Divorced,<=50K.
63,Self,Some-college,Married,>50K.
60,Private,5th-6th,Married,<=50K.
34,Self,Prof-school,Never Married,>50K.
49,Self,11th,Married,<=50K.
47,Private,Masters,Married,>50K.
42,Self,HS-grad,Married,>50K.
53,Private,5th-6th,Married,<=50K.
23,Private,Some-college,Never Married,<=50K.
28,NA,Assoc-voc,Separated,<=50K.
20,Private,Some-college,Married,<=50K.
43,Private,HS-grad,Married,<=50K.
32,Private,Prof-school,Married,>50K.
43,Private,Bachelors,Divorced,>50K.
31,Private,HS-grad,Married,<=50K.
29,NA,HS-grad,Married,<=50K.
24,Private,Some-college,Never Married,<=50K.
39,Private,Assoc-voc,Separated,<=50K.
29,Private,Some-college,Married,>50K.
20,Private,5th-6th,Never Married,<=50K.
23,NA,Some-college,Never Married,<=50K.
42,Private,11th,Separated,<=50K.
53,Private,HS-grad,Married,<=50K.
20,Private,HS-grad,Married,<=50K.
58,Self,1st-4th,Married,<=50K.
51,Self,HS-grad,Divorced,<=50K.
25,Private,HS-grad,Never Married,<=50K.
38,Private,Assoc-acdm,Never Married,<=50K.
41,Private,Some-college,Married,>50K.
58,Private,Bachelors,Married,>50K.
25,Private,10th,Never Married,<=50K.
50,Private,HS-grad,Married,<=50K.
32,Private,Bachelors,Married,>50K.
31,Self,Doctorate,Never Married,<=50K.
22,Private,Some-college,Never Married,<=50K.
37,Private,HS-grad,Divorced,<=50K.
32,Private,Some-college,Never Married,<=50K.
46,Govt,Prof-school,Never Married,>50K.
62,Private,HS-grad,Married,>50K.
40,Govt,HS-grad,Married,<=50K.
56,Private,Bachelors,Married,>50K.
37,Private,Some-college,Divorced,>50K.
41,Private,1st-4th,Married,<=50K.
56,Private,7th-8th,Married,<=50K.
20,Private,Some-college,Never Married,<=50K.
34,Self,Bachelors,Married,>50K.
45,Private,HS-grad,Married,>50K.
30,Private,Some-college,Married,>50K.
51,Self,HS-grad,Married,>50K.
27,Private,11th,Married,<=50K.
38,Private,Assoc-voc,Married,>50K.
39,Private,Some-college,Married,<=50K.
57,NA,Bachelors,Married,<=50K.
47,Private,Some-college,Married,>50K.
77,NA,HS-grad,Married,<=50K.
43,Private,HS-grad,Married,>50K.
46,Govt,HS-grad,Married,<=50K.
41,Private,Some-college,Married,>50K.
20,Private,HS-grad,Never Married,<=50K.
30,Govt,10th,Married,<=50K.
30,Private,HS-grad,Married,<=50K.
22,Private,Some-college,Never Married,<=50K.
25,Private,HS-grad,Married,>50K.
18,Private,HS-grad,Never Married,<=50K.
28,Private,Bachelors,Never Married,<=50K.
50,Private,Bachelors,Married,>50K.
28,Private,HS-grad,Never Married,<=50K.
21,Private,Some-college,Never Married,<=50K.
37,Private,Assoc-voc,Divorced,<=50K.
28,Govt,Bachelors,Never Married,<=50K.
23,Private,5th-6th,Married,<=50K.
32,Private,Assoc-voc,Never Married,<=50K.
27,Private,12th,Never Married,<=50K.
55,Private,HS-grad,Divorced,<=50K.
44,Private,HS-grad,Married,>50K.
25,Private,Bachelors,Never Married,<=50K.
29,Private,HS-grad,Divorced,<=50K.
50,Private,HS-grad,Married,<=50K.
18,Private,HS-grad,Never Married,<=50K.
74,Private,Bachelors,Widowed,<=50K.
22,Private,9th,Never Married,<=50K.
27,Private,Bachelors,Married,<=50K.
27,Govt,Some-college,Never Married,<=50K.
41,Private,Prof-school,Married,>50K.
24,Private,Some-college,Married,>50K.
23,Private,HS-grad,Never Married,<=50K.
34,Self,Prof-school,Married,>50K.
46,Govt,Bachelors,Married,>50K.
32,Private,Prof-school,Never Married,<=50K.
41,Private,HS-grad,Married,<=50K.
29,Private,Assoc-voc,Married,>50K.
48,Private,9th,Married,<=50K.
51,Private,HS-grad,Never Married,<=50K.
34,Govt,12th,Never Married,<=50K.
58,Private,Bachelors,Married,>50K.
52,Private,HS-grad,Married,<=50K.
37,Self,Bachelors,Married,>50K.
53,Private,Some-college,Separated,<=50K.
54,Private,Assoc-voc,Married,<=50K.
36,Private,HS-grad,Married,<=50K.
25,Private,Assoc-voc,Never Married,<=50K.
20,Private,Some-college,Never Married,<=50K.
23,Private,Assoc-acdm,Never Married,<=50K.
39,Self,Bachelors,Married,>50K.
20,Self,10th,Never Married,<=50K.
28,Private,Assoc-voc,Never Married,<=50K.
73,Govt,HS-grad,Widowed,<=50K.
67,Private,HS-grad,Married,<=50K.
56,Private,Bachelors,Divorced,>50K.
32,Private,Assoc-voc,Married,<=50K.
42,Private,Some-college,Divorced,<=50K.
33,Private,HS-grad,Married,<=50K.
37,Private,HS-grad,Never Married,<=50K.
33,Private,Some-college,Married,<=50K.
31,Private,10th,Never Married,<=50K.
59,Private,Masters,Married,>50K.
21,Private,HS-grad,Never Married,<=50K.
58,Self,Some-college,Married,>50K.
24,Govt,10th,Never Married,<=50K.
26,Govt,Some-college,Married,<=50K.
26,Private,11th,Married,<=50K.
33,Govt,Masters,Never Married,<=50K.
25,Private,Bachelors,Never Married,<=50K.
21,Private,10th,Married,<=50K.
24,Private,HS-grad,Never Married,<=50K.
39,Self,Assoc-acdm,Married,>50K.
68,Private,Some-college,Divorced,<=50K.
66,Self,Some-college,Never Married,<=50K.
38,Private,Bachelors,Never Married,<=50K.
41,Private,Masters,Married,>50K.
71,NA,7th-8th,Widowed,<=50K.
37,Private,HS-grad,Married,<=50K.
54,Self,Masters,Married,>50K.
27,Govt,Bachelors,Never Married,<=50K.
49,Private,Bachelors,Never Married,<=50K.
19,Govt,Some-college,Never Married,<=50K.
25,Private,Some-college,Never Married,<=50K.
47,Govt,Some-college,Married,>50K.
40,Private,Some-college,Married,<=50K.
38,Private,Bachelors,Divorced,<=50K.
25,Private,HS-grad,Never Married,<=50K.
25,Private,Some-college,Never Married,<=50K.
23,Private,10th,Never Married,<=50K.
28,Private,Masters,Divorced,<=50K.
29,Private,HS-grad,Married,<=50K.
32,Private,11th,Married,<=50K.
34,Private,HS-grad,Never Married,<=50K.
52,Private,Bachelors,Married,>50K.
33,Self,HS-grad,Married,<=50K.
19,Private,Some-college,Never Married,<=50K.
68,Private,Doctorate,Married,>50K.
41,Private,10th,Never Married,<=50K.
18,Self,HS-grad,Never Married,<=50K.
29,Private,Some-college,Married,>50K.
40,Private,Masters,Married,>50K.
51,Self,Masters,Divorced,>50K.
49,Private,Some-college,Divorced,<=50K.
20,Govt,Some-college,Never Married,<=50K.
38,Govt,HS-grad,Married,>50K.
57,Private,5th-6th,Never Married,<=50K.
35,Private,Some-college,Married,<=50K.
66,Private,11th,Married,<=50K.
27,NA,Bachelors,Married,<=50K.
25,Private,Assoc-voc,Never Married,<=50K.
77,NA,Masters,Married,>50K.
19,NA,10th,Never Married,<=50K.
70,Private,HS-grad,Married,>50K.
59,Self,7th-8th,Married,<=50K.
25,Private,Bachelors,Married,<=50K.
44,Govt,Prof-school,Never Married,>50K.
37,Private,Masters,Married,>50K.
75,NA,10th,Widowed,<=50K.
21,NA,HS-grad,Never Married,<=50K.
21,Private,HS-grad,Never Married,<=50K.
47,Govt,HS-grad,Married,>50K.
20,Private,HS-grad,Never Married,<=50K.
32,Govt,HS-grad,Married,<=50K.
28,Private,HS-grad,Never Married,<=50K.
53,Private,HS-grad,Divorced,<=50K.
19,NA,HS-grad,Never Married,<=50K.
58,Private,Some-college,Married,<=50K.
22,Private,HS-grad,Never Married,<=50K.
23,Private,11th,Married,<=50K.
21,Private,HS-grad,Never Married,<=50K.
36,Private,HS-grad,Married,<=50K.
39,Private,Some-college,Married,<=50K.
34,Govt,Bachelors,Never Married,<=50K.
41,Govt,Masters,Never Married,<=50K.
72,Private,Bachelors,Married,<=50K.
34,Private,HS-grad,Married,>50K.
51,Govt,Bachelors,Married,>50K.
32,Self,Assoc-voc,Never Married,<=50K.
38,Private,Some-college,Widowed,>50K.
37,Private,Some-college,Married,<=50K.
21,NA,Some-college,Never Married,<=50K.
21,Private,Some-college,Never Married,<=50K.
26,Private,Some-college,Never Married,<=50K.
34,Private,Some-college,Married,>50K.
18,Private,Some-college,Never Married,<=50K.
27,Private,11th,Never Married,<=50K.
20,Private,Some-college,Never Married,<=50K.
36,Private,Assoc-voc,Married,>50K.
31,NA,Bachelors,Never Married,<=50K.
32,Private,Bachelors,Married,>50K.
54,Private,HS-grad,Married,>50K.
34,Govt,Masters,Widowed,<=50K.
46,Private,Some-college,Married,>50K.
33,Private,11th,Separated,<=50K.
32,Private,Bachelors,Married,>50K.
42,Private,Assoc-voc,Never Married,<=50K.
30,Private,HS-grad,Married,<=50K.
37,Private,Some-college,Married,>50K.
28,Private,HS-grad,Married,<=50K.
25,Private,Bachelors,Never Married,<=50K.
44,Self,Some-college,Married,>50K.
40,Private,HS-grad,Married,<=50K.
36,Private,Some-college,Married,<=50K.
21,Private,Some-college,Never Married,<=50K.
39,Govt,Doctorate,Married,>50K.
24,Private,Bachelors,Never Married,<=50K.
46,Private,HS-grad,Never Married,<=50K.
47,NA,Bachelors,Married,>50K.
47,Private,Bachelors,Married,>50K.
35,Private,Prof-school,Married,>50K.
60,Self,7th-8th,Married,>50K.
35,Private,Bachelors,Married,<=50K.
33,Private,HS-grad,Separated,<=50K.
21,Private,Assoc-acdm,Never Married,<=50K.
37,Private,Bachelors,Married,>50K.
48,Govt,HS-grad,Married,>50K.
58,Private,7th-8th,Widowed,<=50K.
21,Private,HS-grad,Never Married,<=50K.
22,Private,HS-grad,Never Married,<=50K.
22,Private,HS-grad,Never Married,<=50K.
28,Self,Masters,Married,>50K.
33,NA,Assoc-voc,Married,>50K.
23,Govt,HS-grad,Never Married,<=50K.
58,Govt,HS-grad,Married,>50K.
24,NA,Bachelors,Never Married,<=50K.
38,Govt,Bachelors,Married,<=50K.
49,Private,HS-grad,Married,<=50K.
47,Private,Bachelors,Married,>50K.
50,Private,Bachelors,Married,>50K.
21,Private,HS-grad,Never Married,<=50K.
55,Private,HS-grad,Separated,<=50K.
47,Private,11th,Divorced,<=50K.
19,Private,HS-grad,Never Married,<=50K.
47,Private,HS-grad,Never Married,<=50K.
36,Private,11th,Married,<=50K.
28,Govt,Assoc-acdm,Married,<=50K.
42,Private,HS-grad,Widowed,<=50K.
41,Private,Masters,Never Married,>50K.
46,Private,Bachelors,Married,>50K.
32,Private,HS-grad,Married,<=50K.
34,Private,10th,Never Married,<=50K.
33,Private,7th-8th,Married,<=50K.
60,Govt,Bachelors,Married,>50K.
53,Private,HS-grad,Married,<=50K.
24,Private,Bachelors,Never Married,<=50K.
39,Govt,Some-college,Married,>50K.
23,Private,Some-college,Never Married,<=50K.
50,Private,Bachelors,Married,>50K.
36,Govt,HS-grad,Divorced,<=50K.
19,Private,12th,Separated,<=50K.
26,Private,HS-grad,Never Married,<=50K.
38,Private,HS-grad,Married,>50K.
41,Private,Bachelors,Married,>50K.
22,Private,Some-college,Never Married,<=50K.
38,Private,Assoc-acdm,Never Married,>50K.
72,NA,Some-college,Married,>50K.
39,Private,HS-grad,Married,<=50K.
35,Govt,HS-grad,Married,>50K.
38,Govt,Some-college,Divorced,<=50K.
19,Private,HS-grad,Married,<=50K.
26,Private,HS-grad,Never Married,<=50K.
52,Private,Bachelors,Divorced,<=50K.
41,Private,5th-6th,Married,<=50K.
45,Private,HS-grad,Divorced,<=50K.
58,Govt,Some-college,Married,>50K.
34,Private,Bachelors,Never Married,<=50K.
36,Private,HS-grad,Married,<=50K.
19,Unemp,HS-grad,Never Married,<=50K.
26,Govt,11th,Divorced,<=50K.
60,Private,10th,Married,<=50K.
35,Self,HS-grad,Married,<=50K.
39,Private,10th,Divorced,<=50K.
27,Private,HS-grad,Separated,<=50K.
26,Govt,Masters,Never Married,<=50K.
17,Private,12th,Never Married,<=50K.
59,Self,HS-grad,Married,>50K.
53,Govt,HS-grad,Married,<=50K.
35,Private,11th,Divorced,<=50K.
34,Govt,Some-college,Married,>50K.
36,Private,HS-grad,Married,>50K.
36,Private,HS-grad,Married,<=50K.
21,Private,HS-grad,Never Married,<=50K.
29,Private,Some-college,Never Married,<=50K.
35,Private,Bachelors,Married,>50K.
59,Self,Bachelors,Married,>50K.
22,Private,Some-college,Never Married,<=50K.
50,Govt,Masters,Married,<=50K.
24,Govt,Bachelors,Never Married,<=50K.
36,Private,Bachelors,Divorced,<=50K.
31,Private,HS-grad,Married,>50K.
42,Self,Some-college,Married,<=50K.
38,Private,7th-8th,Divorced,<=50K.
52,Private,HS-grad,Married,<=50K.
46,Private,10th,Divorced,<=50K.
23,Private,Some-college,Married,<=50K.
54,Private,5th-6th,Married,<=50K.
27,Private,HS-grad,Never Married,<=50K.
42,Private,Bachelors,Separated,<=50K.
33,Govt,HS-grad,Married,<=50K.
19,Private,Assoc-acdm,Never Married,<=50K.
59,Private,11th,Married,<=50K.
54,Private,HS-grad,Widowed,<=50K.
48,Private,7th-8th,Married,<=50K.
19,NA,Some-college,Never Married,<=50K.
45,Private,HS-grad,Divorced,<=50K.
36,Private,Bachelors,Never Married,<=50K.
35,Self,Assoc-acdm,Married,<=50K.
47,Private,Some-college,Divorced,<=50K.
33,Private,Bachelors,Never Married,<=50K.
48,Self,Bachelors,Married,<=50K.
42,Private,HS-grad,Separated,<=50K.
19,Private,Some-college,Never Married,<=50K.
64,Self,Bachelors,Married,<=50K.
51,Self,Bachelors,Married,<=50K.
20,Govt,HS-grad,Never Married,<=50K.
28,Private,HS-grad,Never Married,<=50K.
52,Private,Masters,Married,>50K.
29,Self,Some-college,Never Married,<=50K.
51,Private,Bachelors,Separated,<=50K.
36,Private,HS-grad,Married,<=50K.
43,Private,Bachelors,Married,>50K.
52,Private,Some-college,Married,<=50K.
50,Private,HS-grad,Divorced,>50K.
25,Private,Some-college,Divorced,<=50K.
36,Private,Assoc-acdm,Never Married,<=50K.
44,Private,Some-college,Married,<=50K.
47,Private,10th,Married,<=50K.
32,Private,HS-grad,Divorced,<=50K.
37,Private,Masters,Never Married,<=50K.
40,Private,HS-grad,Married,<=50K.
34,Self,HS-grad,Married,<=50K.
35,Self,Some-college,Married,>50K.
26,Private,Some-college,Never Married,<=50K.
49,Self,Bachelors,Married,<=50K.
63,NA,Bachelors,Married,>50K.
46,Self,Bachelors,Married,<=50K.
31,Govt,Some-college,Never Married,<=50K.
22,Private,Assoc-voc,Never Married,<=50K.
20,Private,Some-college,Never Married,<=50K.
52,Private,Doctorate,Never Married,>50K.
26,Private,Some-college,Never Married,<=50K.
34,Private,Bachelors,Married,>50K.
31,Private,9th,Never Married,<=50K.
46,Private,HS-grad,Divorced,<=50K.
22,Private,7th-8th,Married,<=50K.
38,Private,Assoc-voc,Never Married,<=50K.
35,Private,HS-grad,Married,<=50K.
27,Govt,Some-college,Never Married,<=50K.
27,Private,Assoc-acdm,Married,<=50K.
46,Private,Some-college,Divorced,<=50K.
40,NA,HS-grad,Never Married,<=50K.
19,Private,Some-college,Never Married,<=50K.
69,NA,HS-grad,Married,>50K.
20,Private,Some-college,Never Married,<=50K.
34,Govt,Bachelors,Married,<=50K.
49,Private,Masters,Married,>50K.
27,Private,Some-college,Married,<=50K.
59,Private,Some-college,Married,>50K.
45,Private,Bachelors,Married,>50K.
21,Private,Some-college,Never Married,<=50K.
51,Govt,Assoc-voc,Divorced,<=50K.
64,NA,11th,Never Married,<=50K.
41,Govt,Doctorate,Married,>50K.
18,NA,12th,Never Married,<=50K.
49,Private,Masters,Married,<=50K.
51,Private,HS-grad,Divorced,<=50K.
20,Private,Some-college,Never Married,<=50K.
69,Self,HS-grad,Married,<=50K.
18,NA,HS-grad,Never Married,<=50K.
43,Private,HS-grad,Married,<=50K.
50,Private,HS-grad,Divorced,<=50K.
32,Private,HS-grad,Married,<=50K.
27,Govt,HS-grad,Never Married,<=50K.
38,Private,HS-grad,Married,<=50K.
62,Private,HS-grad,Married,>50K.
46,Private,HS-grad,Divorced,<=50K.
19,Private,Some-college,Never Married,<=50K.
17,NA,10th,Never Married,<=50K.
21,Private,HS-grad,Never Married,<=50K.
36,Private,Bachelors,Never Married,<=50K.
36,Private,12th,Divorced,<=50K.
23,Private,HS-grad,Never Married,<=50K.
58,Private,Bachelors,Married,>50K.
40,Private,Bachelors,Married,<=50K.
64,Private,Some-college,Married,<=50K.
66,Private,11th,Married,<=50K.
42,Private,HS-grad,Married,<=50K.
55,Private,Some-college,Widowed,<=50K.
53,Private,Some-college,Married,>50K.
25,Private,HS-grad,Married,<=50K.
39,Private,Some-college,Never Married,<=50K.
20,Private,HS-grad,Never Married,<=50K.
32,Private,HS-grad,Married,<=50K.
28,Private,Bachelors,Never Married,<=50K.
23,Govt,Assoc-acdm,Never Married,<=50K.
18,Private,HS-grad,Never Married,<=50K.
43,Self,HS-grad,Married,>50K.
29,Private,HS-grad,Married,<=50K.
32,Private,Some-college,Married,<=50K.
31,Govt,HS-grad,Divorced,<=50K.
60,Private,5th-6th,Married,<=50K.
42,Private,Some-college,Married,<=50K.
46,Private,Masters,Married,>50K.
38,Private,HS-grad,Married,>50K.
18,Private,11th,Never Married,<=50K.
31,Private,HS-grad,Never Married,<=50K.
54,Private,HS-grad,Married,<=50K.
46,Private,Some-college,Married,<=50K.
27,Self,HS-grad,Never Married,<=50K.
50,Govt,Bachelors,Married,>50K.
38,Self,7th-8th,Married,<=50K.
36,Govt,Masters,Never Married,<=50K.
25,Private,HS-grad,Divorced,<=50K.
19,Private,HS-grad,Never Married,<=50K.
60,Govt,Some-college,Married,<=50K.
45,Govt,9th,Never Married,<=50K.
21,Private,Some-college,Never Married,<=50K.
42,Private,HS-grad,Divorced,<=50K.
38,Private,HS-grad,Married,<=50K.
22,NA,Some-college,Never Married,<=50K.
19,Private,HS-grad,Never Married,<=50K.
23,Private,Some-college,Never Married,<=50K.
24,Private,Some-college,Never Married,<=50K.
30,Private,Assoc-acdm,Divorced,<=50K.
62,Private,Some-college,Married,<=50K.
26,Self,Prof-school,Never Married,<=50K.
42,Govt,Bachelors,Married,>50K.
33,Private,HS-grad,Married,<=50K.
54,Self,Doctorate,Married,>50K.
35,Private,Bachelors,Divorced,<=50K.
33,Private,HS-grad,Divorced,<=50K.
45,Private,HS-grad,Divorced,<=50K.
62,Private,Bachelors,Married,>50K.
24,Private,HS-grad,Never Married,<=50K.
50,Govt,Some-college,Divorced,<=50K.
54,Private,Bachelors,Married,>50K.
58,Private,7th-8th,Divorced,<=50K.
39,Self,HS-grad,Married,<=50K.
32,Private,HS-grad,Divorced,<=50K.
27,Private,Bachelors,Married,<=50K.
27,Private,HS-grad,Married,<=50K.
20,Private,Some-college,Never Married,<=50K.
64,Private,7th-8th,Married,<=50K.
55,Self,Masters,Widowed,<=50K.
46,Private,HS-grad,Divorced,<=50K.
45,Private,Some-college,Married,<=50K.
26,Private,HS-grad,Never Married,<=50K.
36,Private,HS-grad,Married,<=50K.
25,Private,Bachelors,Never Married,<=50K.
58,Private,10th,Married,>50K.
39,Self,Bachelors,Married,<=50K.
47,Private,HS-grad,Widowed,<=50K.
35,Private,Masters,Married,<=50K.
38,Private,HS-grad,Married,<=50K.
50,Private,11th,Married,<=50K.
36,Private,HS-grad,Divorced,<=50K.
28,Private,5th-6th,Never Married,<=50K.
44,Self,HS-grad,Married,<=50K.
40,Private,HS-grad,Divorced,<=50K.
55,Private,Some-college,Married,>50K.
29,Self,HS-grad,Never Married,<=50K.
33,Private,HS-grad,Married,<=50K.
19,NA,Some-college,Never Married,<=50K.
32,Private,Bachelors,Married,>50K.
45,Govt,Masters,Married,>50K.
23,Private,HS-grad,Never Married,<=50K.
31,Private,Assoc-voc,Never Married,<=50K.
22,Private,Some-college,Never Married,<=50K.
59,Private,HS-grad,Divorced,<=50K.
32,Private,Some-college,Never Married,<=50K.
49,Govt,Some-college,Never Married,<=50K.
22,Private,Some-college,Never Married,<=50K.
26,Private,Some-college,Never Married,<=50K.
23,Govt,Some-college,Married,<=50K.
55,Self,Some-college,Married,<=50K.
47,Private,HS-grad,Married,>50K.
44,Private,HS-grad,Married,<=50K.
27,Private,Some-college,Never Married,<=50K.
40,Govt,Masters,Married,>50K.
32,Self,Bachelors,Married,>50K.
20,Private,Some-college,Never Married,<=50K.
84,Govt,HS-grad,Widowed,<=50K.
40,Private,Some-college,Divorced,<=50K.
37,Private,Bachelors,Never Married,<=50K.
44,Private,Some-college,Divorced,<=50K.
47,Private,Some-college,Divorced,<=50K.
62,Self,Some-college,Married,<=50K.
19,NA,Some-college,Never Married,<=50K.
47,Private,HS-grad,Never Married,<=50K.
44,Govt,HS-grad,Divorced,<=50K.
26,Govt,Bachelors,Married,<=50K.
36,Private,Some-college,Married,<=50K.
52,Private,11th,Married,<=50K.
33,Private,Some-college,Divorced,<=50K.
48,NA,HS-grad,Married,<=50K.
33,Private,HS-grad,Married,<=50K.
25,Private,Bachelors,Married,<=50K.
62,Private,Bachelors,Married,<=50K.
38,Private,Some-college,Married,<=50K.
46,Private,HS-grad,Married,<=50K.
18,NA,Some-college,Never Married,<=50K.
46,Private,Bachelors,Married,>50K.
38,Private,HS-grad,Divorced,<=50K.
52,Private,Some-college,Married,>50K.
63,Self,7th-8th,Married,<=50K.
49,Private,Some-college,Married,<=50K.
17,Govt,11th,Never Married,<=50K.
33,Private,HS-grad,Never Married,<=50K.
70,Self,HS-grad,Widowed,<=50K.
19,Private,Some-college,Never Married,<=50K.
27,NA,HS-grad,Married,>50K.
61,Private,Some-college,Married,<=50K.
33,Private,Bachelors,Married,>50K.
46,Self,Bachelors,Married,>50K.
29,Private,10th,Separated,<=50K.
40,Govt,Some-college,Divorced,<=50K.
43,Govt,HS-grad,Married,>50K.
24,Private,HS-grad,Never Married,<=50K.
29,Private,Some-college,Married,<=50K.
61,Self,HS-grad,Married,<=50K.
48,Private,11th,Divorced,<=50K.
19,Private,Some-college,Never Married,<=50K.
30,Private,Some-college,Never Married,<=50K.
24,Private,Some-college,Never Married,<=50K.
39,Govt,Masters,Never Married,<=50K.
46,Self,Some-college,Divorced,<=50K.
40,Private,HS-grad,Married,>50K.
27,Govt,Bachelors,Never Married,<=50K.
25,Private,Masters,Never Married,<=50K.
31,Private,11th,Never Married,<=50K.
58,Private,Bachelors,Divorced,<=50K.
33,Private,HS-grad,Married,>50K.
40,Private,HS-grad,Widowed,<=50K.
40,Self,Masters,Married,>50K.
31,Private,HS-grad,Married,<=50K.
33,Private,HS-grad,Separated,<=50K.
49,Private,Assoc-acdm,Married,<=50K.
24,Private,Assoc-voc,Never Married,<=50K.
46,Private,HS-grad,Never Married,<=50K.
58,Govt,Masters,Married,>50K.
20,Private,Some-college,Never Married,<=50K.
65,NA,HS-grad,Widowed,<=50K.
43,Private,Some-college,Married,<=50K.
48,Self,Masters,Married,<=50K.
41,Private,Some-college,Married,<=50K.
27,Govt,Some-college,Separated,<=50K.
52,NA,Some-college,Married,<=50K.
26,Private,HS-grad,Never Married,<=50K.
52,Govt,HS-grad,Married,<=50K.
52,Govt,Some-college,Divorced,<=50K.
19,Private,HS-grad,Never Married,<=50K.
39,Govt,Some-college,Divorced,<=50K.
47,Private,Some-college,Divorced,<=50K.
27,Private,HS-grad,Divorced,<=50K.
48,Private,Some-college,Divorced,<=50K.
50,Private,HS-grad,Separated,<=50K.
60,Private,Some-college,Married,<=50K.
28,Private,Assoc-acdm,Married,>50K.
47,Govt,HS-grad,Divorced,<=50K.
69,NA,Bachelors,Married,<=50K.
40,Self,HS-grad,Married,<=50K.
37,Private,HS-grad,Never Married,<=50K.
41,Govt,Masters,Never Married,<=50K.
38,Private,HS-grad,Married,<=50K.
46,Govt,Assoc-voc,Separated,<=50K.
21,Self,Some-college,Never Married,<=50K.
44,Private,Masters,Separated,<=50K.
38,NA,10th,Separated,<=50K.
47,Self,Some-college,Married,>50K.
42,Private,Doctorate,Married,>50K.
42,Govt,Some-college,Divorced,<=50K.
56,Private,Bachelors,Never Married,>50K.
32,Private,Bachelors,Never Married,<=50K.
24,Private,Bachelors,Married,<=50K.
26,Private,Some-college,Married,<=50K.
36,Self,Bachelors,Never Married,<=50K.
49,Private,11th,Never Married,<=50K.
65,Private,HS-grad,Married,>50K.
73,Govt,7th-8th,Divorced,<=50K.
34,Private,11th,Married,<=50K.
22,Private,Bachelors,Never Married,<=50K.
49,Govt,Some-college,Never Married,<=50K.
25,Private,11th,Never Married,<=50K.
39,Private,9th,Married,<=50K.
19,Private,11th,Never Married,<=50K.
24,Private,10th,Married,<=50K.
34,Private,HS-grad,Divorced,<=50K.
35,NA,HS-grad,Widowed,<=50K.
21,Private,HS-grad,Never Married,<=50K.
43,Private,Masters,Divorced,<=50K.
35,Govt,Bachelors,Never Married,<=50K.
39,Private,Some-college,Divorced,<=50K.
48,NA,Bachelors,Married,>50K.
33,Self,Assoc-acdm,Never Married,<=50K.
19,Private,Some-college,Never Married,<=50K.
17,Private,10th,Never Married,<=50K.
43,Self,Some-college,Married,<=50K.
62,Private,HS-grad,Widowed,<=50K.
53,Govt,Masters,Divorced,>50K.
45,Govt,Masters,Married,>50K.
47,Private,HS-grad,Divorced,<=50K.
30,Private,Some-college,Never Married,<=50K.
53,Private,HS-grad,Separated,<=50K.
24,Private,HS-grad,Separated,<=50K.
41,Govt,Some-college,Married,<=50K.
58,Govt,5th-6th,Divorced,<=50K.
27,Govt,HS-grad,Divorced,<=50K.
63,Govt,HS-grad,Divorced,<=50K.
50,Private,Some-college,Divorced,<=50K.
43,Govt,Masters,Never Married,>50K.
29,Self,Some-college,Never Married,<=50K.
41,Private,Some-college,Married,<=50K.
55,Private,HS-grad,Married,<=50K.
36,Private,HS-grad,Never Married,<=50K.
23,Govt,HS-grad,Never Married,<=50K.
22,Private,Bachelors,Never Married,>50K.
58,Self,Some-college,Divorced,<=50K.
25,Private,11th,Never Married,<=50K.
40,Private,HS-grad,Married,<=50K.
38,Private,Assoc-voc,Never Married,<=50K.
37,Private,Bachelors,Married,>50K.
19,Private,Some-college,Never Married,<=50K.
55,Private,10th,Never Married,<=50K.
55,Private,Bachelors,Married,>50K.
28,Private,Bachelors,Never Married,<=50K.
53,Private,HS-grad,Married,<=50K.
32,NA,HS-grad,Married,<=50K.
60,Private,Some-college,Divorced,<=50K.
32,Private,Some-college,Divorced,<=50K.
34,Private,HS-grad,Married,<=50K.
49,Private,Some-college,Divorced,>50K.
21,Private,Some-college,Never Married,<=50K.
24,Govt,Bachelors,Never Married,<=50K.
53,Private,Assoc-voc,Divorced,<=50K.
29,Private,Assoc-voc,Married,<=50K.
34,Govt,Bachelors,Married,<=50K.
52,NA,Prof-school,Married,<=50K.
41,Private,5th-6th,Married,<=50K.
21,Private,HS-grad,Never Married,<=50K.
43,Private,Masters,Married,>50K.
31,Govt,HS-grad,Never Married,<=50K.
38,Private,HS-grad,Married,<=50K.
42,Private,Bachelors,Married,>50K.
62,Private,Bachelors,Never Married,<=50K.
51,Private,7th-8th,Widowed,<=50K.
30,Private,HS-grad,Never Married,<=50K.
24,Private,Bachelors,Married,<=50K.
36,Private,HS-grad,Divorced,<=50K.
57,Private,10th,Married,<=50K.
46,Private,Bachelors,Married,>50K.
33,Private,Doctorate,Married,<=50K.
42,Private,Some-college,Never Married,<=50K.
62,Private,HS-grad,Married,<=50K.
64,Self,Some-college,Married,<=50K.
18,Private,Some-college,Never Married,<=50K.
43,Private,5th-6th,Married,<=50K.
62,Self,7th-8th,Widowed,<=50K.
29,Private,Assoc-acdm,Married,<=50K.
43,Private,Bachelors,Married,>50K.
39,Private,HS-grad,Married,>50K.
69,NA,Bachelors,Married,<=50K.
34,Private,Bachelors,Married,<=50K.
44,Private,Assoc-acdm,Married,>50K.
25,Private,Bachelors,Never Married,<=50K.
47,Govt,Some-college,Divorced,<=50K.
17,Private,10th,Never Married,<=50K.
41,Govt,Bachelors,Divorced,<=50K.
19,Private,Some-college,Never Married,<=50K.
57,Private,1st-4th,Married,<=50K.
25,Private,HS-grad,Never Married,<=50K.
37,Govt,Some-college,Married,>50K.
29,Private,Assoc-voc,Married,<=50K.
32,Private,Some-college,Never Married,<=50K.
35,Private,Prof-school,Married,>50K.
52,Private,12th,Never Married,<=50K.
41,Private,HS-grad,Never Married,<=50K.
29,Private,HS-grad,Married,<=50K.
23,Private,Masters,Never Married,<=50K.
31,Private,11th,Married,<=50K.
40,Private,HS-grad,Married,<=50K.
19,Private,HS-grad,Never Married,<=50K.
21,Private,Some-college,Never Married,<=50K.
37,Govt,Bachelors,Never Married,>50K.
49,Self,Prof-school,Married,>50K.
64,Govt,HS-grad,Married,<=50K.
37,Govt,Assoc-voc,Never Married,<=50K.
70,Self,Bachelors,Married,>50K.
22,Private,10th,Never Married,<=50K.
29,Self,HS-grad,Married,<=50K.
37,Private,HS-grad,Married,<=50K.
29,Private,Bachelors,Never Married,<=50K.
38,Private,11th,Divorced,<=50K.
27,Private,HS-grad,Never Married,<=50K.
58,Govt,Bachelors,Married,>50K.
60,Govt,Some-college,Married,<=50K.
20,Private,Some-college,Never Married,<=50K.
51,Private,Some-college,Married,>50K.
37,Private,9th,Married,<=50K.
22,Govt,12th,Never Married,>50K.
56,Self,10th,Married,<=50K.
26,Private,Bachelors,Married,>50K.
19,Private,Some-college,Separated,<=50K.
37,Private,Assoc-voc,Married,<=50K.
27,Private,Some-college,Never Married,<=50K.
27,Private,HS-grad,Never Married,<=50K.
52,Self,Some-college,Married,<=50K.
45,Private,HS-grad,Separated,<=50K.
28,Private,Some-college,Never Married,<=50K.
20,Private,HS-grad,Divorced,<=50K.
28,Private,Masters,Never Married,<=50K.
44,Private,Assoc-voc,Married,<=50K.
30,Private,Bachelors,Married,<=50K.
26,Govt,Assoc-acdm,Never Married,<=50K.
55,NA,Masters,Married,<=50K.
46,Private,HS-grad,Never Married,<=50K.
51,Private,Bachelors,Married,<=50K.
25,Govt,Bachelors,Never Married,<=50K.
43,Govt,HS-grad,Separated,<=50K.
19,NA,HS-grad,Never Married,<=50K.
36,Private,HS-grad,Divorced,<=50K.
36,Private,Some-college,Never Married,<=50K.
48,Private,Bachelors,Never Married,<=50K.
30,NA,11th,Never Married,<=50K.
24,Private,Bachelors,Married,>50K.
30,Private,HS-grad,Divorced,<=50K.
24,Private,Bachelors,Married,>50K.
62,Private,Bachelors,Married,<=50K.
41,Self,HS-grad,Divorced,<=50K.
49,Self,Prof-school,Married,>50K.
36,Self,HS-grad,Married,<=50K.
47,Govt,Masters,Divorced,<=50K.
49,Govt,Masters,Divorced,<=50K.
52,Private,Some-college,Never Married,<=50K.
52,Private,Assoc-acdm,Married,>50K.
26,Private,HS-grad,Never Married,<=50K.
51,Govt,HS-grad,Never Married,<=50K.
18,Private,10th,Never Married,<=50K.
30,Private,HS-grad,Never Married,<=50K.
46,Private,HS-grad,Divorced,<=50K.
28,Private,HS-grad,Never Married,<=50K.
48,Self,Bachelors,Married,>50K.
62,Private,Some-college,Married,>50K.
49,Private,Bachelors,Married,<=50K.
69,Private,HS-grad,Widowed,<=50K.
35,Private,Bachelors,Never Married,>50K.
78,Private,Masters,Widowed,<=50K.
61,Private,Some-college,Married,>50K.
24,Private,Bachelors,Never Married,<=50K.
29,Private,Some-college,Never Married,<=50K.
36,Self,Bachelors,Married,<=50K.
17,Private,10th,Never Married,<=50K.
27,Private,HS-grad,Married,>50K.
64,Private,HS-grad,Married,<=50K.
33,Self,HS-grad,Never Married,<=50K.
32,Private,12th,Married,<=50K.
19,Private,Some-college,Never Married,<=50K.
42,Govt,11th,Married,<=50K.
24,Private,Bachelors,Never Married,<=50K.
23,Private,HS-grad,Never Married,<=50K.
51,Govt,Prof-school,Never Married,<=50K.
31,Private,Bachelors,Never Married,<=50K.
44,Private,Prof-school,Married,>50K.
38,Private,Masters,Never Married,>50K.
44,Govt,Assoc-acdm,Divorced,>50K.
44,Self,5th-6th,Married,<=50K.
38,Private,HS-grad,Married,<=50K.
36,Private,9th,Divorced,<=50K.
29,Private,1st-4th,Never Married,<=50K.
46,Private,Assoc-acdm,Divorced,<=50K.
47,Private,HS-grad,Married,<=50K.
30,Private,HS-grad,Married,>50K.
37,Govt,HS-grad,Married,>50K.
27,Private,Bachelors,Never Married,<=50K.
43,Private,HS-grad,Divorced,<=50K.
44,Self,Prof-school,Married,>50K.
31,Private,Some-college,Never Married,<=50K.
34,Private,Bachelors,Married,>50K.
39,Private,Bachelors,Never Married,<=50K.
36,Private,Some-college,Divorced,<=50K.
57,Private,Bachelors,Married,>50K.
78,Private,7th-8th,Never Married,<=50K.
24,Private,Some-college,Married,<=50K.
39,Private,Some-college,Never Married,<=50K.
21,Private,Assoc-acdm,Never Married,<=50K.
34,Private,HS-grad,Separated,>50K.
22,Private,Some-college,Never Married,<=50K.
36,Private,Some-college,Divorced,<=50K.
61,Private,Some-college,Married,>50K.
67,NA,9th,Married,<=50K.
42,Private,Some-college,Separated,<=50K.
49,Govt,Assoc-voc,Married,>50K.
58,Private,Assoc-voc,Married,<=50K.
37,Govt,Some-college,Married,<=50K.
39,Private,HS-grad,Never Married,<=50K.
25,Private,Some-college,Separated,<=50K.
45,Self,5th-6th,Married,>50K.
30,Private,Bachelors,Married,<=50K.
49,NA,Some-college,Never Married,<=50K.
36,Self,HS-grad,Married,<=50K.
23,Private,HS-grad,Never Married,<=50K.
51,Private,Some-college,Married,<=50K.
55,Private,HS-grad,Married,<=50K.
35,Private,Bachelors,Never Married,<=50K.
45,Govt,Masters,Married,<=50K.
36,Private,Bachelors,Married,>50K.
32,Govt,HS-grad,Married,<=50K.
39,Private,HS-grad,Married,<=50K.
47,Self,Some-college,Married,<=50K.
49,Private,Some-college,Married,>50K.
52,Private,Some-college,Married,>50K.
44,Private,Some-college,Separated,<=50K.
36,Private,Some-college,Married,>50K.
40,Private,Some-college,Divorced,<=50K.
17,Private,10th,Never Married,<=50K.
18,Private,HS-grad,Never Married,<=50K.
30,Self,Some-college,Married,<=50K.
66,Private,HS-grad,Widowed,<=50K.
59,Private,Bachelors,Never Married,<=50K.
30,Govt,HS-grad,Married,<=50K.
50,Private,HS-grad,Married,<=50K.
24,Private,HS-grad,Never Married,<=50K.
28,Private,Prof-school,Married,<=50K.
44,Govt,Masters,Married,>50K.
25,Private,Assoc-voc,Never Married,<=50K.
45,Private,Masters,Married,>50K.
20,Private,HS-grad,Never Married,<=50K.
67,Private,Assoc-voc,Divorced,<=50K.
40,Self,Prof-school,Married,>50K.
52,Govt,HS-grad,Married,<=50K.
34,Private,Doctorate,Never Married,>50K.
37,Govt,Assoc-acdm,Married,>50K.
17,Self,10th,Never Married,<=50K.
25,Private,Assoc-voc,Married,>50K.
35,Govt,Bachelors,Divorced,<=50K.
63,Private,Masters,Divorced,>50K.
38,Govt,Some-college,Never Married,<=50K.
33,Private,Bachelors,Married,>50K.
51,Govt,Masters,Married,>50K.
64,Govt,Doctorate,Married,>50K.
50,Self,Some-college,Divorced,<=50K.
18,Private,10th,Never Married,<=50K.
67,Private,Masters,Never Married,<=50K.
46,Private,HS-grad,Married,<=50K.
60,Self,Bachelors,Married,<=50K.
29,Private,HS-grad,Never Married,<=50K.
30,Private,Some-college,Never Married,<=50K.
56,Govt,Doctorate,Married,<=50K.
29,Private,HS-grad,Married,>50K.
37,Private,Bachelors,Never Married,<=50K.
55,Private,1st-4th,Divorced,<=50K.
24,Private,HS-grad,Never Married,<=50K.
21,Private,HS-grad,Never Married,<=50K.
46,Self,Bachelors,Married,>50K.
25,Private,12th,Married,<=50K.
40,Private,HS-grad,Never Married,<=50K.
23,Private,Some-college,Separated,<=50K.
43,Self,Some-college,Never Married,<=50K.
29,Self,Some-college,Married,>50K.
59,Private,10th,Widowed,<=50K.
18,Private,Some-college,Never Married,<=50K.
28,Private,HS-grad,Never Married,<=50K.
17,Private,11th,Never Married,<=50K.
53,Private,HS-grad,Married,>50K.
22,Private,5th-6th,Never Married,<=50K.
63,Private,HS-grad,Married,<=50K.
32,Private,Masters,Married,>50K.
40,Govt,HS-grad,Never Married,<=50K.
61,Self,Prof-school,Married,>50K.
35,Private,HS-grad,Never Married,<=50K.
43,Self,Bachelors,Married,<=50K.
20,NA,Some-college,Never Married,<=50K.
48,Self,Some-college,Divorced,<=50K.
56,Govt,Bachelors,Widowed,<=50K.
51,Govt,HS-grad,Married,<=50K.
34,Private,Some-college,Never Married,<=50K.
44,Private,Some-college,Married,>50K.
61,Private,Masters,Married,>50K.
37,Private,Some-college,Married,>50K.
36,Private,Bachelors,Married,>50K.
34,Private,Some-college,Separated,<=50K.
23,Private,Some-college,Never Married,<=50K.
63,Govt,Masters,Divorced,>50K.
63,NA,HS-grad,Widowed,<=50K.
47,Govt,Masters,Married,>50K.
55,Self,HS-grad,Divorced,>50K.
31,Govt,Bachelors,Never Married,<=50K.
27,Private,Some-college,Divorced,<=50K.
58,Private,Bachelors,Divorced,>50K.
28,Govt,Some-college,Married,<=50K.
52,Private,7th-8th,Divorced,<=50K.
31,Govt,HS-grad,Married,<=50K.
53,Private,Some-college,Divorced,<=50K.
43,Private,Some-college,Divorced,<=50K.
43,Govt,HS-grad,Married,<=50K.
50,Self,Masters,Divorced,>50K.
68,NA,HS-grad,Married,<=50K.
37,Private,11th,Married,<=50K.
26,Private,HS-grad,Divorced,<=50K.
22,Private,11th,Never Married,<=50K.
22,Private,Some-college,Married,<=50K.
59,Private,Some-college,Married,>50K.
30,Private,Some-college,Married,<=50K.
24,Private,HS-grad,Separated,<=50K.
30,Private,HS-grad,Married,<=50K.
50,Govt,Bachelors,Divorced,>50K.
38,Private,12th,Married,<=50K.
29,Private,HS-grad,Married,<=50K.
76,Private,HS-grad,Married,<=50K.
21,Private,Assoc-voc,Never Married,<=50K.
65,Private,Some-college,Widowed,<=50K.
43,Private,HS-grad,Married,>50K.
29,Private,Bachelors,Married,<=50K.
32,Private,Bachelors,Never Married,<=50K.
37,Private,Assoc-acdm,Married,>50K.
64,Private,HS-grad,Married,<=50K.
49,Private,Some-college,Married,>50K.
44,Private,Bachelors,Married,>50K.
68,NA,HS-grad,Married,<=50K.
34,Private,Bachelors,Married,>50K.
35,Private,Some-college,Married,<=50K.
53,Private,Some-college,Divorced,<=50K.
24,Private,Assoc-voc,Never Married,<=50K.
31,Private,Some-college,Divorced,<=50K.
25,Private,Some-college,Married,<=50K.
36,Private,HS-grad,Married,<=50K.
29,Private,Some-college,Never Married,<=50K.
37,Private,HS-grad,Married,>50K.
42,Self,Doctorate,Never Married,<=50K.
30,Private,HS-grad,Divorced,<=50K.
32,Self,Some-college,Never Married,<=50K.
47,Self,Bachelors,Never Married,>50K.
44,Private,HS-grad,Divorced,>50K.
19,Private,HS-grad,Never Married,<=50K.
22,Private,HS-grad,Married,<=50K.
51,Private,9th,Married,>50K.
69,Private,HS-grad,Married,<=50K.
73,NA,11th,Married,<=50K.
18,NA,11th,Never Married,<=50K.
33,Self,HS-grad,Never Married,<=50K.
22,Govt,Some-college,Never Married,<=50K.
33,Private,Bachelors,Never Married,>50K.
20,Govt,Some-college,Never Married,<=50K.
28,Self,Some-college,Married,<=50K.
25,Private,HS-grad,Never Married,<=50K.
27,Private,HS-grad,Never Married,<=50K.
22,Private,HS-grad,Never Married,<=50K.
67,Self,HS-grad,Married,<=50K.
31,Self,HS-grad,Married,<=50K.
36,NA,Some-college,Never Married,<=50K.
43,Govt,Prof-school,Married,>50K.
33,Private,Bachelors,Never Married,<=50K.
37,Self,HS-grad,Married,>50K.
27,Private,HS-grad,Married,<=50K.
36,Private,Some-college,Never Married,<=50K.
33,Private,Assoc-acdm,Divorced,<=50K.
63,Private,Bachelors,Married,>50K.
48,Private,Bachelors,Divorced,>50K.
25,Private,HS-grad,Never Married,<=50K.
41,Self,HS-grad,Married,<=50K.
26,Private,HS-grad,Never Married,<=50K.
23,Private,Some-college,Never Married,<=50K.
33,Govt,HS-grad,Never Married,<=50K.
30,Govt,Masters,Married,<=50K.
67,Self,HS-grad,Widowed,<=50K.
32,Private,HS-grad,Married,>50K.
48,Self,HS-grad,Divorced,>50K.
51,Private,HS-grad,Widowed,<=50K.
39,Private,Masters,Never Married,<=50K.
40,Self,Bachelors,Married,<=50K.
40,Private,HS-grad,Married,>50K.
19,Private,HS-grad,Never Married,<=50K.
28,Private,HS-grad,Divorced,<=50K.
47,Private,Bachelors,Married,>50K.
20,Private,Some-college,Never Married,<=50K.
41,Private,HS-grad,Widowed,<=50K.
29,Private,Some-college,Married,<=50K.
40,Private,Bachelors,Married,>50K.
61,Private,HS-grad,Widowed,<=50K.
25,Private,11th,Never Married,<=50K.
26,Private,HS-grad,Married,<=50K.
43,Private,Bachelors,Never Married,<=50K.
17,Private,7th-8th,Never Married,<=50K.
43,Govt,Masters,Divorced,>50K.
73,Private,HS-grad,Married,<=50K.
46,Govt,Some-college,Divorced,<=50K.
19,Private,Some-college,Never Married,<=50K.
37,Private,HS-grad,Divorced,<=50K.
26,Private,Some-college,Married,<=50K.
47,Private,HS-grad,Divorced,<=50K.
47,Govt,Masters,Never Married,<=50K.
29,Private,Bachelors,Never Married,<=50K.
29,Private,HS-grad,Never Married,<=50K.
33,Private,Bachelors,Married,<=50K.
20,Private,HS-grad,Never Married,<=50K.
28,Private,10th,Married,<=50K.
26,Private,Bachelors,Never Married,<=50K.
41,Govt,Masters,Married,<=50K.
67,NA,7th-8th,Married,<=50K.
43,Private,Bachelors,Married,<=50K.
35,Private,9th,Married,<=50K.
18,Private,12th,Never Married,<=50K.
55,Govt,Some-college,Divorced,<=50K.
44,Private,HS-grad,Divorced,<=50K.
64,Private,HS-grad,Widowed,<=50K.
34,Self,Assoc-voc,Married,<=50K.
38,Private,Some-college,Married,>50K.
25,Private,HS-grad,Never Married,<=50K.
21,Private,Some-college,Never Married,<=50K.
37,Private,1st-4th,Married,<=50K.
39,Private,Some-college,Divorced,<=50K.
34,Private,Some-college,Divorced,<=50K.
23,Private,Bachelors,Never Married,<=50K.
54,Private,Some-college,Married,>50K.
49,Self,Masters,Separated,>50K.
25,Private,HS-grad,Married,<=50K.
51,Private,Assoc-acdm,Married,<=50K.
29,Private,HS-grad,Never Married,<=50K.
27,Govt,Bachelors,Married,<=50K.
53,Private,HS-grad,Married,<=50K.
68,Private,Bachelors,Married,>50K.
56,Private,HS-grad,Married,>50K.
30,Private,Doctorate,Never Married,<=50K.
24,Private,HS-grad,Divorced,<=50K.
70,NA,9th,Widowed,<=50K.
24,Private,Some-college,Never Married,<=50K.
74,NA,Assoc-acdm,Widowed,<=50K.
23,NA,Some-college,Never Married,<=50K.
41,Govt,Masters,Married,<=50K.
45,Private,HS-grad,Never Married,<=50K.
35,Private,HS-grad,Married,<=50K.
21,Private,HS-grad,Never Married,<=50K.
45,Private,11th,Separated,<=50K.
18,Private,11th,Never Married,<=50K.
49,Private,Bachelors,Never Married,<=50K.
49,Private,Assoc-voc,Separated,<=50K.
45,Govt,Bachelors,Married,<=50K.
27,Private,HS-grad,Never Married,<=50K.
28,Private,Some-college,Married,<=50K.
35,Private,Bachelors,Married,>50K.
33,Private,Some-college,Never Married,<=50K.
35,Private,11th,Married,<=50K.
19,Private,HS-grad,Never Married,<=50K.
33,Private,Some-college,Never Married,<=50K.
28,Private,HS-grad,Divorced,>50K.
49,Private,Some-college,Married,<=50K.
61,NA,HS-grad,Married,<=50K.
39,Self,Some-college,Married,<=50K.
22,Private,HS-grad,Separated,<=50K.
42,Private,10th,Married,<=50K.
22,Private,Some-college,Never Married,<=50K.
18,Private,HS-grad,Never Married,<=50K.
49,Govt,9th,Widowed,>50K.
33,Self,Doctorate,Married,>50K.
28,Private,HS-grad,Married,<=50K.
42,Private,7th-8th,Married,<=50K.
20,Private,Some-college,Never Married,<=50K.
50,Govt,Some-college,Married,<=50K.
32,Private,Some-college,Married,>50K.
31,Govt,HS-grad,Separated,<=50K.
29,Private,Assoc-voc,Never Married,<=50K.
46,Govt,Some-college,Married,<=50K.
32,Self,Doctorate,Never Married,<=50K.
61,Private,HS-grad,Widowed,<=50K.
43,Self,11th,Married,<=50K.
35,Private,HS-grad,Never Married,<=50K.
39,Govt,Bachelors,Married,<=50K.
18,NA,11th,Never Married,<=50K.
42,Self,Some-college,Married,<=50K.
23,Private,Bachelors,Never Married,<=50K.
32,Private,Bachelors,Married,<=50K.
52,Private,HS-grad,Married,>50K.
36,Private,Assoc-acdm,Married,>50K.
38,Private,Some-college,Married,>50K.
50,Private,HS-grad,Widowed,>50K.
23,NA,Assoc-acdm,Never Married,<=50K.
71,Private,Prof-school,Married,>50K.
27,Private,HS-grad,Never Married,<=50K.
56,Private,HS-grad,Married,<=50K.
28,Self,Some-college,Never Married,<=50K.
45,Private,HS-grad,Married,<=50K.
28,Private,HS-grad,Married,<=50K.
28,Govt,Some-college,Married,<=50K.
18,Private,Some-college,Never Married,<=50K.
62,Private,7th-8th,Divorced,<=50K.
35,Private,12th,Separated,<=50K.
39,Private,10th,Married,<=50K.
24,Private,Some-college,Never Married,<=50K.
58,Private,9th,Divorced,<=50K.
48,Private,HS-grad,Divorced,<=50K.
57,Private,Bachelors,Married,>50K.
31,Private,Bachelors,Married,<=50K.
25,Private,HS-grad,Married,<=50K.
34,Private,Bachelors,Married,>50K.
29,Self,7th-8th,Married,<=50K.
38,Private,Assoc-acdm,Divorced,<=50K.
21,Private,Some-college,Never Married,<=50K.
34,Self,HS-grad,Married,<=50K.
50,Private,Bachelors,Never Married,<=50K.
50,Private,HS-grad,Divorced,<=50K.
49,Govt,Assoc-voc,Divorced,<=50K.
30,Private,Bachelors,Never Married,<=50K.
29,Govt,Masters,Married,<=50K.
22,Govt,Some-college,Never Married,<=50K.
42,Private,HS-grad,Married,<=50K.
19,NA,Some-college,Never Married,<=50K.
31,Private,Some-college,Divorced,<=50K.
42,Self,Bachelors,Married,<=50K.
20,Private,Some-college,Never Married,<=50K.
51,NA,HS-grad,Married,<=50K.
50,Private,10th,Married,>50K.
27,Self,9th,Never Married,<=50K.
26,Private,11th,Never Married,<=50K.
61,NA,HS-grad,Married,>50K.
20,Private,Some-college,Never Married,<=50K.
51,Private,Some-college,Married,>50K.
52,Private,HS-grad,Married,<=50K.
33,Private,HS-grad,Divorced,<=50K.
31,Private,Bachelors,Married,<=50K.
24,Private,Some-college,Married,<=50K.
56,Private,Bachelors,Married,<=50K.
19,NA,Some-college,Never Married,<=50K.
29,Private,11th,Married,<=50K.
18,Private,HS-grad,Never Married,<=50K.
43,Private,Some-college,Married,<=50K.
43,Govt,Doctorate,Married,>50K.
21,Private,HS-grad,Married,<=50K.
51,Private,HS-grad,Married,<=50K.
20,NA,11th,Married,<=50K.
41,Private,Some-college,Married,>50K.
45,Govt,Some-college,Married,>50K.
20,Private,HS-grad,Never Married,<=50K.
28,Private,Bachelors,Married,>50K.
50,Govt,Masters,Married,>50K.
47,Private,Bachelors,Divorced,<=50K.
80,Self,7th-8th,Widowed,<=50K.
47,Self,HS-grad,Married,<=50K.
19,NA,Some-college,Never Married,<=50K.
45,Private,HS-grad,Married,<=50K.
17,Private,11th,Never Married,<=50K.
37,Private,HS-grad,Married,<=50K.
27,Private,Some-college,Never Married,<=50K.
17,Private,12th,Never Married,<=50K.
18,Self,HS-grad,Never Married,<=50K.
57,Private,HS-grad,Married,<=50K.
26,Private,HS-grad,Separated,<=50K.
26,Private,Masters,Never Married,<=50K.
36,Self,Bachelors,Married,>50K.
51,Private,HS-grad,Married,>50K.
38,Private,Some-college,Never Married,<=50K.
77,NA,5th-6th,Married,<=50K.
51,Private,HS-grad,Never Married,>50K.
24,Private,11th,Never Married,<=50K.
35,Private,HS-grad,Divorced,<=50K.
35,NA,10th,Divorced,<=50K.
51,Self,Bachelors,Married,>50K.
28,Private,Bachelors,Married,>50K.
37,Private,HS-grad,Married,<=50K.
43,Private,HS-grad,Married,<=50K.
23,Private,HS-grad,Never Married,<=50K.
42,Private,Bachelors,Married,<=50K.
58,Private,Some-college,Married,>50K.
52,Govt,HS-grad,Married,<=50K.
29,Private,HS-grad,Divorced,<=50K.
27,Private,Some-college,Married,<=50K.
28,Private,Some-college,Never Married,<=50K.
59,Private,Assoc-acdm,Married,>50K.
28,Private,HS-grad,Never Married,<=50K.
24,Private,Some-college,Never Married,<=50K.
20,Private,10th,Married,<=50K.
54,Private,Bachelors,Married,>50K.
65,Private,HS-grad,Divorced,<=50K.
18,NA,Some-college,Never Married,<=50K.
38,Private,Some-college,Married,>50K.
29,Private,HS-grad,Married,<=50K.
27,Private,HS-grad,Never Married,<=50K.
36,Private,Masters,Married,<=50K.
55,Govt,HS-grad,Married,<=50K.
22,Private,5th-6th,Never Married,<=50K.
28,Private,Bachelors,Never Married,<=50K.
20,Private,Some-college,Never Married,<=50K.
24,Private,Bachelors,Married,<=50K.
36,Private,Masters,Married,>50K.
68,Self,HS-grad,Married,<=50K.
49,Self,HS-grad,Divorced,>50K.
18,Private,7th-8th,Never Married,<=50K.
50,Self,Doctorate,Divorced,>50K.
37,Private,12th,Separated,<=50K.
60,Private,Masters,Married,>50K.
43,Private,Some-college,Married,<=50K.
43,Self,Doctorate,Married,>50K.
17,Private,11th,Never Married,<=50K.
43,Private,Some-college,Never Married,<=50K.
39,Private,Some-college,Married,<=50K.
21,Self,Some-college,Never Married,<=50K.
42,Self,Doctorate,Never Married,<=50K.
48,Self,Some-college,Married,>50K.
56,Private,Bachelors,Never Married,>50K.
21,Private,Assoc-acdm,Never Married,<=50K.
28,Govt,Assoc-acdm,Married,>50K.
39,Self,HS-grad,Married,>50K.
40,Private,7th-8th,Married,<=50K.
38,Govt,Assoc-acdm,Never Married,<=50K.
59,Private,Some-college,Married,>50K.
51,Govt,HS-grad,Married,<=50K.
19,Private,HS-grad,Never Married,<=50K.
23,Private,HS-grad,Never Married,<=50K.
31,Private,Bachelors,Divorced,<=50K.
42,Private,Assoc-acdm,Married,<=50K.
43,Private,HS-grad,Married,>50K.
45,Private,Some-college,Married,>50K.
34,Private,Some-college,Married,<=50K.
21,Private,HS-grad,Never Married,<=50K.
34,Private,Some-college,Married,>50K.
55,Self,Some-college,Married,>50K.
30,Private,Assoc-voc,Never Married,<=50K.
29,Private,HS-grad,Married,<=50K.
19,Private,Some-college,Never Married,<=50K.
45,Self,Bachelors,Divorced,<=50K.
42,Private,Bachelors,Married,>50K.
32,Private,Bachelors,Never Married,<=50K.
90,Self,Some-college,Married,<=50K.
44,Govt,Bachelors,Married,>50K.
34,Self,HS-grad,Married,>50K.
35,Private,12th,Separated,<=50K.
39,Self,Some-college,Never Married,<=50K.
29,Private,Bachelors,Never Married,<=50K.
24,Private,HS-grad,Never Married,<=50K.
49,Private,Some-college,Married,<=50K.
52,Self,Some-college,Married,>50K.
54,Private,Bachelors,Married,>50K.
31,Private,9th,Divorced,<=50K.
44,Private,Some-college,Divorced,<=50K.
18,NA,Some-college,Never Married,<=50K.
27,Self,HS-grad,Married,<=50K.
24,Private,HS-grad,Never Married,<=50K.
30,Private,HS-grad,Married,<=50K.
27,Private,Some-college,Divorced,<=50K.
34,Govt,Bachelors,Married,<=50K.
25,Govt,Some-college,Married,<=50K.
39,Private,HS-grad,Divorced,<=50K.
28,Private,Some-college,Married,>50K.
51,Self,HS-grad,Married,<=50K.
21,NA,HS-grad,Married,<=50K.
33,Private,Some-college,Never Married,<=50K.
27,Private,Assoc-voc,Never Married,<=50K.
29,Private,HS-grad,Never Married,<=50K.
33,Govt,10th,Married,<=50K.
37,Private,HS-grad,Married,>50K.
20,Private,HS-grad,Never Married,<=50K.
24,Private,Bachelors,Never Married,<=50K.
29,Private,HS-grad,Never Married,<=50K.
31,Private,Bachelors,Married,>50K.
41,Private,Some-college,Married,<=50K.
42,Self,Some-college,Married,<=50K.
20,Private,Some-college,Never Married,<=50K.
54,Private,9th,Separated,<=50K.
55,Private,Bachelors,Married,<=50K.
21,Private,HS-grad,Married,<=50K.
52,Private,Assoc-voc,Married,>50K.
19,Private,HS-grad,Never Married,<=50K.
33,Private,Assoc-voc,Married,<=50K.
22,Private,HS-grad,Separated,<=50K.
59,Private,HS-grad,Never Married,<=50K.
17,NA,10th,Never Married,<=50K.
31,Private,12th,Never Married,<=50K.
74,Self,HS-grad,Married,>50K.
45,Private,10th,Divorced,<=50K.
36,Private,HS-grad,Never Married,<=50K.
35,Self,Some-college,Divorced,<=50K.
45,Private,Some-college,Divorced,<=50K.
42,Self,HS-grad,Never Married,<=50K.
50,Govt,Masters,Divorced,<=50K.
39,Private,HS-grad,Divorced,<=50K.
44,Private,Some-college,Separated,<=50K.
52,Private,1st-4th,Married,>50K.
24,Private,Bachelors,Never Married,<=50K.
56,Self,9th,Married,<=50K.
27,Private,HS-grad,Married,>50K.
47,Self,Bachelors,Married,>50K.
40,Self,Prof-school,Married,>50K.
38,Private,HS-grad,Never Married,<=50K.
27,Private,Assoc-voc,Divorced,<=50K.
52,Private,HS-grad,Divorced,<=50K.
22,Private,HS-grad,Divorced,<=50K.
41,Private,Some-college,Married,<=50K.
30,Private,HS-grad,Divorced,<=50K.
55,Private,Bachelors,Married,<=50K.
25,Private,Some-college,Never Married,<=50K.
32,Private,Bachelors,Married,<=50K.
28,Private,Some-college,Separated,<=50K.
33,Self,HS-grad,Married,<=50K.
17,Private,HS-grad,Never Married,<=50K.
27,Private,HS-grad,Married,<=50K.
55,Private,Assoc-voc,Married,<=50K.
63,Govt,Some-college,Married,>50K.
39,Private,HS-grad,Married,<=50K.
51,Govt,Doctorate,Married,>50K.
67,Self,7th-8th,Married,<=50K.
41,Self,Bachelors,Married,<=50K.
27,Private,HS-grad,Widowed,<=50K.
54,Private,Masters,Married,>50K.
59,Private,10th,Married,>50K.
18,Private,HS-grad,Never Married,<=50K.
19,Private,HS-grad,Never Married,<=50K.
31,Private,HS-grad,Married,<=50K.
17,Private,11th,Never Married,<=50K.
42,Private,HS-grad,Married,>50K.
37,Private,Some-college,Married,<=50K.
51,Govt,HS-grad,Married,<=50K.
48,Private,HS-grad,Never Married,<=50K.
23,Private,HS-grad,Never Married,<=50K.
27,Private,Assoc-voc,Married,<=50K.
25,Private,HS-grad,Never Married,<=50K.
69,Private,Assoc-acdm,Divorced,<=50K.
30,Private,Bachelors,Never Married,<=50K.
33,Private,HS-grad,Married,<=50K.
28,Private,HS-grad,Never Married,<=50K.
45,Private,5th-6th,Married,<=50K.
25,Private,Some-college,Never Married,<=50K.
37,Private,Assoc-voc,Married,>50K.
59,Private,Preschool,Never Married,<=50K.
26,Private,HS-grad,Never Married,<=50K.
48,Private,Some-college,Separated,<=50K.
64,Govt,HS-grad,Married,<=50K.
39,Private,Bachelors,Married,<=50K.
24,Private,Bachelors,Never Married,<=50K.
40,Govt,Masters,Never Married,<=50K.
46,Private,Masters,Married,>50K.
35,Govt,Some-college,Married,>50K.
43,Private,HS-grad,Married,>50K.
31,Private,HS-grad,Separated,<=50K.
22,Private,Some-college,Never Married,<=50K.
35,Private,Some-college,Never Married,<=50K.
35,Private,HS-grad,Separated,<=50K.
35,Govt,Some-college,Divorced,<=50K.
40,Private,Prof-school,Married,>50K.
50,Private,Masters,Never Married,<=50K.
48,Self,Prof-school,Divorced,>50K.
70,NA,Masters,Married,<=50K.
46,Private,HS-grad,Divorced,<=50K.
36,Private,HS-grad,Divorced,<=50K.
37,Govt,Bachelors,Married,>50K.
24,Private,9th,Married,<=50K.
47,Govt,Bachelors,Separated,<=50K.
35,Self,HS-grad,Divorced,<=50K.
43,Private,Bachelors,Married,<=50K.
18,Govt,11th,Never Married,<=50K.
54,Private,HS-grad,Married,<=50K.
62,Private,HS-grad,Never Married,<=50K.
36,Private,Bachelors,Married,>50K.
27,Private,9th,Married,<=50K.
23,Private,Some-college,Never Married,<=50K.
61,NA,Bachelors,Married,>50K.
39,Self,Bachelors,Divorced,<=50K.
33,Self,5th-6th,Married,>50K.
28,Private,1st-4th,Never Married,<=50K.
22,Private,HS-grad,Never Married,<=50K.
31,Self,Assoc-voc,Married,>50K.
26,Private,Bachelors,Never Married,<=50K.
44,Private,Bachelors,Divorced,>50K.
73,Private,Bachelors,Married,<=50K.
44,Private,Bachelors,Divorced,<=50K.
35,Private,Assoc-voc,Divorced,<=50K.
33,Private,Bachelors,Married,<=50K.
27,Private,Bachelors,Never Married,<=50K.
47,Govt,Bachelors,Married,>50K.
29,Private,HS-grad,Married,>50K.
33,Private,Some-college,Married,<=50K.
50,Private,Some-college,Divorced,<=50K.
32,Private,HS-grad,Married,<=50K.
41,Self,Masters,Divorced,<=50K.
19,NA,Some-college,Never Married,<=50K.
45,Private,HS-grad,Married,>50K.
65,Private,HS-grad,Widowed,<=50K.
42,Govt,Some-college,Separated,<=50K.
33,Self,Bachelors,Married,>50K.
32,Private,Bachelors,Married,>50K.
42,Private,Some-college,Married,>50K.
49,Private,Some-college,Separated,>50K.
38,Private,HS-grad,Married,<=50K.
38,Private,Some-college,Married,<=50K.
37,Private,Some-college,Married,<=50K.
24,Private,Some-college,Never Married,<=50K.
27,Self,Some-college,Never Married,<=50K.
25,Private,9th,Married,<=50K.
29,Private,HS-grad,Married,<=50K.
46,Private,HS-grad,Married,<=50K.
44,Self,HS-grad,Married,<=50K.
26,Private,Bachelors,Never Married,<=50K.
46,Govt,Assoc-acdm,Married,>50K.
38,Private,Some-college,Separated,<=50K.
38,Private,Some-college,Married,<=50K.
22,Govt,Bachelors,Married,<=50K.
33,Private,Some-college,Divorced,<=50K.
50,Private,Assoc-acdm,Divorced,<=50K.
31,Govt,HS-grad,Married,>50K.
26,Self,Some-college,Never Married,<=50K.
42,Private,Some-college,Married,<=50K.
27,Private,HS-grad,Married,<=50K.
34,Private,Masters,Married,>50K.
64,Private,HS-grad,Married,<=50K.
43,Private,Some-college,Married,<=50K.
39,Private,HS-grad,Married,<=50K.
47,Self,Prof-school,Never Married,>50K.
56,Private,Masters,Never Married,<=50K.
25,Govt,Masters,Never Married,<=50K.
60,Govt,Bachelors,Divorced,<=50K.
52,Private,HS-grad,Married,<=50K.
43,Private,HS-grad,Divorced,<=50K.
46,Private,Bachelors,Never Married,<=50K.
19,Private,Some-college,Never Married,<=50K.
56,Private,7th-8th,Never Married,<=50K.
22,Private,Bachelors,Never Married,<=50K.
28,Private,11th,Never Married,<=50K.
39,Private,5th-6th,Separated,<=50K.
28,Private,Some-college,Divorced,<=50K.
31,Private,Bachelors,Married,>50K.
22,Private,HS-grad,Never Married,<=50K.
39,Private,HS-grad,Married,>50K.
39,Private,Bachelors,Married,>50K.
28,Self,11th,Never Married,<=50K.
67,NA,HS-grad,Married,<=50K.
31,Private,HS-grad,Never Married,<=50K.
50,Private,Bachelors,Married,<=50K.
34,Private,HS-grad,Married,<=50K.
48,Private,HS-grad,Married,>50K.
51,Private,Bachelors,Divorced,<=50K.
54,Private,HS-grad,Married,<=50K.
44,Private,Assoc-voc,Divorced,<=50K.
20,Private,Some-college,Never Married,<=50K.
37,Private,HS-grad,Married,<=50K.
38,Private,Some-college,Married,<=50K.
59,Govt,Assoc-acdm,Married,<=50K.
59,Self,Bachelors,Married,<=50K.
51,Private,Some-college,Divorced,>50K.
60,NA,Bachelors,Married,<=50K.
29,Private,Some-college,Married,<=50K.
37,Private,Some-college,Never Married,<=50K.
42,Private,10th,Married,<=50K.
28,Self,Bachelors,Married,>50K.
34,Private,HS-grad,Never Married,<=50K.
50,Self,Bachelors,Married,>50K.
22,Self,HS-grad,Never Married,<=50K.
27,Private,HS-grad,Never Married,<=50K.
45,Govt,Prof-school,Divorced,<=50K.
39,Private,HS-grad,Divorced,<=50K.
25,Govt,Bachelors,Never Married,<=50K.
63,NA,HS-grad,Never Married,<=50K.
24,Self,Bachelors,Married,>50K.
18,Private,HS-grad,Never Married,<=50K.
19,NA,HS-grad,Never Married,<=50K.
23,Private,12th,Never Married,<=50K.
20,Private,5th-6th,Never Married,<=50K.
17,Self,10th,Never Married,<=50K.
63,Self,Bachelors,Married,>50K.
28,Govt,Bachelors,Married,>50K.
51,Govt,Bachelors,Married,>50K.
29,Private,Bachelors,Never Married,<=50K.
64,Private,Some-college,Widowed,<=50K.
17,Private,10th,Never Married,<=50K.
45,Govt,Some-college,Divorced,<=50K.
18,Private,12th,Never Married,<=50K.
31,Govt,HS-grad,Never Married,<=50K.
48,Self,Bachelors,Married,>50K.
41,Private,Some-college,Never Married,<=50K.
65,Private,Prof-school,Married,>50K.
27,Private,Assoc-voc,Divorced,<=50K.
39,Private,Assoc-voc,Married,<=50K.
51,Self,Some-college,Divorced,>50K.
49,Private,Masters,Married,>50K.
58,NA,HS-grad,Divorced,<=50K.
36,Private,Bachelors,Married,>50K.
25,Private,HS-grad,Never Married,<=50K.
41,Private,Some-college,Divorced,<=50K.
31,Private,9th,Divorced,<=50K.
63,Private,11th,Married,>50K.
50,Govt,Bachelors,Divorced,<=50K.
63,Private,Some-college,Divorced,<=50K.
44,Self,Masters,Never Married,<=50K.
48,Private,HS-grad,Divorced,<=50K.
51,Self,Some-college,Married,<=50K.
18,Private,HS-grad,Never Married,<=50K.
23,Private,Some-college,Never Married,<=50K.
31,Private,HS-grad,Married,<=50K.
38,Private,HS-grad,Married,<=50K.
19,NA,Some-college,Never Married,<=50K.
56,Private,Some-college,Married,>50K.
31,Private,7th-8th,Divorced,<=50K.
46,Private,Some-college,Married,<=50K.
39,Private,Masters,Married,>50K.
56,Govt,HS-grad,Married,<=50K.
31,Private,HS-grad,Never Married,<=50K.
42,Self,Bachelors,Married,>50K.
53,Private,HS-grad,Married,>50K.
18,Private,11th,Never Married,<=50K.
18,NA,11th,Never Married,<=50K.
20,NA,Some-college,Never Married,<=50K.
27,Private,HS-grad,Married,>50K.
31,Private,Bachelors,Never Married,<=50K.
52,Govt,Masters,Married,<=50K.
46,Private,HS-grad,Married,<=50K.
30,Private,Some-college,Never Married,<=50K.
26,Private,Bachelors,Never Married,<=50K.
48,Govt,Masters,Married,>50K.
37,Private,Some-college,Married,>50K.
29,Private,9th,Married,<=50K.
49,Private,HS-grad,Married,>50K.
24,Private,HS-grad,Divorced,<=50K.
74,Self,HS-grad,Married,<=50K.
56,Self,5th-6th,Married,>50K.
39,Govt,Bachelors,Never Married,<=50K.
21,Private,HS-grad,Never Married,<=50K.
29,Private,Bachelors,Never Married,>50K.
43,Self,HS-grad,Divorced,<=50K.
23,Private,Bachelors,Never Married,<=50K.
26,Private,HS-grad,Never Married,<=50K.
47,Private,HS-grad,Married,<=50K.
27,Private,HS-grad,Married,<=50K.
45,Private,HS-grad,Married,>50K.
30,Private,HS-grad,Never Married,<=50K.
35,Private,Some-college,Married,>50K.
33,Private,HS-grad,Married,<=50K.
37,Private,HS-grad,Married,>50K.
21,Private,HS-grad,Never Married,<=50K.
42,Private,HS-grad,Married,<=50K.
48,Govt,HS-grad,Married,<=50K.
46,Private,HS-grad,Never Married,<=50K.
36,Private,5th-6th,Separated,<=50K.
54,Private,HS-grad,Never Married,<=50K.
25,Private,HS-grad,Married,<=50K.
26,Govt,HS-grad,Divorced,<=50K.
36,Self,HS-grad,Married,<=50K.
56,Self,Bachelors,Never Married,<=50K.
37,Private,HS-grad,Married,<=50K.
26,Private,Bachelors,Never Married,>50K.
23,Private,Bachelors,Never Married,<=50K.
23,Govt,Bachelors,Never Married,<=50K.
41,Govt,Bachelors,Never Married,<=50K.
55,Private,Bachelors,Married,>50K.
39,Private,Bachelors,Married,>50K.
67,Govt,Assoc-acdm,Married,<=50K.
60,Private,HS-grad,Widowed,<=50K.
54,Private,HS-grad,Widowed,<=50K.
38,Private,Masters,Married,>50K.
47,Private,Some-college,Married,>50K.
49,Govt,Bachelors,Married,>50K.
19,Private,HS-grad,Never Married,<=50K.
20,Private,Some-college,Never Married,<=50K.
66,Private,HS-grad,Widowed,<=50K.
22,NA,Some-college,Never Married,<=50K.
51,Self,Masters,Married,>50K.
19,Private,Some-college,Never Married,<=50K.
36,Private,Some-college,Divorced,<=50K.
33,Private,HS-grad,Married,>50K.
41,Private,Bachelors,Divorced,<=50K.
90,Private,HS-grad,Married,>50K.
78,NA,7th-8th,Married,<=50K.
36,Private,HS-grad,Divorced,<=50K.
30,Private,Prof-school,Divorced,<=50K.
35,Private,Some-college,Divorced,<=50K.
46,Private,Masters,Married,>50K.
38,Private,HS-grad,Never Married,<=50K.
24,Private,Bachelors,Married,<=50K.
40,Private,Bachelors,Married,<=50K.
49,Private,7th-8th,Married,<=50K.
19,Private,HS-grad,Never Married,<=50K.
77,Private,Some-college,Widowed,<=50K.
46,Private,HS-grad,Married,>50K.
41,Private,Some-college,Separated,<=50K.
28,Private,1st-4th,Never Married,<=50K.
21,Private,HS-grad,Married,<=50K.
24,Private,12th,Never Married,<=50K.
36,Private,HS-grad,Married,<=50K.
23,Govt,Some-college,Never Married,<=50K.
38,Govt,HS-grad,Married,<=50K.
29,Self,HS-grad,Married,<=50K.
38,Private,Some-college,Married,>50K.
47,Govt,Bachelors,Never Married,>50K.
39,Govt,Masters,Divorced,<=50K.
40,Govt,Bachelors,Married,<=50K.
21,NA,Some-college,Never Married,<=50K.
32,Private,HS-grad,Divorced,<=50K.
23,Private,HS-grad,Never Married,<=50K.
44,Govt,HS-grad,Married,<=50K.
37,Private,Some-college,Separated,<=50K.
70,Private,Bachelors,Widowed,<=50K.
51,Private,Masters,Married,>50K.
66,Private,9th,Separated,<=50K.
57,Self,Some-college,Married,<=50K.
36,Private,Some-college,Married,>50K.
48,Self,Bachelors,Divorced,>50K.
24,NA,HS-grad,Married,<=50K.
51,Private,Masters,Married,>50K.
43,Private,Bachelors,Married,>50K.
27,Private,HS-grad,Married,<=50K.
32,Private,Bachelors,Never Married,<=50K.
20,Private,Some-college,Never Married,<=50K.
33,Private,Some-college,Divorced,<=50K.
19,Private,Some-college,Never Married,<=50K.
32,Govt,Some-college,Married,>50K.
35,Private,Prof-school,Never Married,>50K.
26,Private,HS-grad,Married,<=50K.
39,Private,HS-grad,Never Married,<=50K.
24,Private,Bachelors,Never Married,<=50K.
45,Private,Some-college,Married,>50K.
20,Private,Some-college,Never Married,<=50K.
49,Govt,Bachelors,Married,<=50K.
35,Govt,Masters,Never Married,<=50K.
30,Private,HS-grad,Never Married,<=50K.
23,Private,Some-college,Never Married,<=50K.
33,Private,Bachelors,Married,<=50K.
35,Private,HS-grad,Married,<=50K.
31,Private,Masters,Married,<=50K.
20,Private,11th,Never Married,<=50K.
44,Private,HS-grad,Married,<=50K.
33,Self,HS-grad,Married,<=50K.
50,Private,Some-college,Married,<=50K.
25,Private,HS-grad,Never Married,<=50K.
28,Govt,HS-grad,Married,<=50K.
60,Govt,Bachelors,Married,>50K.
38,Govt,Assoc-voc,Married,<=50K.
38,Private,Some-college,Married,<=50K.
57,Govt,Bachelors,Never Married,<=50K.
50,Private,HS-grad,Married,>50K.
39,Govt,11th,Divorced,<=50K.
69,Govt,HS-grad,Married,<=50K.
51,Govt,Assoc-voc,Divorced,>50K.
42,Private,HS-grad,Married,<=50K.
53,Private,Bachelors,Married,>50K.
37,Private,Bachelors,Married,<=50K.
37,Private,10th,Married,<=50K.
38,Private,HS-grad,Married,>50K.
20,Private,Some-college,Never Married,<=50K.
38,Govt,Some-college,Separated,<=50K.
52,Private,Assoc-voc,Married,>50K.
48,Self,Assoc-voc,Married,>50K.
30,Private,Assoc-voc,Married,>50K.
37,Self,HS-grad,Married,>50K.
47,Private,HS-grad,Married,<=50K.
33,Govt,Bachelors,Divorced,<=50K.
33,Private,HS-grad,Married,<=50K.
20,Private,Some-college,Never Married,<=50K.
41,Govt,Bachelors,Divorced,<=50K.
32,Private,Some-college,Married,>50K.
54,Self,HS-grad,Married,<=50K.
36,Govt,Bachelors,Married,<=50K.
46,Private,Bachelors,Never Married,<=50K.
45,Private,Bachelors,Married,>50K.
18,Private,Some-college,Never Married,<=50K.
62,Private,Some-college,Married,<=50K.
33,Private,HS-grad,Married,<=50K.
42,Private,HS-grad,Divorced,<=50K.
18,Private,Some-college,Never Married,<=50K.
32,Private,Assoc-voc,Divorced,<=50K.
43,Private,7th-8th,Married,<=50K.
20,Private,HS-grad,Never Married,<=50K.
50,Private,Bachelors,Divorced,<=50K.
42,Govt,Doctorate,Married,>50K.
36,Private,HS-grad,Married,<=50K.
22,Private,HS-grad,Never Married,<=50K.
30,Private,HS-grad,Married,<=50K.
33,Self,HS-grad,Never Married,<=50K.
43,Govt,Assoc-acdm,Married,<=50K.
38,Private,Some-college,Married,<=50K.
34,Govt,Bachelors,Never Married,<=50K.
40,Private,Some-college,Separated,<=50K.
40,Private,HS-grad,Married,<=50K.
41,Govt,Prof-school,Married,>50K.
57,Private,Some-college,Married,>50K.
65,Govt,Masters,Married,<=50K.
52,Govt,Some-college,Married,<=50K.
59,Private,Prof-school,Married,>50K.
18,Private,HS-grad,Never Married,<=50K.
48,Private,Assoc-acdm,Married,<=50K.
45,Private,5th-6th,Divorced,<=50K.
24,Private,HS-grad,Married,<=50K.
27,Govt,Assoc-acdm,Never Married,<=50K.
40,Private,Masters,Married,>50K.
44,Govt,Bachelors,Married,<=50K.
24,Private,HS-grad,Never Married,<=50K.
71,Private,Prof-school,Married,<=50K.
17,Private,12th,Never Married,<=50K.
57,Self,Some-college,Married,<=50K.
71,NA,Bachelors,Married,>50K.
37,Private,Doctorate,Married,<=50K.
33,Private,HS-grad,Married,<=50K.
41,Private,HS-grad,Married,<=50K.
25,Private,Bachelors,Never Married,<=50K.
42,Self,HS-grad,Married,<=50K.
18,NA,11th,Never Married,<=50K.
34,Private,HS-grad,Never Married,<=50K.
57,NA,10th,Married,<=50K.
27,Govt,Bachelors,Never Married,<=50K.
46,NA,Bachelors,Divorced,<=50K.
64,NA,11th,Widowed,<=50K.
24,Private,Bachelors,Never Married,<=50K.
23,Private,Bachelors,Never Married,<=50K.
33,Private,Some-college,Married,<=50K.
58,Self,Assoc-voc,Divorced,<=50K.
25,Private,9th,Married,<=50K.
44,Private,Masters,Never Married,<=50K.
53,Govt,HS-grad,Married,>50K.
38,Govt,HS-grad,Married,>50K.
36,Private,Bachelors,Never Married,>50K.
25,Govt,HS-grad,Never Married,<=50K.
54,Govt,Bachelors,Divorced,<=50K.
31,Private,12th,Separated,<=50K.
18,Govt,HS-grad,Never Married,<=50K.
40,Private,HS-grad,Divorced,<=50K.
26,Private,Some-college,Married,<=50K.
68,NA,Doctorate,Married,>50K.
33,Private,Bachelors,Never Married,<=50K.
22,Private,Assoc-acdm,Never Married,<=50K.
50,Govt,Some-college,Married,<=50K.
24,NA,Bachelors,Never Married,<=50K.
44,Private,HS-grad,Divorced,<=50K.
37,Private,HS-grad,Never Married,<=50K.
34,Self,Bachelors,Married,<=50K.
45,Govt,Some-college,Widowed,>50K.
77,NA,Masters,Married,>50K.
25,Private,10th,Married,<=50K.
20,Private,Some-college,Separated,<=50K.
46,Govt,HS-grad,Never Married,<=50K.
26,Private,Assoc-acdm,Never Married,<=50K.
45,Private,1st-4th,Married,<=50K.
70,NA,HS-grad,Widowed,<=50K.
57,Private,HS-grad,Married,>50K.
28,Private,Assoc-voc,Never Married,<=50K.
35,NA,Assoc-acdm,Married,<=50K.
36,Private,Some-college,Married,>50K.
32,Private,HS-grad,Never Married,<=50K.
29,Private,Bachelors,Never Married,>50K.
36,Private,Bachelors,Divorced,<=50K.
19,Private,HS-grad,Never Married,<=50K.
27,Private,Bachelors,Never Married,<=50K.
48,Private,Masters,Married,>50K.
49,Self,Bachelors,Married,<=50K.
55,Private,Masters,Married,>50K.
61,Private,HS-grad,Divorced,<=50K.
42,Govt,Some-college,Married,>50K.
42,Govt,Assoc-acdm,Divorced,<=50K.
30,Govt,Assoc-voc,Married,<=50K.
32,Self,HS-grad,Married,<=50K.
37,Private,Some-college,Married,>50K.
35,Private,Some-college,Married,<=50K.
30,Private,Assoc-voc,Married,<=50K.
30,Private,Prof-school,Married,>50K.
55,Private,Some-college,Married,>50K.
36,Private,Some-college,Married,<=50K.
33,Private,HS-grad,Never Married,<=50K.
56,Govt,Bachelors,Married,>50K.
26,Private,Assoc-voc,Married,<=50K.
37,Private,HS-grad,Married,<=50K.
28,Private,HS-grad,Never Married,<=50K.
38,Private,HS-grad,Married,<=50K.
76,NA,HS-grad,Married,<=50K.
35,NA,Some-college,Never Married,<=50K.
48,Private,Some-college,Widowed,<=50K.
35,Private,Assoc-acdm,Married,<=50K.
39,Govt,Bachelors,Married,<=50K.
64,Private,HS-grad,Married,<=50K.
22,Private,HS-grad,Never Married,<=50K.
45,Govt,Bachelors,Married,>50K.
27,Private,5th-6th,Married,<=50K.
43,Govt,HS-grad,Divorced,>50K.
23,Private,Some-college,Never Married,<=50K.
25,Private,10th,Never Married,<=50K.
39,Private,Masters,Married,>50K.
63,Private,HS-grad,Married,<=50K.
37,Private,Prof-school,Married,>50K.
26,Govt,HS-grad,Married,<=50K.
33,Private,Bachelors,Never Married,<=50K.
45,Self,Bachelors,Married,<=50K.
28,Private,Some-college,Never Married,<=50K.
20,Private,Some-college,Never Married,<=50K.
34,Private,HS-grad,Married,<=50K.
34,Private,Some-college,Married,<=50K.
41,Private,HS-grad,Married,>50K.
38,Private,Some-college,Married,>50K.
36,Private,Bachelors,Married,>50K.
38,Private,Some-college,Married,<=50K.
46,Self,Bachelors,Married,>50K.
43,Self,Bachelors,Married,<=50K.
49,Private,Some-college,Widowed,<=50K.
26,Govt,Bachelors,Never Married,<=50K.
28,Private,HS-grad,Divorced,<=50K.
54,Self,HS-grad,Married,>50K.
53,Private,HS-grad,Never Married,<=50K.
24,Private,Some-college,Never Married,<=50K.
23,Private,Some-college,Never Married,<=50K.
55,Govt,HS-grad,Divorced,<=50K.
58,Self,9th,Separated,<=50K.
26,Private,HS-grad,Never Married,<=50K.
19,Private,10th,Never Married,<=50K.
28,NA,Some-college,Never Married,<=50K.
45,Private,Some-college,Never Married,<=50K.
30,Private,Some-college,Married,>50K.
76,Private,HS-grad,Widowed,<=50K.
47,Private,HS-grad,Separated,<=50K.
34,Private,Some-college,Divorced,<=50K.
40,Private,Some-college,Married,>50K.
24,Private,HS-grad,Separated,<=50K.
30,Private,Bachelors,Married,>50K.
67,Private,Some-college,Married,>50K.
24,Private,HS-grad,Married,<=50K.
43,Govt,Some-college,Divorced,<=50K.
29,Private,12th,Never Married,<=50K.
40,Private,HS-grad,Married,<=50K.
61,Govt,Some-college,Married,<=50K.
45,Govt,Doctorate,Married,>50K.
21,Govt,Some-college,Never Married,<=50K.
58,Private,HS-grad,Married,>50K.
52,Private,Some-college,Married,<=50K.
34,Private,HS-grad,Never Married,<=50K.
20,Private,Some-college,Never Married,<=50K.
25,NA,Some-college,Never Married,<=50K.
46,Private,HS-grad,Married,<=50K.
54,Private,Some-college,Divorced,<=50K.
43,Govt,Masters,Married,>50K.
25,Private,9th,Married,<=50K.
21,Private,Assoc-acdm,Never Married,<=50K.
65,Private,Some-college,Divorced,>50K.
37,Private,HS-grad,Divorced,<=50K.
29,Private,HS-grad,Divorced,>50K.
44,Private,Bachelors,Married,>50K.
37,Govt,Some-college,Married,>50K.
38,Private,Some-college,Married,<=50K.
35,Private,Some-college,Married,<=50K.
32,Private,HS-grad,Married,<=50K.
44,Self,Some-college,Separated,<=50K.
39,NA,Bachelors,Married,<=50K.
23,Private,Some-college,Never Married,<=50K.
25,Self,Bachelors,Never Married,>50K.
23,Private,Some-college,Never Married,<=50K.
47,Private,Some-college,Married,<=50K.
47,Private,11th,Divorced,<=50K.
25,Private,HS-grad,Never Married,<=50K.
35,Private,Some-college,Married,<=50K.
68,NA,7th-8th,Married,<=50K.
50,Private,Assoc-voc,Married,>50K.
47,Private,HS-grad,Divorced,<=50K.
35,Private,Doctorate,Married,>50K.
24,Private,HS-grad,Never Married,<=50K.
21,Private,HS-grad,Never Married,<=50K.
35,Private,Bachelors,Divorced,>50K.
30,Private,Bachelors,Married,<=50K.
17,Private,11th,Never Married,<=50K.
49,NA,HS-grad,Separated,<=50K.
27,Private,5th-6th,Never Married,<=50K.
22,Private,HS-grad,Never Married,<=50K.
22,Govt,Some-college,Never Married,<=50K.
50,Private,HS-grad,Married,<=50K.
51,Self,Assoc-voc,Married,>50K.
27,Private,Bachelors,Married,<=50K.
27,Private,Bachelors,Never Married,<=50K.
23,Unemp,7th-8th,Divorced,<=50K.
20,Govt,HS-grad,Never Married,<=50K.
42,Private,HS-grad,Married,<=50K.
32,Private,HS-grad,Married,>50K.
45,Private,Bachelors,Married,>50K.
35,Private,7th-8th,Widowed,<=50K.
22,Private,HS-grad,Married,<=50K.
34,Private,Some-college,Never Married,<=50K.
28,Private,Bachelors,Never Married,<=50K.
38,Private,Bachelors,Divorced,<=50K.
48,Govt,Some-college,Married,>50K.
22,NA,Some-college,Never Married,<=50K.
34,Private,Masters,Married,<=50K.
25,Private,HS-grad,Married,>50K.
23,Govt,HS-grad,Never Married,<=50K.
38,Private,Some-college,Married,>50K.
43,Private,HS-grad,Never Married,<=50K.
49,Govt,HS-grad,Married,>50K.
23,Private,Some-college,Divorced,<=50K.
57,Private,HS-grad,Divorced,<=50K.
24,Private,Bachelors,Never Married,<=50K.
44,Self,Some-college,Married,>50K.
34,Private,Assoc-acdm,Divorced,<=50K.
29,Govt,Some-college,Married,<=50K.
29,Private,11th,Never Married,<=50K.
35,Private,HS-grad,Married,>50K.
48,Private,HS-grad,Married,<=50K.
38,Private,HS-grad,Never Married,<=50K.
42,Govt,HS-grad,Divorced,<=50K.
53,Private,Some-college,Widowed,<=50K.
29,Private,Prof-school,Never Married,<=50K.
59,Private,Bachelors,Married,<=50K.
31,Private,HS-grad,Never Married,<=50K.
34,Private,HS-grad,Married,<=50K.
51,Private,Bachelors,Divorced,>50K.
25,Private,HS-grad,Never Married,<=50K.
28,NA,HS-grad,Divorced,<=50K.
30,Private,HS-grad,Married,>50K.
46,Private,HS-grad,Divorced,<=50K.
45,Private,HS-grad,Never Married,<=50K.
23,Private,Some-college,Never Married,<=50K.
33,Private,Assoc-acdm,Divorced,<=50K.
44,Private,Bachelors,Married,>50K.
25,Private,HS-grad,Never Married,<=50K.
48,Govt,Some-college,Divorced,<=50K.
23,Private,HS-grad,Never Married,<=50K.
33,Self,Assoc-voc,Married,>50K.
20,Private,Some-college,Married,<=50K.
23,Private,Bachelors,Never Married,<=50K.
71,Private,HS-grad,Widowed,<=50K.
22,Govt,Bachelors,Never Married,<=50K.
36,Private,Bachelors,Married,>50K.
27,Private,11th,Never Married,<=50K.
40,Private,HS-grad,Never Married,<=50K.
30,Private,Some-college,Divorced,<=50K.
30,Govt,Assoc-voc,Married,<=50K.
30,Private,Some-college,Married,<=50K.
35,Private,Bachelors,Married,<=50K.
39,Private,HS-grad,Never Married,<=50K.
39,Govt,HS-grad,Married,<=50K.
74,Private,5th-6th,Married,<=50K.
32,Self,Some-college,Married,>50K.
25,Private,HS-grad,Married,<=50K.
64,Private,Some-college,Divorced,<=50K.
47,Self,HS-grad,Married,>50K.
37,Private,Bachelors,Married,>50K.
47,Private,HS-grad,Married,>50K.
33,Private,HS-grad,Married,>50K.
40,Private,Assoc-voc,Divorced,>50K.
22,Private,HS-grad,Never Married,<=50K.
56,Private,HS-grad,Married,<=50K.
37,Private,HS-grad,Never Married,<=50K.
30,Self,Some-college,Married,<=50K.
20,Private,12th,Never Married,<=50K.
53,Govt,Masters,Married,>50K.
43,Private,Bachelors,Married,>50K.
23,Private,HS-grad,Married,<=50K.
43,Self,HS-grad,Married,<=50K.
30,Private,HS-grad,Never Married,<=50K.
20,Private,Some-college,Never Married,<=50K.
22,Private,Assoc-voc,Never Married,<=50K.
38,Private,Bachelors,Never Married,<=50K.
54,Self,Some-college,Married,<=50K.
23,Private,HS-grad,Never Married,<=50K.
46,Private,HS-grad,Married,<=50K.
59,Private,10th,Married,<=50K.
28,NA,10th,Divorced,<=50K.
18,NA,12th,Never Married,<=50K.
41,Govt,Assoc-voc,Never Married,<=50K.
42,Private,Assoc-voc,Married,<=50K.
58,Private,Some-college,Married,>50K.
24,Private,HS-grad,Married,<=50K.
39,Private,Bachelors,Married,>50K.
28,Private,Bachelors,Never Married,<=50K.
25,Private,Masters,Never Married,<=50K.
29,Private,Some-college,Divorced,<=50K.
53,Private,5th-6th,Married,<=50K.
63,Govt,HS-grad,Married,<=50K.
26,Govt,Assoc-voc,Divorced,<=50K.
21,Private,HS-grad,Never Married,<=50K.
45,Private,Some-college,Married,>50K.
29,Private,Assoc-voc,Never Married,<=50K.
72,Govt,Doctorate,Married,<=50K.
51,Private,10th,Married,<=50K.
21,Private,9th,Married,<=50K.
38,Private,Some-college,Divorced,<=50K.
38,Private,Bachelors,Married,>50K.
46,Private,Masters,Married,<=50K.
31,Self,Bachelors,Divorced,>50K.
68,Govt,10th,Separated,<=50K.
43,NA,HS-grad,Married,<=50K.
21,Private,HS-grad,Never Married,<=50K.
44,Private,Bachelors,Married,<=50K.
56,Govt,Doctorate,Married,>50K.
20,NA,HS-grad,Never Married,<=50K.
36,Private,HS-grad,Married,>50K.
21,Private,HS-grad,Never Married,<=50K.
21,Private,Some-college,Never Married,>50K.
52,Govt,Some-college,Married,<=50K.
56,Self,Doctorate,Married,>50K.
52,Private,Bachelors,Widowed,>50K.
51,Self,Bachelors,Married,<=50K.
29,Private,HS-grad,Divorced,<=50K.
36,Private,Some-college,Never Married,<=50K.
29,Private,HS-grad,Married,<=50K.
21,Private,HS-grad,Never Married,<=50K.
58,Private,1st-4th,Married,<=50K.
37,Private,HS-grad,Never Married,<=50K.
50,Private,Some-college,Divorced,<=50K.
30,Private,HS-grad,Never Married,<=50K.
29,Private,HS-grad,Never Married,<=50K.
48,Self,HS-grad,Married,<=50K.
50,Self,7th-8th,Married,<=50K.
39,Private,Assoc-acdm,Married,>50K.
35,Govt,Prof-school,Married,<=50K.
54,Private,HS-grad,Married,>50K.
24,Private,HS-grad,Married,<=50K.
20,Private,HS-grad,Never Married,<=50K.
30,Self,Some-college,Married,>50K.
19,Self,HS-grad,Never Married,<=50K.
26,Private,HS-grad,Never Married,<=50K.
38,Private,HS-grad,Married,>50K.
25,Private,Some-college,Never Married,<=50K.
33,Private,Some-college,Divorced,<=50K.
60,Govt,Bachelors,Married,>50K.
30,Private,Some-college,Never Married,<=50K.
30,Private,Bachelors,Never Married,<=50K.
19,Private,7th-8th,Never Married,<=50K.
23,Private,HS-grad,Never Married,<=50K.
27,Private,Some-college,Married,>50K.
20,NA,Some-college,Never Married,<=50K.
39,Govt,Assoc-acdm,Married,<=50K.
33,Private,7th-8th,Married,<=50K.
65,Private,HS-grad,Married,<=50K.
34,Private,Bachelors,Married,>50K.
20,Private,HS-grad,Never Married,<=50K.
23,NA,Some-college,Never Married,<=50K.
25,Private,10th,Never Married,<=50K.
28,Private,Bachelors,Never Married,>50K.
31,Private,11th,Never Married,<=50K.
28,Govt,Bachelors,Never Married,<=50K.
37,Private,HS-grad,Divorced,<=50K.
52,Private,Some-college,Married,>50K.
66,Govt,Assoc-voc,Widowed,<=50K.
31,Private,HS-grad,Never Married,<=50K.
37,Private,Bachelors,Married,>50K.
45,Govt,Bachelors,Married,<=50K.
45,Private,Assoc-acdm,Divorced,<=50K.
44,Private,HS-grad,Married,<=50K.
32,Govt,Bachelors,Divorced,<=50K.
35,Private,HS-grad,Married,>50K.
53,Private,11th,Divorced,<=50K.
54,Private,Some-college,Married,>50K.
43,Private,Assoc-voc,Married,<=50K.
30,Private,Some-college,Never Married,<=50K.
49,Private,Some-college,Divorced,<=50K.
52,Private,Doctorate,Married,>50K.
20,Private,Some-college,Never Married,<=50K.
60,Govt,HS-grad,Married,>50K.
45,Private,Assoc-acdm,Divorced,<=50K.
48,Private,Bachelors,Married,>50K.
28,Private,Bachelors,Married,>50K.
61,NA,Prof-school,Married,>50K.
48,Govt,Some-college,Married,<=50K.
32,Private,Some-college,Married,<=50K.
27,Self,HS-grad,Never Married,<=50K.
38,Private,Bachelors,Married,<=50K.
33,Private,5th-6th,Married,<=50K.
43,Private,Masters,Divorced,>50K.
36,Private,HS-grad,Separated,<=50K.
38,Private,11th,Married,<=50K.
24,Govt,HS-grad,Never Married,<=50K.
22,Private,10th,Never Married,<=50K.
30,Private,Bachelors,Never Married,<=50K.
55,NA,Masters,Married,>50K.
46,Self,Prof-school,Married,>50K.
39,Govt,HS-grad,Married,<=50K.
50,Private,HS-grad,Married,<=50K.
34,Private,Assoc-voc,Married,<=50K.
47,Govt,Bachelors,Married,>50K.
46,Private,HS-grad,Married,<=50K.
23,NA,HS-grad,Never Married,<=50K.
43,Private,Some-college,Divorced,<=50K.
45,Private,HS-grad,Divorced,<=50K.
55,Private,Bachelors,Married,<=50K.
68,Private,HS-grad,Married,<=50K.
39,Private,Assoc-voc,Married,<=50K.
39,Private,HS-grad,Divorced,<=50K.
37,Private,Bachelors,Never Married,<=50K.
19,Private,Some-college,Never Married,<=50K.
20,Private,11th,Never Married,<=50K.
49,NA,Assoc-voc,Married,<=50K.
33,Private,Some-college,Married,<=50K.
21,Private,HS-grad,Never Married,<=50K.
72,NA,Bachelors,Married,<=50K.
58,Govt,Masters,Widowed,>50K.
43,Self,HS-grad,Never Married,<=50K.
62,Private,11th,Separated,<=50K.
21,Private,Some-college,Never Married,<=50K.
26,Private,Some-college,Married,<=50K.
27,Private,9th,Married,<=50K.
34,Private,Some-college,Married,>50K.
49,Govt,HS-grad,Divorced,<=50K.
28,Private,HS-grad,Never Married,<=50K.
34,Self,Bachelors,Married,>50K.
29,Private,Some-college,Married,>50K.
58,Private,10th,Married,>50K.
45,Self,HS-grad,Divorced,<=50K.
47,Self,Bachelors,Never Married,<=50K.
53,Private,HS-grad,Married,>50K.
52,Govt,10th,Married,<=50K.
47,Private,11th,Divorced,<=50K.
36,Govt,Bachelors,Married,>50K.
48,Private,Bachelors,Married,>50K.
35,Private,Some-college,Married,>50K.
49,Private,Bachelors,Married,>50K.
43,Private,Some-college,Married,<=50K.
33,Private,Bachelors,Married,>50K.
49,Govt,Assoc-acdm,Married,<=50K.
17,Private,10th,Never Married,<=50K.
28,NA,Some-college,Divorced,<=50K.
25,Private,Bachelors,Never Married,<=50K.
69,NA,9th,Married,<=50K.
41,Self,Assoc-voc,Divorced,<=50K.
31,Private,Bachelors,Married,>50K.
57,Private,Masters,Divorced,>50K.
49,Private,Some-college,Married,>50K.
40,Private,Bachelors,Married,>50K.
55,Private,Assoc-voc,Married,>50K.
47,Private,Some-college,Divorced,<=50K.
50,Private,12th,Divorced,<=50K.
36,Private,Bachelors,Never Married,<=50K.
17,Private,11th,Never Married,<=50K.
30,Govt,HS-grad,Married,>50K.
79,NA,HS-grad,Married,<=50K.
42,Private,HS-grad,Married,>50K.
67,Self,HS-grad,Married,<=50K.
36,Private,HS-grad,Married,>50K.
35,Private,Masters,Married,>50K.
27,Private,Bachelors,Never Married,<=50K.
21,Private,7th-8th,Never Married,<=50K.
46,Private,HS-grad,Married,<=50K.
45,Private,Bachelors,Married,>50K.
20,Private,11th,Never Married,<=50K.
17,Private,11th,Never Married,<=50K.
40,Private,Some-college,Divorced,>50K.
28,Private,Bachelors,Married,>50K.
33,Private,11th,Never Married,<=50K.
55,Private,HS-grad,Divorced,<=50K.
55,Self,Some-college,Married,<=50K.
47,Private,HS-grad,Separated,<=50K.
52,Self,Masters,Married,>50K.
29,Private,Some-college,Never Married,<=50K.
36,Private,5th-6th,Never Married,<=50K.
37,Private,Bachelors,Separated,<=50K.
41,Govt,HS-grad,Never Married,<=50K.
43,Private,Some-college,Married,>50K.
24,Private,7th-8th,Married,<=50K.
39,Govt,Bachelors,Never Married,<=50K.
47,Self,Bachelors,Married,<=50K.
42,Private,HS-grad,Divorced,<=50K.
39,Private,HS-grad,Never Married,>50K.
48,Govt,Bachelors,Divorced,<=50K.
47,Govt,Masters,Married,>50K.
27,Private,10th,Married,<=50K.
29,Private,HS-grad,Married,<=50K.
22,Private,Assoc-voc,Never Married,<=50K.
37,Govt,HS-grad,Separated,<=50K.
38,Private,Bachelors,Married,<=50K.
32,Private,Preschool,Married,<=50K.
48,Govt,Masters,Divorced,<=50K.
46,Self,HS-grad,Married,<=50K.
51,Private,HS-grad,Never Married,<=50K.
28,Self,Bachelors,Married,<=50K.
35,Private,HS-grad,Married,<=50K.
18,Private,11th,Never Married,<=50K.
45,Private,HS-grad,Separated,<=50K.
36,Self,HS-grad,Never Married,<=50K.
73,Private,Some-college,Widowed,<=50K.
52,Private,Bachelors,Married,<=50K.
17,Private,10th,Never Married,<=50K.
29,Govt,Assoc-voc,Married,>50K.
31,Private,HS-grad,Married,>50K.
20,Private,Some-college,Never Married,<=50K.
42,Private,HS-grad,Married,>50K.
37,Private,Some-college,Separated,<=50K.
40,Private,HS-grad,Married,<=50K.
32,Private,Assoc-acdm,Married,>50K.
29,Private,Masters,Married,>50K.
20,Private,Some-college,Never Married,<=50K.
26,Private,11th,Married,>50K.
25,Private,Bachelors,Never Married,<=50K.
37,Private,HS-grad,Married,>50K.
18,NA,12th,Never Married,<=50K.
33,NA,Some-college,Married,<=50K.
26,Private,Some-college,Married,<=50K.
24,Private,HS-grad,Never Married,<=50K.
33,Private,HS-grad,Married,<=50K.
23,Private,HS-grad,Never Married,<=50K.
20,NA,10th,Never Married,<=50K.
36,Private,Some-college,Never Married,<=50K.
37,Private,Bachelors,Widowed,<=50K.
24,Private,Assoc-voc,Never Married,<=50K.
38,Private,Assoc-acdm,Married,>50K.
50,Private,Bachelors,Divorced,<=50K.
44,Private,11th,Married,>50K.
46,Private,HS-grad,Married,>50K.
57,Private,Some-college,Never Married,<=50K.
37,Private,HS-grad,Married,<=50K.
44,Private,HS-grad,Divorced,<=50K.
21,Private,Some-college,Never Married,<=50K.
31,Private,HS-grad,Married,>50K.
32,Private,Assoc-voc,Married,>50K.
45,Private,HS-grad,Married,>50K.
20,Govt,HS-grad,Never Married,<=50K.
52,Private,HS-grad,Separated,<=50K.
47,Self,HS-grad,Married,<=50K.
41,Private,Some-college,Married,<=50K.
40,Private,Some-college,Married,>50K.
41,Govt,Bachelors,Married,>50K.
46,Private,Bachelors,Married,>50K.
49,Private,HS-grad,Married,<=50K.
65,Private,Some-college,Divorced,<=50K.
50,Private,HS-grad,Married,<=50K.
59,Private,HS-grad,Married,>50K.
18,Private,Some-college,Never Married,<=50K.
47,Govt,Masters,Married,>50K.
47,NA,HS-grad,Married,>50K.
45,Private,HS-grad,Married,>50K.
17,Private,11th,Never Married,<=50K.
45,Self,HS-grad,Married,>50K.
73,Private,11th,Married,<=50K.
48,Private,10th,Married,<=50K.
64,NA,HS-grad,Married,<=50K.
38,Govt,Assoc-acdm,Never Married,<=50K.
37,Govt,HS-grad,Married,>50K.
62,Self,HS-grad,Married,>50K.
26,Private,HS-grad,Never Married,<=50K.
46,Self,Masters,Married,>50K.
46,Private,Masters,Married,>50K.
51,Private,HS-grad,Divorced,>50K.
54,Govt,Some-college,Divorced,<=50K.
65,Private,Some-college,Married,<=50K.
29,Private,Assoc-acdm,Married,<=50K.
37,Private,HS-grad,Married,<=50K.
36,Self,Doctorate,Separated,<=50K.
60,Self,HS-grad,Divorced,>50K.
33,Private,Bachelors,Never Married,<=50K.
62,Private,HS-grad,Widowed,<=50K.
20,Private,HS-grad,Never Married,<=50K.
37,Private,HS-grad,Never Married,>50K.
66,Private,Masters,Married,<=50K.
32,NA,Assoc-acdm,Never Married,<=50K.
29,Govt,Some-college,Married,<=50K.
70,Self,Some-college,Married,<=50K.
74,Private,HS-grad,Married,<=50K.
37,Govt,HS-grad,Married,<=50K.
51,Self,HS-grad,Married,<=50K.
50,Private,Some-college,Married,<=50K.
42,Private,HS-grad,Never Married,>50K.
26,Private,Bachelors,Never Married,<=50K.
27,Govt,Some-college,Never Married,>50K.
58,Self,HS-grad,Divorced,<=50K.
30,NA,Some-college,Separated,<=50K.
32,Private,Bachelors,Never Married,<=50K.
66,Self,HS-grad,Married,>50K.
23,Private,Some-college,Never Married,<=50K.
35,Private,HS-grad,Married,<=50K.
50,Private,Bachelors,Married,<=50K.
17,NA,11th,Never Married,<=50K.
35,Private,HS-grad,Divorced,<=50K.
31,Private,HS-grad,Never Married,<=50K.
30,Private,11th,Never Married,<=50K.
84,Self,Some-college,Married,>50K.
35,Self,HS-grad,Never Married,<=50K.
45,Self,Assoc-voc,Married,>50K.
46,Private,HS-grad,Never Married,<=50K.
50,Govt,Some-college,Married,<=50K.
37,Private,11th,Never Married,<=50K.
32,Private,HS-grad,Divorced,<=50K.
53,Self,Bachelors,Married,>50K.
27,Govt,Some-college,Married,>50K.
22,Private,HS-grad,Married,<=50K.
29,Private,Bachelors,Married,<=50K.
35,Private,HS-grad,Married,<=50K.
38,Private,Some-college,Married,<=50K.
29,Private,7th-8th,Married,<=50K.
26,Private,Some-college,Never Married,<=50K.
34,Private,Prof-school,Never Married,<=50K.
31,Private,Assoc-voc,Married,>50K.
30,Private,Some-college,Married,<=50K.
20,Private,Some-college,Never Married,<=50K.
37,Private,Masters,Divorced,<=50K.
32,Private,HS-grad,Married,<=50K.
36,Private,Assoc-acdm,Divorced,<=50K.
54,Private,Masters,Married,>50K.
78,NA,7th-8th,Married,<=50K.
46,Self,Some-college,Divorced,<=50K.
18,Private,HS-grad,Never Married,<=50K.
57,Private,Some-college,Married,<=50K.
37,Private,HS-grad,Married,<=50K.
43,Private,HS-grad,Married,>50K.
45,Private,HS-grad,Never Married,<=50K.
32,Private,Some-college,Divorced,<=50K.
38,Govt,HS-grad,Married,<=50K.
25,Private,Assoc-acdm,Never Married,<=50K.
70,Private,Some-college,Divorced,<=50K.
40,Private,Some-college,Married,>50K.
40,Self,HS-grad,Divorced,<=50K.
20,Private,HS-grad,Never Married,<=50K.
29,Private,HS-grad,Married,>50K.
24,Private,Assoc-voc,Never Married,<=50K.
28,Private,Assoc-voc,Never Married,<=50K.
58,Private,10th,Divorced,<=50K.
38,Private,Bachelors,Divorced,<=50K.
59,Self,Some-college,Widowed,<=50K.
18,Private,11th,Never Married,<=50K.
40,Private,HS-grad,Married,<=50K.
39,Self,Masters,Married,<=50K.
35,Private,Bachelors,Married,>50K.
45,Private,HS-grad,Married,<=50K.
62,NA,Bachelors,Divorced,<=50K.
24,Govt,HS-grad,Never Married,<=50K.
22,Private,Some-college,Never Married,<=50K.
23,Private,Bachelors,Married,<=50K.
39,Self,Some-college,Separated,>50K.
28,Private,Assoc-voc,Never Married,<=50K.
51,Private,11th,Married,>50K.
44,Private,Bachelors,Never Married,<=50K.
73,NA,1st-4th,Married,<=50K.
24,Private,HS-grad,Married,<=50K.
24,Private,11th,Married,<=50K.
52,Private,1st-4th,Married,<=50K.
43,Private,HS-grad,Never Married,<=50K.
67,Self,12th,Married,<=50K.
31,Private,12th,Never Married,<=50K.
36,Private,HS-grad,Married,>50K.
43,Private,Assoc-acdm,Married,<=50K.
31,Private,7th-8th,Divorced,<=50K.
23,Private,Some-college,Never Married,<=50K.
26,Private,Bachelors,Never Married,<=50K.
48,Private,Some-college,Married,<=50K.
40,Private,Some-college,Married,<=50K.
55,Govt,Prof-school,Divorced,<=50K.
49,Private,HS-grad,Married,>50K.
34,Private,Bachelors,Never Married,<=50K.
29,Private,HS-grad,Never Married,<=50K.
50,Private,Bachelors,Divorced,<=50K.
19,Private,Some-college,Never Married,<=50K.
63,Govt,Doctorate,Married,>50K.
66,Private,Bachelors,Married,<=50K.
65,NA,Some-college,Widowed,<=50K.
60,Private,Assoc-voc,Divorced,<=50K.
60,Private,HS-grad,Divorced,<=50K.
19,Private,HS-grad,Never Married,<=50K.
26,Self,HS-grad,Married,<=50K.
75,Self,Some-college,Married,<=50K.
58,Govt,Some-college,Widowed,<=50K.
18,Self,Some-college,Never Married,<=50K.
65,Private,Assoc-acdm,Married,<=50K.
50,Self,HS-grad,Married,>50K.
26,Private,Some-college,Never Married,<=50K.
45,Govt,Masters,Married,>50K.
19,NA,Some-college,Never Married,<=50K.
29,Govt,HS-grad,Married,>50K.
52,Private,Some-college,Married,>50K.
23,Private,Bachelors,Never Married,<=50K.
21,Private,HS-grad,Never Married,<=50K.
48,Govt,HS-grad,Never Married,<=50K.
59,NA,Masters,Married,>50K.
50,Private,Bachelors,Married,>50K.
41,Govt,Bachelors,Never Married,<=50K.
32,Private,HS-grad,Divorced,<=50K.
40,Private,HS-grad,Married,<=50K.
19,Private,HS-grad,Never Married,<=50K.
30,NA,5th-6th,Married,<=50K.
42,Govt,HS-grad,Separated,<=50K.
23,Private,Bachelors,Never Married,<=50K.
37,Self,HS-grad,Divorced,>50K.
21,Private,11th,Never Married,<=50K.
28,Private,Bachelors,Married,>50K.
50,NA,HS-grad,Married,<=50K.
20,Private,Some-college,Never Married,<=50K.
21,Private,11th,Never Married,<=50K.
21,Private,Some-college,Never Married,<=50K.
45,Self,Bachelors,Never Married,<=50K.
49,Self,HS-grad,Married,<=50K.
53,Self,Some-college,Divorced,>50K.
41,Private,HS-grad,Divorced,<=50K.
48,Govt,Bachelors,Married,<=50K.
73,NA,HS-grad,Widowed,<=50K.
34,Private,Some-college,Separated,<=50K.
24,Private,HS-grad,Never Married,<=50K.
58,Govt,HS-grad,Never Married,<=50K.
41,Private,Bachelors,Married,>50K.
53,Private,Preschool,Married,<=50K.
40,Private,HS-grad,Married,<=50K.
28,Self,Some-college,Married,>50K.
32,Private,Some-college,Married,<=50K.
44,Self,Some-college,Never Married,<=50K.
18,Private,11th,Never Married,<=50K.
37,Govt,HS-grad,Separated,<=50K.
43,Private,Assoc-acdm,Never Married,<=50K.
22,Private,HS-grad,Never Married,<=50K.
28,Private,10th,Never Married,<=50K.
51,Private,Some-college,Divorced,<=50K.
63,Private,HS-grad,Divorced,<=50K.
29,Private,Some-college,Married,<=50K.
44,Private,Bachelors,Married,>50K.
44,Private,7th-8th,Separated,<=50K.
37,Govt,Some-college,Married,<=50K.
62,Govt,HS-grad,Married,<=50K.
31,Private,HS-grad,Married,<=50K.
20,Private,HS-grad,Never Married,<=50K.
48,Private,10th,Divorced,<=50K.
24,Self,Some-college,Never Married,<=50K.
56,Govt,Bachelors,Married,<=50K.
36,Govt,Some-college,Married,<=50K.
29,Private,HS-grad,Never Married,<=50K.
34,Private,Prof-school,Never Married,>50K.
39,Private,Some-college,Never Married,<=50K.
29,Private,Some-college,Never Married,<=50K.
38,Self,HS-grad,Married,<=50K.
23,Private,9th,Never Married,<=50K.
37,Private,HS-grad,Married,<=50K.
30,Self,Some-college,Divorced,<=50K.
58,NA,Some-college,Married,<=50K.
42,Private,Assoc-acdm,Married,<=50K.
59,Govt,HS-grad,Widowed,<=50K.
45,Private,HS-grad,Married,>50K.
46,Private,Some-college,Married,<=50K.
25,Private,Masters,Never Married,<=50K.
41,Self,HS-grad,Divorced,<=50K.
49,Private,HS-grad,Married,>50K.
37,Private,Some-college,Married,<=50K.
31,Private,HS-grad,Never Married,<=50K.
22,Private,Assoc-acdm,Married,<=50K.
22,Private,HS-grad,Divorced,<=50K.
17,Private,11th,Never Married,<=50K.
47,Private,Doctorate,Married,>50K.
17,Private,10th,Never Married,<=50K.
39,Private,5th-6th,Married,<=50K.
23,Private,Some-college,Never Married,<=50K.
41,Private,Bachelors,Married,>50K.
36,Govt,Masters,Married,>50K.
52,Private,Bachelors,Married,>50K.
21,Private,HS-grad,Never Married,<=50K.
33,Private,10th,Divorced,<=50K.
17,NA,11th,Never Married,<=50K.
41,Private,HS-grad,Never Married,<=50K.
19,Private,HS-grad,Never Married,<=50K.
38,Govt,HS-grad,Never Married,>50K.
24,Private,Some-college,Never Married,<=50K.
38,Private,Bachelors,Divorced,<=50K.
39,Govt,Bachelors,Married,>50K.
19,Private,Some-college,Never Married,<=50K.
31,NA,Assoc-acdm,Never Married,<=50K.
42,Private,Some-college,Married,<=50K.
36,Private,HS-grad,Never Married,<=50K.
29,Private,Some-college,Married,<=50K.
17,Private,12th,Never Married,<=50K.
47,Govt,Bachelors,Married,>50K.
24,Private,Some-college,Divorced,<=50K.
61,Govt,Some-college,Married,>50K.
40,Self,Some-college,Married,<=50K.
31,NA,9th,Divorced,<=50K.
59,Private,HS-grad,Married,<=50K.
29,Private,Some-college,Divorced,<=50K.
26,Private,HS-grad,Separated,<=50K.
46,Private,HS-grad,Married,>50K.
56,Govt,HS-grad,Married,>50K.
25,Private,Bachelors,Never Married,<=50K.
17,Private,12th,Never Married,<=50K.
29,Private,Assoc-voc,Never Married,<=50K.
23,Private,5th-6th,Never Married,<=50K.
67,Private,HS-grad,Never Married,<=50K.
29,Private,Masters,Never Married,<=50K.
33,Private,Assoc-acdm,Divorced,<=50K.
32,Private,HS-grad,Never Married,<=50K.
34,Private,Some-college,Married,<=50K.
49,Private,HS-grad,Married,<=50K.
54,Self,Some-college,Divorced,<=50K.
39,Private,HS-grad,Divorced,<=50K.
41,Private,Bachelors,Never Married,<=50K.
31,Private,Some-college,Divorced,<=50K.
47,Govt,Doctorate,Married,>50K.
27,Private,HS-grad,Never Married,<=50K.
23,Private,11th,Married,<=50K.
44,Private,7th-8th,Married,>50K.
25,Private,Assoc-acdm,Married,<=50K.
23,Private,Some-college,Never Married,<=50K.
52,Private,HS-grad,Married,>50K.
62,Govt,HS-grad,Widowed,<=50K.
31,Private,Bachelors,Never Married,<=50K.
19,Private,11th,Married,<=50K.
22,NA,Some-college,Never Married,<=50K.
53,Private,Some-college,Married,<=50K.
25,Private,HS-grad,Never Married,<=50K.
45,Private,HS-grad,Never Married,<=50K.
69,Private,9th,Never Married,<=50K.
49,Private,HS-grad,Married,>50K.
42,Private,Bachelors,Married,>50K.
44,Self,HS-grad,Married,>50K.
56,Govt,Some-college,Married,>50K.
37,Govt,HS-grad,Married,>50K.
37,Private,Bachelors,Married,>50K.
22,Private,Some-college,Never Married,<=50K.
34,Govt,Bachelors,Married,>50K.
36,Private,HS-grad,Never Married,<=50K.
54,NA,HS-grad,Divorced,<=50K.
28,Govt,Some-college,Married,<=50K.
28,Private,Bachelors,Married,<=50K.
36,Private,10th,Never Married,<=50K.
73,Govt,5th-6th,Married,<=50K.
37,Self,HS-grad,Married,<=50K.
24,Private,Bachelors,Never Married,<=50K.
30,Govt,HS-grad,Married,<=50K.
38,Private,Assoc-voc,Married,<=50K.
50,Private,Some-college,Married,>50K.
69,NA,HS-grad,Married,>50K.
43,Private,Prof-school,Married,>50K.
42,Private,HS-grad,Married,<=50K.
54,Govt,Some-college,Divorced,<=50K.
27,Govt,Assoc-acdm,Never Married,<=50K.
39,Private,Some-college,Divorced,<=50K.
27,Private,Some-college,Never Married,<=50K.
30,Private,HS-grad,Married,<=50K.
30,Private,HS-grad,Married,<=50K.
37,Private,Some-college,Married,<=50K.
50,Govt,Bachelors,Divorced,>50K.
36,Private,Some-college,Divorced,<=50K.
22,Private,Some-college,Never Married,<=50K.
21,Private,Some-college,Never Married,<=50K.
33,Private,Bachelors,Married,<=50K.
76,Private,7th-8th,Widowed,<=50K.
22,NA,Some-college,Never Married,<=50K.
37,Private,Bachelors,Married,<=50K.
34,Private,Some-college,Married,<=50K.
29,Private,HS-grad,Married,<=50K.
29,Private,HS-grad,Married,<=50K.
28,Private,Bachelors,Married,<=50K.
73,Self,Some-college,Married,<=50K.
43,Private,Some-college,Divorced,<=50K.
39,Private,Some-college,Married,<=50K.
74,Private,10th,Widowed,<=50K.
27,Govt,Bachelors,Never Married,<=50K.
47,Private,HS-grad,Married,<=50K.
90,Private,HS-grad,Never Married,<=50K.
47,Private,Bachelors,Married,>50K.
42,Private,Bachelors,Married,>50K.
69,Private,Bachelors,Divorced,<=50K.
18,NA,12th,Never Married,<=50K.
23,Private,Bachelors,Never Married,<=50K.
44,Govt,HS-grad,Married,<=50K.
41,Private,HS-grad,Married,<=50K.
47,Govt,Some-college,Never Married,<=50K.
43,Private,Bachelors,Married,>50K.
33,Private,Some-college,Never Married,<=50K.
48,Private,11th,Never Married,<=50K.
39,Private,Bachelors,Divorced,<=50K.
43,Private,Masters,Divorced,>50K.
18,NA,Some-college,Never Married,<=50K.
52,Private,HS-grad,Widowed,<=50K.
18,Private,HS-grad,Never Married,<=50K.
27,Self,HS-grad,Never Married,<=50K.
27,Self,Bachelors,Married,>50K.
45,Govt,HS-grad,Never Married,<=50K.
79,NA,Prof-school,Married,<=50K.
24,Private,Assoc-voc,Married,<=50K.
25,Private,Some-college,Married,<=50K.
42,Self,10th,Widowed,<=50K.
63,Self,7th-8th,Married,<=50K.
40,Private,HS-grad,Married,>50K.
47,Private,Prof-school,Married,>50K.
42,Private,HS-grad,Married,>50K.
42,Private,Some-college,Divorced,<=50K.
63,Govt,Bachelors,Married,>50K.
37,Govt,Bachelors,Divorced,<=50K.
65,Private,HS-grad,Married,<=50K.
30,NA,10th,Divorced,<=50K.
62,Private,Bachelors,Married,>50K.
46,Private,HS-grad,Divorced,<=50K.
23,Private,HS-grad,Never Married,<=50K.
47,Govt,Bachelors,Married,<=50K.
20,Private,Some-college,Never Married,<=50K.
21,NA,HS-grad,Never Married,<=50K.
28,Private,HS-grad,Never Married,<=50K.
61,Govt,HS-grad,Married,<=50K.
30,Govt,HS-grad,Married,<=50K.
30,Govt,Bachelors,Married,>50K.
29,Private,Bachelors,Never Married,>50K.
39,Private,HS-grad,Widowed,<=50K.
23,Private,11th,Divorced,<=50K.
32,Private,11th,Never Married,<=50K.
63,Private,HS-grad,Widowed,<=50K.
19,Self,Some-college,Never Married,<=50K.
57,Govt,Doctorate,Divorced,>50K.
41,Private,Bachelors,Married,>50K.
23,Private,Assoc-voc,Never Married,<=50K.
30,Private,Doctorate,Never Married,<=50K.
43,Self,Assoc-acdm,Married,<=50K.
64,Self,7th-8th,Married,<=50K.
56,Private,5th-6th,Separated,<=50K.
32,Private,HS-grad,Married,<=50K.
55,Private,HS-grad,Married,<=50K.
17,Private,11th,Never Married,<=50K.
17,Private,10th,Never Married,<=50K.
29,Private,Some-college,Married,<=50K.
23,NA,HS-grad,Separated,<=50K.
37,Private,HS-grad,Divorced,<=50K.
39,Private,HS-grad,Divorced,<=50K.
36,Private,Bachelors,Married,>50K.
50,Private,Bachelors,Divorced,>50K.
41,NA,Assoc-voc,Married,>50K.
31,Private,Some-college,Never Married,<=50K.
71,NA,HS-grad,Married,<=50K.
56,Private,Some-college,Widowed,<=50K.
51,Private,Some-college,Married,>50K.
20,Private,Some-college,Separated,<=50K.
53,Private,Bachelors,Divorced,>50K.
33,Govt,Masters,Never Married,<=50K.
27,Private,Some-college,Married,<=50K.
40,Private,Some-college,Married,>50K.
45,Private,Some-college,Divorced,<=50K.
54,Private,Assoc-voc,Married,<=50K.
33,Self,HS-grad,Separated,<=50K.
27,NA,HS-grad,Separated,<=50K.
36,Private,10th,Never Married,<=50K.
42,Govt,Masters,Married,>50K.
33,Private,Some-college,Never Married,<=50K.
19,Private,Some-college,Never Married,<=50K.
52,Govt,Bachelors,Married,>50K.
41,Govt,Masters,Married,>50K.
30,Private,Some-college,Married,<=50K.
22,Private,Some-college,Never Married,<=50K.
47,Private,Bachelors,Married,>50K.
26,Private,5th-6th,Never Married,<=50K.
36,Private,11th,Separated,<=50K.
35,Private,HS-grad,Separated,<=50K.
46,Private,Some-college,Married,>50K.
24,Private,Bachelors,Never Married,<=50K.
30,Private,Assoc-voc,Married,>50K.
38,Private,HS-grad,Divorced,<=50K.
50,Private,HS-grad,Divorced,<=50K.
41,Govt,Some-college,Divorced,<=50K.
38,Private,HS-grad,Married,>50K.
36,Private,Bachelors,Never Married,<=50K.
47,Private,HS-grad,Married,>50K.
59,Private,Some-college,Married,>50K.
35,NA,Bachelors,Divorced,<=50K.
59,Private,Doctorate,Married,>50K.
52,Private,Some-college,Married,>50K.
37,Self,Assoc-voc,Married,>50K.
52,Private,Bachelors,Married,<=50K.
51,Private,Assoc-acdm,Married,>50K.
67,Self,Bachelors,Married,<=50K.
58,NA,11th,Divorced,<=50K.
68,Private,10th,Widowed,<=50K.
71,Private,9th,Divorced,<=50K.
49,Govt,Masters,Married,<=50K.
35,Govt,HS-grad,Married,<=50K.
18,Private,HS-grad,Never Married,<=50K.
29,Private,10th,Married,<=50K.
47,Self,Bachelors,Married,<=50K.
31,Private,9th,Never Married,<=50K.
22,Govt,Some-college,Never Married,<=50K.
20,Private,Some-college,Never Married,<=50K.
57,Private,HS-grad,Divorced,<=50K.
18,Private,Some-college,Never Married,<=50K.
32,Private,HS-grad,Married,<=50K.
39,Private,HS-grad,Divorced,<=50K.
37,Private,Bachelors,Divorced,<=50K.
51,Private,HS-grad,Married,<=50K.
48,Private,Some-college,Married,>50K.
39,Private,HS-grad,Married,>50K.
35,Private,Bachelors,Married,<=50K.
40,Private,5th-6th,Married,<=50K.
19,Private,HS-grad,Never Married,<=50K.
28,Private,HS-grad,Divorced,<=50K.
23,Private,Some-college,Never Married,<=50K.
18,Private,Some-college,Never Married,<=50K.
23,Govt,Bachelors,Never Married,<=50K.
47,Govt,11th,Married,<=50K.
42,Govt,Bachelors,Divorced,<=50K.
25,Private,Some-college,Never Married,<=50K.
17,Private,10th,Never Married,<=50K.
34,Private,Bachelors,Never Married,<=50K.
30,Self,Masters,Married,>50K.
29,Private,Assoc-acdm,Never Married,<=50K.
22,Private,Some-college,Married,<=50K.
46,Govt,HS-grad,Never Married,<=50K.
69,Private,HS-grad,Married,<=50K.
50,Private,HS-grad,Married,>50K.
19,NA,Some-college,Never Married,<=50K.
59,Private,HS-grad,Married,<=50K.
45,Govt,Some-college,Married,>50K.
41,Govt,Masters,Never Married,<=50K.
47,Govt,Bachelors,Divorced,<=50K.
64,Private,11th,Widowed,<=50K.
29,Private,Some-college,Married,<=50K.
29,Private,Prof-school,Divorced,<=50K.
17,Private,11th,Never Married,<=50K.
24,Private,HS-grad,Never Married,<=50K.
28,Private,HS-grad,Married,<=50K.
35,Private,HS-grad,Never Married,<=50K.
48,Private,Bachelors,Married,<=50K.
36,Private,Assoc-voc,Never Married,<=50K.
38,Private,Assoc-voc,Never Married,<=50K.
49,Private,HS-grad,Divorced,<=50K.
42,Private,Masters,Married,>50K.
36,Self,Assoc-voc,Married,<=50K.
25,Private,10th,Never Married,<=50K.
41,Private,Masters,Married,<=50K.
35,Self,HS-grad,Married,<=50K.
32,Private,Assoc-voc,Divorced,<=50K.
41,Self,Masters,Married,>50K.
48,Private,Some-college,Married,<=50K.
56,Private,HS-grad,Married,<=50K.
47,Self,Some-college,Married,<=50K.
30,Govt,HS-grad,Never Married,<=50K.
51,Private,11th,Married,>50K.
22,Self,Bachelors,Never Married,<=50K.
49,Self,Bachelors,Married,>50K.
67,NA,HS-grad,Widowed,<=50K.
26,Private,HS-grad,Married,<=50K.
35,Private,Bachelors,Married,<=50K.
37,NA,9th,Divorced,<=50K.
34,Private,Some-college,Never Married,<=50K.
51,Govt,HS-grad,Married,<=50K.
26,Private,Bachelors,Married,<=50K.
28,Govt,Some-college,Never Married,<=50K.
32,Private,7th-8th,Married,<=50K.
55,Private,11th,Separated,<=50K.
17,Private,11th,Never Married,<=50K.
40,Private,Some-college,Separated,<=50K.
38,Private,Bachelors,Divorced,<=50K.
67,Self,HS-grad,Widowed,>50K.
44,Private,HS-grad,Divorced,<=50K.
26,Private,Some-college,Married,>50K.
25,Private,HS-grad,Divorced,<=50K.
45,Private,HS-grad,Divorced,<=50K.
38,Private,HS-grad,Married,>50K.
62,Private,Some-college,Married,<=50K.
20,Private,HS-grad,Never Married,<=50K.
45,Govt,Some-college,Married,<=50K.
47,Self,Masters,Married,>50K.
49,Private,Bachelors,Divorced,<=50K.
36,Private,HS-grad,Married,>50K.
24,NA,HS-grad,Divorced,<=50K.
29,Private,HS-grad,Separated,<=50K.
23,Private,11th,Never Married,<=50K.
50,Private,HS-grad,Married,<=50K.
44,Private,Bachelors,Married,>50K.
44,Private,Bachelors,Married,>50K.
32,Private,HS-grad,Married,<=50K.
73,Private,HS-grad,Married,<=50K.
24,Private,Masters,Never Married,<=50K.
46,Govt,HS-grad,Married,<=50K.
61,Self,Some-college,Married,>50K.
37,Govt,Masters,Never Married,<=50K.
29,Private,Assoc-voc,Married,>50K.
40,Private,Assoc-acdm,Married,>50K.
17,Private,11th,Never Married,<=50K.
30,Private,HS-grad,Divorced,<=50K.
19,Private,HS-grad,Never Married,<=50K.
30,Private,Doctorate,Never Married,<=50K.
90,NA,HS-grad,Widowed,<=50K.
76,NA,5th-6th,Widowed,<=50K.
47,Private,HS-grad,Divorced,<=50K.
65,NA,Preschool,Married,<=50K.
25,Private,Some-college,Never Married,<=50K.
41,Private,Bachelors,Divorced,<=50K.
47,Private,HS-grad,Married,<=50K.
27,Govt,Assoc-acdm,Never Married,<=50K.
42,Govt,HS-grad,Married,<=50K.
49,Private,HS-grad,Divorced,<=50K.
37,Private,Bachelors,Married,>50K.
19,Govt,Some-college,Never Married,<=50K.
24,Private,HS-grad,Married,<=50K.
34,Govt,Prof-school,Married,>50K.
33,Private,Bachelors,Never Married,<=50K.
44,Self,Some-college,Divorced,<=50K.
37,Govt,Bachelors,Married,>50K.
45,Private,HS-grad,Never Married,<=50K.
35,Private,Bachelors,Never Married,<=50K.
58,Self,HS-grad,Married,<=50K.
45,Private,Some-college,Divorced,<=50K.
54,Private,Some-college,Married,>50K.
45,Private,Masters,Married,>50K.
69,Private,Some-college,Married,>50K.
24,Private,HS-grad,Never Married,<=50K.
36,Private,HS-grad,Married,<=50K.
61,Govt,10th,Never Married,<=50K.
57,Self,Bachelors,Married,>50K.
56,Private,HS-grad,Divorced,<=50K.
35,Private,Masters,Married,>50K.
51,Govt,Bachelors,Married,>50K.
50,Private,11th,Never Married,<=50K.
25,Private,Some-college,Never Married,<=50K.
46,Private,Masters,Married,>50K.
23,Private,Bachelors,Never Married,<=50K.
44,Private,HS-grad,Married,<=50K.
38,Govt,HS-grad,Divorced,<=50K.
35,NA,HS-grad,Never Married,<=50K.
25,Private,Some-college,Never Married,<=50K.
78,NA,HS-grad,Widowed,<=50K.
18,Private,10th,Never Married,<=50K.
40,Private,HS-grad,Married,<=50K.
61,NA,HS-grad,Married,<=50K.
31,Govt,12th,Married,<=50K.
33,Private,HS-grad,Married,<=50K.
35,Private,Assoc-voc,Divorced,<=50K.
55,Govt,Masters,Married,>50K.
19,Private,HS-grad,Never Married,<=50K.
31,Private,Some-college,Married,<=50K.
43,Govt,Masters,Married,>50K.
49,Govt,Masters,Married,>50K.
48,Govt,Prof-school,Married,>50K.
27,Private,HS-grad,Never Married,<=50K.
38,Govt,Masters,Married,>50K.
35,Private,HS-grad,Married,>50K.
29,Private,HS-grad,Never Married,<=50K.
27,Private,Bachelors,Never Married,<=50K.
31,Private,9th,Married,<=50K.
26,Private,Bachelors,Married,<=50K.
53,Self,HS-grad,Married,<=50K.
23,Private,HS-grad,Never Married,<=50K.
32,Govt,HS-grad,Separated,<=50K.
54,NA,HS-grad,Widowed,<=50K.
36,Private,Bachelors,Divorced,<=50K.
22,Private,HS-grad,Never Married,<=50K.
62,Private,Some-college,Married,<=50K.
41,Private,HS-grad,Married,>50K.
59,Self,Bachelors,Married,>50K.
43,Private,HS-grad,Married,>50K.
34,Self,HS-grad,Married,>50K.
27,Private,Some-college,Never Married,<=50K.
35,Private,Some-college,Married,<=50K.
41,Govt,HS-grad,Married,<=50K.
42,Private,Bachelors,Never Married,<=50K.
24,Private,Some-college,Divorced,<=50K.
35,Private,HS-grad,Never Married,<=50K.
40,Govt,Some-college,Married,>50K.
46,Private,7th-8th,Married,<=50K.
45,Private,Some-college,Married,>50K.
33,Private,HS-grad,Never Married,<=50K.
68,Private,HS-grad,Widowed,<=50K.
33,Private,Bachelors,Separated,<=50K.
23,Private,Some-college,Married,<=50K.
42,Self,Bachelors,Married,>50K.
30,Private,Some-college,Never Married,>50K.
35,Govt,Some-college,Divorced,<=50K.
40,Private,HS-grad,Divorced,<=50K.
36,Govt,Masters,Divorced,<=50K.
46,Self,9th,Married,<=50K.
49,Govt,HS-grad,Married,<=50K.
41,Private,HS-grad,Married,<=50K.
26,Private,Masters,Never Married,<=50K.
37,Private,HS-grad,Divorced,<=50K.
50,Govt,Some-college,Married,>50K.
20,Private,Some-college,Never Married,<=50K.
59,Govt,Doctorate,Divorced,>50K.
30,Private,Some-college,Married,<=50K.
23,Private,HS-grad,Married,<=50K.
44,Govt,Bachelors,Married,>50K.
28,Private,Bachelors,Never Married,<=50K.
48,Private,Some-college,Never Married,>50K.
34,Private,HS-grad,Separated,<=50K.
58,Private,Bachelors,Never Married,<=50K.
33,Govt,Some-college,Married,<=50K.
38,Private,Bachelors,Married,<=50K.
49,Govt,Bachelors,Married,>50K.
67,Self,1st-4th,Widowed,<=50K.
23,Private,10th,Never Married,<=50K.
42,Private,Some-college,Married,>50K.
54,Private,HS-grad,Married,<=50K.
49,Private,Masters,Married,>50K.
35,Private,Masters,Married,>50K.
26,Private,HS-grad,Never Married,<=50K.
31,Private,HS-grad,Never Married,<=50K.
36,Private,HS-grad,Married,<=50K.
25,Private,10th,Married,<=50K.
35,Govt,Masters,Never Married,>50K.
40,Govt,Masters,Married,<=50K.
52,Private,Assoc-acdm,Separated,<=50K.
42,Govt,Bachelors,Married,>50K.
25,NA,12th,Separated,<=50K.
50,Self,Masters,Married,>50K.
52,Private,Some-college,Married,>50K.
51,Govt,Masters,Married,<=50K.
19,Private,Some-college,Never Married,<=50K.
43,Private,Assoc-voc,Married,>50K.
57,Private,12th,Married,>50K.
35,Private,HS-grad,Divorced,<=50K.
30,Private,Bachelors,Never Married,<=50K.
38,Private,HS-grad,Married,<=50K.
45,Govt,Some-college,Divorced,<=50K.
23,Private,HS-grad,Never Married,<=50K.
22,Private,Some-college,Separated,<=50K.
21,NA,HS-grad,Never Married,<=50K.
60,Private,Some-college,Married,<=50K.
45,Private,Bachelors,Divorced,>50K.
26,Private,HS-grad,Never Married,<=50K.
49,Govt,10th,Married,<=50K.
29,Private,Some-college,Divorced,<=50K.
47,Private,Some-college,Married,>50K.
40,Private,HS-grad,Married,<=50K.
34,Private,HS-grad,Separated,<=50K.
42,Private,Masters,Married,<=50K.
33,Private,1st-4th,Married,<=50K.
63,Self,HS-grad,Married,<=50K.
53,Private,HS-grad,Married,<=50K.
38,Private,Assoc-voc,Married,>50K.
44,Private,Some-college,Married,>50K.
43,Private,10th,Married,<=50K.
26,Private,Masters,Never Married,<=50K.
56,Private,HS-grad,Married,<=50K.
39,Private,Assoc-voc,Divorced,<=50K.
44,Private,7th-8th,Divorced,<=50K.
34,Private,HS-grad,Separated,>50K.
40,Private,Assoc-acdm,Never Married,<=50K.
38,Govt,Some-college,Married,<=50K.
44,Private,Some-college,Divorced,<=50K.
34,Govt,Some-college,Divorced,<=50K.
22,Private,Bachelors,Never Married,<=50K.
58,Self,Some-college,Widowed,>50K.
43,Private,Some-college,Divorced,<=50K.
23,Private,HS-grad,Never Married,<=50K.
41,Private,Some-college,Separated,<=50K.
44,Private,Some-college,Never Married,<=50K.
32,Private,HS-grad,Married,<=50K.
38,Govt,Assoc-acdm,Married,>50K.
47,Private,Some-college,Married,>50K.
24,Private,HS-grad,Never Married,<=50K.
39,Private,Masters,Married,<=50K.
32,Private,12th,Divorced,<=50K.
40,Private,HS-grad,Married,<=50K.
34,Private,HS-grad,Divorced,<=50K.
34,Private,HS-grad,Never Married,<=50K.
57,Private,Masters,Married,>50K.
71,Private,5th-6th,Married,<=50K.
45,Govt,Masters,Never Married,>50K.
54,Private,HS-grad,Divorced,<=50K.
26,Private,Assoc-voc,Never Married,<=50K.
37,Private,Some-college,Married,>50K.
28,Self,Some-college,Married,<=50K.
42,Private,Bachelors,Divorced,<=50K.
45,Private,HS-grad,Married,<=50K.
37,Private,HS-grad,Married,<=50K.
57,Private,HS-grad,Married,<=50K.
39,Private,Bachelors,Married,<=50K.
45,Govt,Some-college,Married,>50K.
30,Private,Assoc-voc,Divorced,<=50K.
27,Private,HS-grad,Married,>50K.
44,Private,Doctorate,Married,>50K.
44,Govt,Doctorate,Married,>50K.
38,Private,HS-grad,Married,>50K.
19,Private,HS-grad,Never Married,<=50K.
39,Private,Some-college,Divorced,<=50K.
55,Self,10th,Widowed,<=50K.
17,Private,10th,Never Married,<=50K.
43,Private,Some-college,Divorced,<=50K.
36,Govt,HS-grad,Married,<=50K.
45,Private,Bachelors,Married,<=50K.
44,Private,Masters,Married,>50K.
26,Private,Some-college,Married,>50K.
32,Private,Assoc-acdm,Married,>50K.
21,Private,HS-grad,Never Married,<=50K.
43,Govt,Bachelors,Married,<=50K.
34,Private,HS-grad,Married,<=50K.
33,Govt,Bachelors,Never Married,<=50K.
40,Self,HS-grad,Never Married,<=50K.
46,Private,5th-6th,Never Married,<=50K.
20,NA,HS-grad,Never Married,<=50K.
54,Govt,HS-grad,Widowed,<=50K.
23,Private,Some-college,Never Married,<=50K.
58,Self,HS-grad,Married,<=50K.
25,Private,Some-college,Married,<=50K.
50,Govt,Masters,Married,>50K.
42,Self,HS-grad,Married,<=50K.
25,Private,HS-grad,Never Married,<=50K.
60,Private,11th,Married,<=50K.
43,Govt,HS-grad,Never Married,<=50K.
25,Private,Bachelors,Never Married,<=50K.
31,Private,HS-grad,Married,<=50K.
35,Private,HS-grad,Divorced,<=50K.
48,Private,Some-college,Divorced,<=50K.
43,Self,HS-grad,Married,>50K.
27,Private,HS-grad,Divorced,<=50K.
24,Private,HS-grad,Never Married,<=50K.
44,Self,HS-grad,Married,>50K.
52,Self,HS-grad,Married,<=50K.
49,Private,Some-college,Married,>50K.
31,Private,HS-grad,Never Married,<=50K.
59,Private,11th,Divorced,<=50K.
27,Private,Bachelors,Married,<=50K.
38,Self,Masters,Never Married,>50K.
51,Govt,Bachelors,Married,>50K.
24,Private,HS-grad,Never Married,<=50K.
58,Self,Bachelors,Married,>50K.
46,Private,Some-college,Divorced,<=50K.
55,Private,5th-6th,Widowed,<=50K.
76,Private,HS-grad,Divorced,<=50K.
25,Private,Some-college,Divorced,<=50K.
51,Private,Some-college,Married,>50K.
33,Private,HS-grad,Married,<=50K.
46,Private,HS-grad,Married,<=50K.
51,Private,Some-college,Married,<=50K.
42,Govt,Assoc-voc,Widowed,<=50K.
53,Private,Bachelors,Never Married,>50K.
33,Govt,Masters,Married,>50K.
30,Private,Bachelors,Married,>50K.
41,Govt,Some-college,Divorced,<=50K.
42,Govt,Assoc-acdm,Divorced,<=50K.
34,Private,HS-grad,Married,>50K.
31,Private,Assoc-voc,Never Married,<=50K.
46,Private,Some-college,Married,>50K.
35,Private,1st-4th,Married,<=50K.
40,Private,HS-grad,Never Married,<=50K.
46,Govt,Some-college,Married,>50K.
43,Govt,Masters,Married,>50K.
35,Private,HS-grad,Married,<=50K.
23,Private,Bachelors,Never Married,<=50K.
50,Self,HS-grad,Married,<=50K.
43,Private,HS-grad,Divorced,<=50K.
61,Private,HS-grad,Married,>50K.
29,Private,Prof-school,Never Married,<=50K.
21,Private,HS-grad,Never Married,<=50K.
36,Govt,Bachelors,Married,<=50K.
40,Private,HS-grad,Never Married,<=50K.
23,Private,Bachelors,Never Married,<=50K.
90,Private,Bachelors,Never Married,<=50K.
24,Private,Bachelors,Never Married,<=50K.
20,Private,Some-college,Never Married,<=50K.
40,Govt,Masters,Married,>50K.
37,Self,Assoc-voc,Married,<=50K.
31,Private,HS-grad,Never Married,<=50K.
22,Private,HS-grad,Never Married,<=50K.
25,Private,Some-college,Married,<=50K.
46,Private,12th,Married,>50K.
47,Govt,Masters,Married,>50K.
48,Govt,Assoc-voc,Married,<=50K.
36,NA,Masters,Married,<=50K.
26,NA,Bachelors,Never Married,<=50K.
28,Private,9th,Married,<=50K.
20,Govt,Some-college,Never Married,<=50K.
51,Private,Some-college,Divorced,<=50K.
32,Govt,HS-grad,Married,>50K.
55,Private,10th,Married,<=50K.
41,Govt,Bachelors,Divorced,<=50K.
46,Private,Masters,Married,>50K.
45,Self,HS-grad,Married,>50K.
65,Govt,HS-grad,Married,<=50K.
45,Private,Doctorate,Married,>50K.
22,Private,Some-college,Never Married,<=50K.
22,NA,Some-college,Never Married,<=50K.
42,Self,Prof-school,Married,>50K.
37,Private,Bachelors,Married,>50K.
24,Private,Bachelors,Married,<=50K.
67,Private,Some-college,Divorced,<=50K.
28,Private,HS-grad,Married,<=50K.
56,Private,10th,Married,>50K.
31,Govt,Assoc-voc,Married,<=50K.
33,Private,Some-college,Separated,<=50K.
52,NA,7th-8th,Married,<=50K.
45,Private,Some-college,Married,>50K.
53,Private,Bachelors,Married,>50K.
47,Private,7th-8th,Married,<=50K.
40,Private,HS-grad,Divorced,<=50K.
35,Private,Some-college,Never Married,<=50K.
65,Self,7th-8th,Married,<=50K.
42,Private,Some-college,Married,<=50K.
23,Govt,Bachelors,Never Married,<=50K.
39,Private,Some-college,Divorced,<=50K.
39,Private,HS-grad,Married,<=50K.
37,Private,HS-grad,Married,<=50K.
25,Private,Assoc-voc,Never Married,<=50K.
31,Self,HS-grad,Never Married,<=50K.
39,Private,HS-grad,Divorced,<=50K.
39,Private,Bachelors,Married,>50K.
25,Private,Bachelors,Never Married,<=50K.
30,Private,11th,Married,<=50K.
37,Private,9th,Married,<=50K.
22,Private,HS-grad,Never Married,<=50K.
46,Govt,Masters,Married,>50K.
54,Private,Bachelors,Divorced,<=50K.
33,Private,Assoc-acdm,Never Married,<=50K.
70,Govt,Bachelors,Never Married,<=50K.
36,Private,Some-college,Divorced,<=50K.
53,Govt,Masters,Divorced,<=50K.
55,Govt,HS-grad,Divorced,<=50K.
17,Private,11th,Never Married,<=50K.
36,Private,Some-college,Divorced,<=50K.
36,Self,Prof-school,Never Married,>50K.
40,Govt,HS-grad,Married,<=50K.
36,Private,HS-grad,Married,>50K.
28,Private,HS-grad,Married,<=50K.
39,Private,Masters,Married,>50K.
49,Private,5th-6th,Never Married,<=50K.
63,Self,HS-grad,Married,<=50K.
61,Private,Some-college,Married,<=50K.
48,Self,HS-grad,Married,>50K.
55,Private,HS-grad,Married,<=50K.
18,NA,Some-college,Never Married,<=50K.
20,Private,HS-grad,Married,<=50K.
49,Private,HS-grad,Married,<=50K.
27,Govt,HS-grad,Married,<=50K.
37,Private,10th,Divorced,<=50K.
32,Govt,HS-grad,Married,<=50K.
33,Self,Doctorate,Married,<=50K.
47,Private,Assoc-voc,Married,<=50K.
34,Private,HS-grad,Married,<=50K.
61,Private,HS-grad,Divorced,<=50K.
25,Private,HS-grad,Never Married,<=50K.
26,Private,Assoc-acdm,Never Married,<=50K.
18,Private,HS-grad,Never Married,<=50K.
35,Private,HS-grad,Married,<=50K.
36,Private,HS-grad,Divorced,<=50K.
56,Private,HS-grad,Married,>50K.
40,Govt,Assoc-voc,Never Married,<=50K.
24,Private,12th,Never Married,<=50K.
66,Private,HS-grad,Widowed,>50K.
42,Private,HS-grad,Married,<=50K.
28,Private,HS-grad,Never Married,<=50K.
39,Govt,Some-college,Divorced,<=50K.
65,Self,Assoc-voc,Married,<=50K.
20,Private,Some-college,Never Married,<=50K.
52,Private,HS-grad,Married,>50K.
24,NA,Some-college,Never Married,>50K.
39,Private,Some-college,Divorced,<=50K.
18,Private,HS-grad,Never Married,<=50K.
49,Private,7th-8th,Married,<=50K.
21,Private,Some-college,Never Married,<=50K.
35,NA,HS-grad,Married,<=50K.
38,Private,HS-grad,Married,>50K.
55,Private,HS-grad,Married,<=50K.
27,Private,10th,Married,<=50K.
34,Private,HS-grad,Separated,<=50K.
54,Govt,Some-college,Never Married,<=50K.
38,Private,HS-grad,Never Married,<=50K.
32,Private,HS-grad,Divorced,<=50K.
33,Govt,Some-college,Separated,<=50K.
32,Govt,Assoc-acdm,Married,<=50K.
34,Private,Masters,Married,<=50K.
46,Private,Bachelors,Married,>50K.
48,Private,Masters,Married,>50K.
23,Private,Some-college,Never Married,<=50K.
48,Govt,7th-8th,Married,<=50K.
67,Private,HS-grad,Married,>50K.
36,Private,Prof-school,Married,>50K.
25,Private,Bachelors,Never Married,<=50K.
43,Private,Some-college,Married,<=50K.
27,Govt,Assoc-acdm,Never Married,<=50K.
56,Private,1st-4th,Separated,<=50K.
54,Self,Some-college,Married,<=50K.
39,Private,HS-grad,Married,>50K.
60,Self,HS-grad,Married,<=50K.
27,Private,Some-college,Never Married,<=50K.
21,Private,Some-college,Never Married,<=50K.
24,Private,Some-college,Never Married,<=50K.
31,Private,Some-college,Married,<=50K.
22,Private,10th,Never Married,<=50K.
26,Private,Bachelors,Never Married,<=50K.
45,Self,HS-grad,Married,<=50K.
33,Private,HS-grad,Never Married,<=50K.
55,NA,5th-6th,Married,<=50K.
29,Private,9th,Divorced,<=50K.
72,Private,HS-grad,Widowed,<=50K.
35,Self,HS-grad,Married,>50K.
53,Govt,HS-grad,Married,<=50K.
40,Private,Some-college,Never Married,<=50K.
20,Private,HS-grad,Never Married,<=50K.
69,Private,HS-grad,Widowed,<=50K.
41,Govt,HS-grad,Never Married,<=50K.
45,Private,Masters,Married,>50K.
27,Private,HS-grad,Married,<=50K.
46,Self,Prof-school,Married,>50K.
55,Private,Some-college,Married,<=50K.
31,Private,Some-college,Married,>50K.
45,Private,Some-college,Divorced,<=50K.
64,Private,HS-grad,Married,<=50K.
38,Private,Some-college,Married,<=50K.
17,Private,10th,Never Married,<=50K.
33,Private,HS-grad,Married,>50K.
22,Private,12th,Married,<=50K.
23,Private,Some-college,Never Married,<=50K.
25,Private,HS-grad,Never Married,<=50K.
33,Private,Bachelors,Married,>50K.
31,NA,HS-grad,Married,<=50K.
37,Private,HS-grad,Never Married,<=50K.
53,Private,HS-grad,Separated,<=50K.
28,Govt,Some-college,Never Married,<=50K.
33,Private,Bachelors,Married,>50K.
41,Private,HS-grad,Married,<=50K.
61,Self,Bachelors,Married,<=50K.
25,Private,Some-college,Never Married,<=50K.
20,NA,Some-college,Never Married,<=50K.
35,Private,HS-grad,Divorced,>50K.
64,Govt,Assoc-voc,Married,>50K.
28,Private,HS-grad,Married,<=50K.
39,Self,Some-college,Never Married,>50K.
53,Private,HS-grad,Divorced,<=50K.
28,Private,HS-grad,Never Married,<=50K.
38,Govt,Some-college,Divorced,<=50K.
25,Govt,Bachelors,Never Married,<=50K.
19,Private,Some-college,Never Married,<=50K.
20,Private,Assoc-acdm,Never Married,<=50K.
27,Private,Bachelors,Never Married,<=50K.
55,Govt,HS-grad,Married,>50K.
52,Govt,Masters,Married,>50K.
21,NA,Some-college,Never Married,<=50K.
30,Private,HS-grad,Never Married,<=50K.
47,Private,HS-grad,Divorced,<=50K.
22,Private,10th,Never Married,<=50K.
24,Private,HS-grad,Married,>50K.
26,Private,Bachelors,Never Married,<=50K.
27,Private,HS-grad,Married,<=50K.
57,Private,9th,Married,<=50K.
18,Govt,Masters,Never Married,<=50K.
30,Private,Bachelors,Never Married,<=50K.
34,Self,Bachelors,Divorced,<=50K.
40,Private,Some-college,Married,>50K.
60,Private,HS-grad,Divorced,<=50K.
25,Private,12th,Married,>50K.
39,Private,Bachelors,Married,<=50K.
48,Private,HS-grad,Married,>50K.
27,Self,Some-college,Married,<=50K.
33,Self,HS-grad,Divorced,>50K.
65,Self,HS-grad,Married,<=50K.
52,Private,HS-grad,Married,>50K.
27,Private,Bachelors,Never Married,<=50K.
32,Private,Some-college,Never Married,<=50K.
45,Self,Some-college,Separated,<=50K.
18,NA,11th,Never Married,<=50K.
27,Private,Bachelors,Never Married,<=50K.
57,Self,Some-college,Married,<=50K.
44,Private,Some-college,Divorced,>50K.
30,Private,Masters,Married,>50K.
26,Private,Some-college,Divorced,<=50K.
28,Govt,Some-college,Married,>50K.
61,Private,HS-grad,Married,>50K.
49,Self,HS-grad,Married,<=50K.
33,Private,Masters,Married,>50K.
50,Private,Assoc-acdm,Married,>50K.
53,Self,7th-8th,Married,<=50K.
33,Private,HS-grad,Married,>50K.
22,Private,Some-college,Never Married,<=50K.
45,Govt,Bachelors,Divorced,>50K.
26,NA,Some-college,Never Married,<=50K.
50,NA,7th-8th,Separated,<=50K.
47,Self,HS-grad,Married,>50K.
52,Govt,Bachelors,Married,>50K.
57,Private,HS-grad,Widowed,<=50K.
21,NA,Some-college,Never Married,<=50K.
58,Private,HS-grad,Divorced,<=50K.
50,Govt,Masters,Divorced,>50K.
33,Govt,Some-college,Never Married,<=50K.
34,Self,11th,Married,<=50K.
20,Private,Some-college,Never Married,<=50K.
37,Govt,Masters,Married,>50K.
57,Private,Assoc-acdm,Divorced,<=50K.
57,Self,HS-grad,Married,<=50K.
21,Private,Assoc-acdm,Never Married,<=50K.
40,Private,Some-college,Divorced,<=50K.
23,Private,Some-college,Separated,<=50K.
54,Private,HS-grad,Married,<=50K.
38,Private,Some-college,Married,>50K.
32,Private,Some-college,Married,>50K.
22,Govt,Some-college,Never Married,<=50K.
27,Private,HS-grad,Never Married,<=50K.
42,Private,5th-6th,Married,<=50K.
36,Private,HS-grad,Never Married,<=50K.
22,Private,HS-grad,Married,<=50K.
40,Govt,9th,Separated,<=50K.
26,Private,HS-grad,Married,<=50K.
46,Govt,HS-grad,Never Married,<=50K.
28,Private,11th,Married,>50K.
46,Govt,Bachelors,Never Married,<=50K.
55,Private,HS-grad,Divorced,<=50K.
76,Private,Some-college,Divorced,<=50K.
27,Private,Bachelors,Never Married,<=50K.
50,Private,HS-grad,Married,>50K.
75,Private,HS-grad,Married,<=50K.
42,Govt,Masters,Married,>50K.
36,Govt,Masters,Never Married,<=50K.
51,Private,HS-grad,Married,<=50K.
43,Private,Prof-school,Married,>50K.
44,Private,Bachelors,Married,<=50K.
20,NA,Some-college,Never Married,<=50K.
60,Private,5th-6th,Married,<=50K.
47,Govt,Bachelors,Married,>50K.
73,Private,11th,Married,<=50K.
27,Private,HS-grad,Married,<=50K.
50,Private,HS-grad,Married,>50K.
35,Private,7th-8th,Married,<=50K.
31,Private,HS-grad,Never Married,<=50K.
45,Private,Bachelors,Married,>50K.
57,Private,HS-grad,Married,>50K.
34,Private,HS-grad,Married,<=50K.
19,Private,Some-college,Never Married,<=50K.
25,Private,HS-grad,Never Married,<=50K.
39,Private,Bachelors,Married,>50K.
28,Private,HS-grad,Married,>50K.
48,Govt,Masters,Divorced,<=50K.
38,Private,HS-grad,Married,<=50K.
53,Private,5th-6th,Married,<=50K.
19,Private,HS-grad,Never Married,<=50K.
41,Private,HS-grad,Married,<=50K.
23,Private,Assoc-acdm,Never Married,<=50K.
32,Private,HS-grad,Never Married,<=50K.
35,Private,Some-college,Divorced,<=50K.
21,Private,Assoc-voc,Never Married,<=50K.
24,Private,Bachelors,Never Married,<=50K.
34,Private,HS-grad,Married,<=50K.
29,Govt,Bachelors,Married,>50K.
24,Private,Some-college,Never Married,<=50K.
55,Private,HS-grad,Widowed,<=50K.
28,Private,HS-grad,Married,<=50K.
46,Govt,HS-grad,Never Married,<=50K.
38,Private,HS-grad,Married,<=50K.
29,Private,Some-college,Divorced,<=50K.
35,Private,Bachelors,Married,>50K.
29,Private,HS-grad,Never Married,<=50K.
41,Govt,Doctorate,Married,>50K.
40,Self,HS-grad,Married,<=50K.
30,Private,HS-grad,Divorced,<=50K.
72,Private,11th,Divorced,<=50K.
17,Private,11th,Never Married,<=50K.
46,Self,HS-grad,Married,<=50K.
38,Private,Bachelors,Never Married,<=50K.
36,Private,Bachelors,Never Married,<=50K.
24,Self,Assoc-acdm,Never Married,<=50K.
28,Private,HS-grad,Divorced,<=50K.
28,Private,HS-grad,Married,<=50K.
60,NA,HS-grad,Married,>50K.
42,Govt,Some-college,Married,>50K.
48,Private,Bachelors,Married,>50K.
37,Self,HS-grad,Married,<=50K.
32,Private,Doctorate,Never Married,>50K.
55,Private,Some-college,Married,>50K.
30,Private,Some-college,Married,<=50K.
68,Private,7th-8th,Widowed,<=50K.
45,Private,HS-grad,Divorced,<=50K.
26,Private,HS-grad,Divorced,<=50K.
22,Private,Some-college,Never Married,<=50K.
22,Private,Some-college,Never Married,<=50K.
36,Private,Some-college,Married,>50K.
52,Private,7th-8th,Never Married,<=50K.
68,Private,Prof-school,Widowed,<=50K.
26,Govt,Bachelors,Married,>50K.
52,Private,Bachelors,Divorced,<=50K.
46,Self,HS-grad,Married,<=50K.
53,Private,Masters,Married,>50K.
17,Private,11th,Never Married,<=50K.
29,Private,Bachelors,Married,<=50K.
41,Private,Some-college,Married,>50K.
45,Private,Some-college,Divorced,<=50K.
57,Private,Some-college,Divorced,>50K.
30,Govt,Bachelors,Married,<=50K.
46,Private,HS-grad,Married,>50K.
45,Private,Assoc-acdm,Married,<=50K.
59,NA,Some-college,Married,>50K.
40,Private,Assoc-acdm,Married,<=50K.
38,Govt,HS-grad,Divorced,<=50K.
22,Private,Some-college,Never Married,<=50K.
59,Self,7th-8th,Married,<=50K.
36,Private,Some-college,Never Married,<=50K.
40,Private,7th-8th,Never Married,<=50K.
18,Private,10th,Never Married,<=50K.
62,NA,HS-grad,Married,<=50K.
63,Private,HS-grad,Divorced,<=50K.
29,Private,Masters,Never Married,<=50K.
27,Private,Bachelors,Married,>50K.
47,Govt,Doctorate,Divorced,>50K.
20,Govt,HS-grad,Never Married,<=50K.
48,Private,Assoc-acdm,Married,<=50K.
29,Private,HS-grad,Married,<=50K.
22,Private,HS-grad,Never Married,<=50K.
42,Private,Assoc-acdm,Widowed,<=50K.
36,Private,Assoc-voc,Divorced,<=50K.
60,Private,10th,Divorced,<=50K.
41,Govt,HS-grad,Separated,<=50K.
43,Private,HS-grad,Married,>50K.
33,Private,Bachelors,Married,>50K.
34,Private,7th-8th,Married,<=50K.
32,Private,HS-grad,Never Married,<=50K.
22,NA,Some-college,Never Married,<=50K.
52,Private,9th,Widowed,<=50K.
27,Private,Assoc-acdm,Never Married,<=50K.
60,Govt,Masters,Married,>50K.
41,Self,Bachelors,Married,>50K.
34,Self,Bachelors,Never Married,<=50K.
30,Private,HS-grad,Married,>50K.
35,Private,Some-college,Separated,<=50K.
39,Govt,Bachelors,Divorced,<=50K.
64,Private,Some-college,Widowed,<=50K.
17,Self,11th,Never Married,<=50K.
29,Govt,Masters,Never Married,<=50K.
37,Govt,Assoc-voc,Married,>50K.
43,Self,HS-grad,Married,<=50K.
30,Self,HS-grad,Married,<=50K.
17,Private,10th,Never Married,<=50K.
29,Private,HS-grad,Never Married,<=50K.
24,Private,Some-college,Never Married,<=50K.
27,Self,Bachelors,Never Married,<=50K.
69,Self,Bachelors,Separated,<=50K.
30,Private,HS-grad,Married,<=50K.
29,Private,HS-grad,Married,<=50K.
17,NA,10th,Never Married,<=50K.
61,Private,7th-8th,Married,<=50K.
70,Private,7th-8th,Widowed,<=50K.
32,Private,Bachelors,Married,>50K.
21,NA,HS-grad,Never Married,<=50K.
27,Self,HS-grad,Never Married,>50K.
27,Private,Bachelors,Never Married,<=50K.
19,Private,Some-college,Never Married,<=50K.
44,Govt,Masters,Married,>50K.
36,Private,Some-college,Never Married,<=50K.
45,Private,Masters,Married,>50K.
29,Private,Bachelors,Never Married,<=50K.
34,Govt,Bachelors,Married,>50K.
28,Govt,Bachelors,Never Married,<=50K.
34,Private,5th-6th,Never Married,<=50K.
18,Private,HS-grad,Never Married,<=50K.
39,Private,Some-college,Divorced,<=50K.
34,Private,Some-college,Never Married,<=50K.
35,Govt,Masters,Divorced,<=50K.
24,Private,HS-grad,Never Married,<=50K.
41,Private,Bachelors,Married,<=50K.
50,Govt,Doctorate,Married,>50K.
68,Private,Some-college,Divorced,<=50K.
35,Private,11th,Never Married,<=50K.
47,Private,Assoc-voc,Married,<=50K.
43,Govt,Masters,Divorced,<=50K.
35,Private,HS-grad,Married,<=50K.
34,Private,Some-college,Never Married,<=50K.
26,Private,HS-grad,Never Married,<=50K.
50,Private,Some-college,Divorced,<=50K.
22,Private,HS-grad,Never Married,<=50K.
20,Private,HS-grad,Never Married,<=50K.
18,NA,HS-grad,Never Married,<=50K.
52,Self,HS-grad,Married,<=50K.
71,Govt,HS-grad,Married,<=50K.
55,Private,HS-grad,Divorced,<=50K.
17,Private,11th,Never Married,<=50K.
36,Private,Some-college,Widowed,<=50K.
25,NA,Bachelors,Married,<=50K.
39,Govt,12th,Married,>50K.
27,Private,Bachelors,Never Married,<=50K.
42,Private,HS-grad,Divorced,<=50K.
22,Private,HS-grad,Married,<=50K.
57,Private,Assoc-voc,Never Married,>50K.
34,Private,Some-college,Never Married,<=50K.
31,Private,Masters,Never Married,<=50K.
24,Private,Bachelors,Never Married,<=50K.
41,Self,HS-grad,Never Married,<=50K.
30,Private,Some-college,Divorced,<=50K.
17,Private,11th,Never Married,<=50K.
26,Self,HS-grad,Separated,<=50K.
32,Private,1st-4th,Never Married,<=50K.
55,Private,10th,Married,<=50K.
19,Private,12th,Married,<=50K.
28,Private,Masters,Divorced,<=50K.
55,NA,HS-grad,Married,<=50K.
49,Private,Prof-school,Married,>50K.
23,Private,Bachelors,Never Married,<=50K.
43,Private,HS-grad,Married,<=50K.
40,Private,Some-college,Married,<=50K.
41,Private,Bachelors,Married,>50K.
23,Private,Some-college,Never Married,<=50K.
59,Govt,HS-grad,Married,>50K.
20,Private,HS-grad,Never Married,<=50K.
21,Private,HS-grad,Never Married,<=50K.
28,NA,Bachelors,Married,<=50K.
44,Self,Some-college,Married,<=50K.
31,Self,Bachelors,Married,<=50K.
50,Self,Bachelors,Never Married,<=50K.
54,Private,HS-grad,Married,>50K.
28,Private,HS-grad,Married,<=50K.
34,Private,HS-grad,Divorced,<=50K.
46,Private,Masters,Married,>50K.
28,Self,Bachelors,Married,>50K.
23,Private,HS-grad,Never Married,<=50K.
29,Private,Bachelors,Married,>50K.
35,Private,HS-grad,Married,<=50K.
41,Self,Some-college,Married,>50K.
90,NA,Some-college,Never Married,<=50K.
35,Self,Masters,Married,>50K.
20,Private,HS-grad,Married,<=50K.
42,Private,Masters,Divorced,<=50K.
56,Private,7th-8th,Married,<=50K.
31,Private,Bachelors,Never Married,<=50K.
23,Private,HS-grad,Never Married,<=50K.
60,Private,HS-grad,Never Married,<=50K.
28,Private,Some-college,Never Married,<=50K.
32,Private,Some-college,Married,>50K.
36,Private,Masters,Never Married,>50K.
44,Self,Bachelors,Married,<=50K.
34,Private,Some-college,Married,>50K.
27,Private,HS-grad,Never Married,<=50K.
49,Private,HS-grad,Divorced,<=50K.
48,Private,HS-grad,Divorced,<=50K.
47,Private,HS-grad,Married,>50K.
34,Private,Bachelors,Married,>50K.
27,Private,Assoc-acdm,Never Married,<=50K.
31,Govt,Bachelors,Married,<=50K.
24,Private,Some-college,Married,<=50K.
24,Private,HS-grad,Divorced,<=50K.
25,Private,Some-college,Married,<=50K.
36,Private,Assoc-voc,Divorced,<=50K.
38,Govt,HS-grad,Married,<=50K.
57,Private,5th-6th,Married,<=50K.
24,Private,Some-college,Married,>50K.
41,Govt,HS-grad,Married,<=50K.
56,Govt,Assoc-voc,Married,>50K.
19,Private,HS-grad,Never Married,<=50K.
44,Private,HS-grad,Never Married,<=50K.
34,Private,Assoc-voc,Never Married,<=50K.
25,Private,Bachelors,Never Married,<=50K.
27,Govt,HS-grad,Married,<=50K.
22,Private,HS-grad,Never Married,<=50K.
59,Private,Some-college,Married,>50K.
34,Private,11th,Married,<=50K.
30,Private,HS-grad,Married,>50K.
21,Private,Some-college,Never Married,<=50K.
24,Private,Some-college,Never Married,<=50K.
19,NA,Some-college,Never Married,<=50K.
82,NA,Some-college,Widowed,<=50K.
35,Private,Bachelors,Married,>50K.
32,Private,Assoc-voc,Married,<=50K.
45,Private,Some-college,Divorced,<=50K.
30,Private,HS-grad,Never Married,<=50K.
28,Self,Bachelors,Married,<=50K.
28,Self,Bachelors,Married,<=50K.
29,Private,HS-grad,Never Married,<=50K.
60,Private,Some-college,Married,<=50K.
28,Private,Assoc-voc,Never Married,<=50K.
38,Govt,Some-college,Divorced,<=50K.
31,Private,HS-grad,Married,>50K.
28,Private,Some-college,Married,>50K.
42,Private,Some-college,Married,<=50K.
40,Govt,9th,Married,>50K.
24,Private,Some-college,Never Married,<=50K.
37,Self,Some-college,Married,>50K.
36,Private,HS-grad,Married,<=50K.
39,Private,Bachelors,Never Married,<=50K.
22,Private,9th,Married,<=50K.
46,Private,Some-college,Married,<=50K.
28,Private,Bachelors,Married,<=50K.
34,Private,Some-college,Divorced,<=50K.
42,Private,Some-college,Divorced,<=50K.
43,Private,HS-grad,Married,<=50K.
35,Private,HS-grad,Never Married,<=50K.
60,Private,Prof-school,Married,<=50K.
33,Private,Some-college,Never Married,>50K.
22,Private,HS-grad,Married,<=50K.
39,Private,Assoc-voc,Married,<=50K.
33,Private,Bachelors,Married,>50K.
39,Private,HS-grad,Married,<=50K.
37,Self,11th,Married,<=50K.
63,Self,7th-8th,Married,>50K.
46,Govt,Some-college,Married,>50K.
48,Private,HS-grad,Separated,<=50K.
33,Private,HS-grad,Never Married,<=50K.
65,Private,Some-college,Widowed,<=50K.
39,Private,HS-grad,Never Married,>50K.
43,Private,Bachelors,Divorced,>50K.
28,Private,10th,Married,<=50K.
50,Self,HS-grad,Divorced,>50K.
24,Govt,Bachelors,Never Married,<=50K.
48,Private,HS-grad,Divorced,<=50K.
35,Private,Some-college,Never Married,<=50K.
62,Private,HS-grad,Married,<=50K.
42,Self,Some-college,Never Married,<=50K.
60,Private,HS-grad,Married,>50K.
50,Private,HS-grad,Married,>50K.
40,Private,Prof-school,Never Married,<=50K.
39,Govt,HS-grad,Married,<=50K.
43,NA,Bachelors,Married,<=50K.
43,Govt,HS-grad,Divorced,<=50K.
35,Private,HS-grad,Married,<=50K.
39,Private,Bachelors,Married,>50K.
30,Govt,Bachelors,Married,>50K.
32,Private,Some-college,Married,<=50K.
18,Private,Some-college,Never Married,<=50K.
37,Private,Assoc-acdm,Never Married,<=50K.
26,Private,Bachelors,Never Married,<=50K.
51,Private,HS-grad,Married,<=50K.
35,NA,Some-college,Divorced,<=50K.
33,Private,Bachelors,Married,<=50K.
46,Private,Bachelors,Married,>50K.
40,Private,Assoc-voc,Married,>50K.
34,Private,Assoc-voc,Married,<=50K.
29,Private,HS-grad,Married,<=50K.
47,Self,Some-college,Widowed,<=50K.
34,Private,Bachelors,Married,>50K.
45,Private,HS-grad,Married,<=50K.
53,Private,HS-grad,Separated,<=50K.
52,Self,Masters,Married,<=50K.
64,Private,7th-8th,Married,>50K.
42,Private,Masters,Never Married,>50K.
44,Private,Some-college,Married,>50K.
41,Private,HS-grad,Married,>50K.
53,Govt,Masters,Married,>50K.
25,Private,HS-grad,Never Married,<=50K.
20,Private,11th,Separated,<=50K.
29,Private,Assoc-voc,Never Married,<=50K.
56,Private,HS-grad,Married,<=50K.
45,Private,Doctorate,Married,>50K.
56,Private,HS-grad,Married,<=50K.
38,Self,Some-college,Married,>50K.
62,Private,HS-grad,Married,<=50K.
28,Self,Bachelors,Never Married,<=50K.
31,Private,HS-grad,Married,<=50K.
24,Private,Bachelors,Never Married,<=50K.
65,Private,Bachelors,Married,<=50K.
40,Private,HS-grad,Separated,<=50K.
31,Private,Bachelors,Never Married,<=50K.
35,Private,HS-grad,Divorced,<=50K.
42,Govt,Masters,Married,>50K.
20,Private,HS-grad,Never Married,<=50K.
30,Govt,Some-college,Divorced,<=50K.
25,Private,Bachelors,Never Married,<=50K.
22,Private,HS-grad,Never Married,<=50K.
65,NA,HS-grad,Widowed,<=50K.
31,Private,Some-college,Married,<=50K.
56,Private,Some-college,Married,>50K.
51,Private,HS-grad,Divorced,<=50K.
36,Self,10th,Married,<=50K.
44,Govt,Some-college,Divorced,<=50K.
49,Private,Masters,Divorced,>50K.
28,Private,HS-grad,Married,<=50K.
57,Private,Bachelors,Married,>50K.
33,Self,Some-college,Never Married,<=50K.
49,Private,Bachelors,Married,>50K.
74,Govt,Doctorate,Never Married,>50K.
48,Private,Bachelors,Married,<=50K.
38,Private,Bachelors,Married,>50K.
39,Private,HS-grad,Never Married,<=50K.
46,Private,Bachelors,Married,>50K.
56,Private,Bachelors,Married,>50K.
27,Private,Bachelors,Married,>50K.
17,Private,11th,Never Married,<=50K.
28,Private,9th,Divorced,<=50K.
18,NA,10th,Never Married,<=50K.
42,Private,Masters,Divorced,<=50K.
39,Private,Some-college,Separated,<=50K.
29,Self,HS-grad,Married,<=50K.
21,Private,Some-college,Never Married,<=50K.
36,Private,Some-college,Never Married,<=50K.
56,Private,10th,Widowed,<=50K.
49,Private,5th-6th,Married,<=50K.
47,Self,Some-college,Married,<=50K.
44,Private,Some-college,Separated,<=50K.
40,Private,1st-4th,Never Married,<=50K.
43,Govt,Bachelors,Married,>50K.
62,Private,12th,Married,<=50K.
52,Private,Prof-school,Married,>50K.
25,Private,HS-grad,Never Married,<=50K.
63,Self,Masters,Divorced,>50K.
51,Private,Doctorate,Married,<=50K.
25,Private,HS-grad,Never Married,<=50K.
62,NA,Some-college,Married,<=50K.
27,Private,HS-grad,Never Married,<=50K.
48,Govt,Some-college,Never Married,<=50K.
32,Private,HS-grad,Married,<=50K.
36,Private,Some-college,Married,<=50K.
30,Self,HS-grad,Divorced,<=50K.
45,Govt,Masters,Divorced,<=50K.
27,Private,HS-grad,Married,<=50K.
41,Private,Bachelors,Divorced,<=50K.
61,Private,HS-grad,Married,<=50K.
70,Self,Bachelors,Divorced,<=50K.
55,Private,11th,Never Married,<=50K.
35,Private,Bachelors,Never Married,<=50K.
36,Private,Assoc-voc,Married,<=50K.
29,Private,Some-college,Never Married,<=50K.
30,Private,Bachelors,Married,<=50K.
45,Private,11th,Married,<=50K.
39,Govt,Bachelors,Divorced,<=50K.
18,Private,HS-grad,Never Married,<=50K.
28,Private,HS-grad,Married,<=50K.
27,Private,Bachelors,Married,<=50K.
38,Private,HS-grad,Never Married,<=50K.
33,Private,HS-grad,Married,<=50K.
25,Private,HS-grad,Married,>50K.
25,NA,HS-grad,Married,<=50K.
38,Private,11th,Never Married,<=50K.
23,Private,Some-college,Never Married,<=50K.
40,Private,Assoc-voc,Divorced,<=50K.
36,Self,HS-grad,Married,>50K.
20,Private,Some-college,Never Married,<=50K.
41,Private,HS-grad,Married,<=50K.
44,Private,Some-college,Separated,<=50K.
49,Self,Bachelors,Married,>50K.
22,Private,Assoc-acdm,Never Married,<=50K.
26,Private,Some-college,Never Married,<=50K.
47,Private,Assoc-acdm,Married,<=50K.
48,Private,HS-grad,Widowed,<=50K.
28,Self,HS-grad,Never Married,<=50K.
37,Govt,Some-college,Separated,>50K.
44,Private,Bachelors,Married,<=50K.
20,NA,12th,Never Married,<=50K.
53,Private,Bachelors,Married,>50K.
36,Private,Masters,Never Married,<=50K.
77,Private,7th-8th,Married,<=50K.
21,Private,HS-grad,Never Married,<=50K.
24,Private,Bachelors,Never Married,<=50K.
30,Private,Assoc-acdm,Never Married,<=50K.
51,Govt,Assoc-voc,Divorced,<=50K.
22,Private,Some-college,Divorced,<=50K.
23,Private,Some-college,Never Married,<=50K.
47,Private,Doctorate,Married,>50K.
17,Private,12th,Never Married,<=50K.
48,Private,Bachelors,Never Married,>50K.
43,Private,Some-college,Married,>50K.
34,Private,12th,Married,<=50K.
19,Private,HS-grad,Never Married,<=50K.
42,Govt,Some-college,Never Married,<=50K.
23,Private,Bachelors,Never Married,<=50K.
61,Self,Prof-school,Married,>50K.
63,Private,11th,Married,<=50K.
65,Private,HS-grad,Widowed,<=50K.
37,Private,Assoc-voc,Married,>50K.
41,Govt,Assoc-acdm,Married,>50K.
35,Private,Some-college,Married,<=50K.
21,Private,HS-grad,Divorced,<=50K.
48,Govt,Bachelors,Never Married,<=50K.
51,Govt,Some-college,Married,>50K.
43,Private,Bachelors,Married,<=50K.
22,Govt,Some-college,Never Married,<=50K.
56,Self,Some-college,Married,<=50K.
47,Private,HS-grad,Divorced,<=50K.
26,Private,Bachelors,Never Married,<=50K.
39,Private,Some-college,Married,<=50K.
45,Self,Some-college,Never Married,<=50K.
49,Private,HS-grad,Divorced,<=50K.
23,Private,HS-grad,Never Married,<=50K.
69,Private,HS-grad,Married,<=50K.
41,Govt,Masters,Married,>50K.
40,Self,HS-grad,Separated,<=50K.
25,Private,HS-grad,Never Married,<=50K.
52,Private,HS-grad,Never Married,<=50K.
28,Private,Some-college,Never Married,<=50K.
50,Govt,Assoc-acdm,Married,>50K.
21,Private,Assoc-voc,Never Married,<=50K.
48,Private,Some-college,Married,>50K.
27,Private,Prof-school,Married,>50K.
63,Private,HS-grad,Married,<=50K.
47,Govt,Doctorate,Married,>50K.
37,Self,Doctorate,Never Married,>50K.
28,Private,Some-college,Married,<=50K.
58,Private,HS-grad,Divorced,<=50K.
41,Private,Some-college,Married,<=50K.
67,Self,Some-college,Married,<=50K.
62,Self,HS-grad,Married,<=50K.
28,Private,Some-college,Married,>50K.
26,Private,12th,Never Married,<=50K.
46,Self,Prof-school,Married,>50K.
29,Private,HS-grad,Married,<=50K.
39,Private,Bachelors,Married,>50K.
25,Private,Masters,Never Married,<=50K.
20,Private,Some-college,Never Married,<=50K.
21,Private,Some-college,Never Married,<=50K.
25,Private,Bachelors,Never Married,<=50K.
44,Self,Prof-school,Married,>50K.
37,Private,HS-grad,Never Married,<=50K.
50,Private,Masters,Married,>50K.
29,Private,HS-grad,Separated,<=50K.
18,Private,Some-college,Never Married,<=50K.
32,Private,Bachelors,Never Married,<=50K.
58,Private,Assoc-voc,Divorced,<=50K.
50,Private,HS-grad,Married,>50K.
29,Private,Some-college,Never Married,<=50K.
58,Private,HS-grad,Married,>50K.
29,Govt,Some-college,Never Married,<=50K.
36,Private,HS-grad,Married,>50K.
21,Private,HS-grad,Never Married,<=50K.
49,Private,HS-grad,Divorced,<=50K.
60,Private,Masters,Divorced,<=50K.
39,Private,Some-college,Married,>50K.
50,Private,Assoc-acdm,Married,>50K.
30,Private,Some-college,Never Married,<=50K.
55,Private,HS-grad,Divorced,<=50K.
64,Govt,HS-grad,Divorced,<=50K.
29,Self,Assoc-acdm,Never Married,<=50K.
40,Private,Bachelors,Married,>50K.
42,Private,HS-grad,Married,<=50K.
55,Private,HS-grad,Widowed,<=50K.
43,Private,HS-grad,Divorced,<=50K.
28,Private,12th,Never Married,<=50K.
46,Govt,Assoc-acdm,Married,>50K.
34,Private,HS-grad,Never Married,<=50K.
47,Private,Masters,Married,>50K.
43,Self,Masters,Never Married,<=50K.
24,Private,Some-college,Never Married,<=50K.
21,Private,11th,Married,<=50K.
65,Private,Bachelors,Married,>50K.
20,Private,Some-college,Never Married,<=50K.
31,Govt,Masters,Divorced,<=50K.
38,Govt,HS-grad,Married,<=50K.
22,Private,Some-college,Never Married,<=50K.
20,Private,Some-college,Never Married,<=50K.
44,Private,Some-college,Married,<=50K.
44,Govt,Masters,Married,<=50K.
41,Private,Doctorate,Married,>50K.
38,Private,HS-grad,Divorced,<=50K.
21,Private,Some-college,Never Married,<=50K.
24,Private,Some-college,Married,<=50K.
24,Private,Masters,Never Married,<=50K.
28,Private,HS-grad,Married,<=50K.
39,Private,Bachelors,Never Married,<=50K.
48,Private,Some-college,Divorced,<=50K.
24,Govt,HS-grad,Never Married,<=50K.
50,Private,HS-grad,Married,>50K.
50,Govt,Some-college,Married,<=50K.
68,Private,Some-college,Married,<=50K.
31,Govt,Masters,Married,<=50K.
22,Private,1st-4th,Never Married,<=50K.
18,NA,Some-college,Never Married,<=50K.
25,Private,HS-grad,Married,<=50K.
28,Private,Some-college,Never Married,<=50K.
17,Govt,11th,Never Married,<=50K.
24,Govt,Doctorate,Never Married,<=50K.
20,Private,10th,Separated,<=50K.
45,Govt,Assoc-acdm,Married,>50K.
44,Private,Some-college,Married,<=50K.
57,Private,7th-8th,Married,<=50K.
33,Private,Bachelors,Married,>50K.
24,NA,Bachelors,Never Married,<=50K.
22,Private,Some-college,Never Married,<=50K.
41,Private,HS-grad,Divorced,<=50K.
51,Self,Bachelors,Married,<=50K.
46,Govt,Bachelors,Separated,<=50K.
52,Private,HS-grad,Divorced,<=50K.
50,Private,Bachelors,Married,>50K.
26,Self,Bachelors,Never Married,<=50K.
17,Private,10th,Never Married,<=50K.
64,Private,Some-college,Married,<=50K.
51,Private,HS-grad,Married,>50K.
28,Self,HS-grad,Married,<=50K.
51,Private,Bachelors,Divorced,<=50K.
39,Self,Bachelors,Divorced,<=50K.
48,Private,Some-college,Divorced,<=50K.
44,Private,Some-college,Married,>50K.
47,Private,11th,Married,<=50K.
52,Private,HS-grad,Widowed,<=50K.
58,Private,Some-college,Never Married,<=50K.
19,Private,11th,Never Married,<=50K.
40,Private,Bachelors,Married,>50K.
23,Private,Some-college,Never Married,<=50K.
31,Private,Bachelors,Married,<=50K.
40,Govt,Assoc-acdm,Married,>50K.
48,Self,Some-college,Married,>50K.
46,Private,Masters,Divorced,>50K.
32,Private,HS-grad,Married,<=50K.
50,Private,HS-grad,Married,<=50K.
18,Private,HS-grad,Never Married,<=50K.
26,Private,Masters,Never Married,<=50K.
36,Private,Bachelors,Never Married,<=50K.
26,Private,Assoc-voc,Divorced,<=50K.
19,Private,Some-college,Never Married,<=50K.
53,Private,Assoc-acdm,Married,>50K.
54,Private,Some-college,Never Married,<=50K.
29,Private,Some-college,Married,<=50K.
81,Private,Masters,Widowed,<=50K.
37,Private,Masters,Never Married,>50K.
40,Private,Assoc-voc,Divorced,>50K.
36,Private,Some-college,Widowed,<=50K.
18,Private,12th,Never Married,<=50K.
44,Govt,11th,Separated,<=50K.
36,Private,HS-grad,Separated,<=50K.
69,Govt,Doctorate,Married,>50K.
17,Private,12th,Never Married,<=50K.
38,Private,Assoc-voc,Married,>50K.
27,Private,HS-grad,Never Married,<=50K.
52,Private,Assoc-acdm,Married,<=50K.
24,Private,Assoc-acdm,Never Married,<=50K.
57,Private,Bachelors,Married,<=50K.
19,Private,10th,Never Married,<=50K.
38,Private,HS-grad,Divorced,<=50K.
46,Private,7th-8th,Married,<=50K.
21,Private,HS-grad,Married,>50K.
29,Private,Some-college,Never Married,<=50K.
33,NA,Some-college,Divorced,<=50K.
26,Private,HS-grad,Married,<=50K.
28,Private,HS-grad,Separated,<=50K.
26,Private,Some-college,Married,<=50K.
37,NA,Prof-school,Married,<=50K.
49,Private,Bachelors,Married,<=50K.
28,Private,Bachelors,Married,<=50K.
57,Govt,Some-college,Divorced,<=50K.
60,Private,7th-8th,Married,<=50K.
20,NA,HS-grad,Never Married,<=50K.
38,Private,HS-grad,Married,<=50K.
51,Self,HS-grad,Married,<=50K.
60,Private,Some-college,Divorced,<=50K.
37,Private,Bachelors,Married,<=50K.
44,Govt,HS-grad,Never Married,<=50K.
19,Self,Some-college,Never Married,<=50K.
59,Private,Masters,Married,<=50K.
50,Private,HS-grad,Married,<=50K.
35,Govt,Bachelors,Married,>50K.
46,Govt,Some-college,Divorced,<=50K.
18,Private,Some-college,Never Married,<=50K.
32,Private,5th-6th,Married,<=50K.
32,Private,Assoc-voc,Divorced,<=50K.
39,Private,HS-grad,Married,>50K.
25,Private,HS-grad,Never Married,<=50K.
30,Private,Masters,Married,>50K.
37,Private,Bachelors,Married,>50K.
38,Self,Some-college,Married,>50K.
36,Private,Assoc-acdm,Divorced,<=50K.
56,Private,Some-college,Married,>50K.
35,Govt,Bachelors,Widowed,>50K.
56,Private,HS-grad,Divorced,<=50K.
17,Private,10th,Never Married,<=50K.
46,Private,Masters,Married,>50K.
56,Private,HS-grad,Divorced,<=50K.
61,Govt,12th,Married,<=50K.
25,Private,Some-college,Married,<=50K.
27,Private,HS-grad,Never Married,<=50K.
50,Self,HS-grad,Married,<=50K.
33,Self,Assoc-voc,Married,<=50K.
33,Private,Assoc-voc,Married,>50K.
38,Private,Some-college,Never Married,<=50K.
51,Private,11th,Married,<=50K.
27,Private,Assoc-acdm,Never Married,<=50K.
49,Govt,Masters,Widowed,<=50K.
26,Private,HS-grad,Separated,<=50K.
42,Private,Masters,Married,>50K.
37,Private,Bachelors,Never Married,<=50K.
38,Private,Some-college,Never Married,<=50K.
48,Private,HS-grad,Married,>50K.
41,Private,Bachelors,Divorced,>50K.
33,Private,HS-grad,Married,<=50K.
30,Private,HS-grad,Never Married,<=50K.
25,Govt,Bachelors,Never Married,<=50K.
50,Private,Bachelors,Married,>50K.
54,Self,HS-grad,Married,>50K.
37,Private,11th,Divorced,<=50K.
59,Self,Bachelors,Married,>50K.
17,Private,10th,Never Married,<=50K.
65,NA,11th,Married,<=50K.
56,Self,HS-grad,Widowed,>50K.
57,Private,HS-grad,Divorced,<=50K.
33,Private,10th,Never Married,<=50K.
41,Self,Masters,Married,<=50K.
45,Private,Bachelors,Widowed,<=50K.
50,Private,HS-grad,Married,<=50K.
18,Private,HS-grad,Never Married,<=50K.
19,Private,Some-college,Never Married,<=50K.
26,Private,Some-college,Married,<=50K.
61,NA,Assoc-acdm,Married,>50K.
67,NA,11th,Married,<=50K.
41,Private,Some-college,Married,>50K.
29,Private,HS-grad,Never Married,<=50K.
27,Private,Some-college,Never Married,<=50K.
35,Private,HS-grad,Divorced,<=50K.
37,Private,Bachelors,Never Married,>50K.
22,Private,11th,Never Married,<=50K.
25,Private,10th,Never Married,<=50K.
26,Private,HS-grad,Married,<=50K.
27,Govt,HS-grad,Divorced,<=50K.
26,Private,Bachelors,Never Married,<=50K.
51,Private,HS-grad,Married,<=50K.
45,Private,HS-grad,Married,>50K.
60,Private,HS-grad,Married,<=50K.
35,Private,Some-college,Married,>50K.
24,Private,HS-grad,Never Married,<=50K.
40,Govt,HS-grad,Divorced,<=50K.
69,NA,HS-grad,Widowed,<=50K.
44,Private,Bachelors,Married,>50K.
65,Private,HS-grad,Divorced,<=50K.
52,Self,Some-college,Married,>50K.
38,Private,HS-grad,Separated,<=50K.
18,Private,11th,Never Married,<=50K.
24,Private,Assoc-voc,Never Married,<=50K.
52,Private,Some-college,Married,<=50K.
21,Private,HS-grad,Never Married,<=50K.
67,Self,Doctorate,Married,>50K.
64,Self,Some-college,Widowed,<=50K.
25,Private,Some-college,Never Married,<=50K.
34,Govt,Masters,Married,>50K.
39,Self,HS-grad,Married,<=50K.
26,Private,HS-grad,Never Married,<=50K.
19,Private,10th,Never Married,<=50K.
35,Private,HS-grad,Married,>50K.
26,Private,Masters,Never Married,<=50K.
38,Private,HS-grad,Separated,<=50K.
45,Private,Some-college,Married,<=50K.
18,Private,11th,Never Married,<=50K.
51,Private,Some-college,Divorced,<=50K.
36,Private,HS-grad,Separated,<=50K.
18,Private,Some-college,Never Married,<=50K.
37,Govt,Assoc-voc,Never Married,<=50K.
37,Private,Bachelors,Married,>50K.
39,Govt,HS-grad,Married,>50K.
21,Private,Some-college,Never Married,<=50K.
46,Govt,Doctorate,Married,>50K.
33,Private,HS-grad,Separated,<=50K.
23,Private,Bachelors,Never Married,<=50K.
52,Self,HS-grad,Divorced,<=50K.
28,Private,HS-grad,Never Married,<=50K.
23,Govt,Some-college,Never Married,<=50K.
48,Self,Some-college,Married,>50K.
17,Private,11th,Never Married,<=50K.
22,Self,Some-college,Never Married,<=50K.
26,Private,HS-grad,Never Married,>50K.
40,Private,HS-grad,Married,<=50K.
90,Private,10th,Married,<=50K.
28,Private,HS-grad,Divorced,<=50K.
44,Private,HS-grad,Married,<=50K.
29,Private,Bachelors,Married,>50K.
45,Private,Assoc-voc,Married,>50K.
43,Private,HS-grad,Married,>50K.
17,NA,10th,Never Married,<=50K.
49,Govt,Bachelors,Married,>50K.
27,Private,Bachelors,Never Married,<=50K.
60,Self,HS-grad,Divorced,<=50K.
33,Private,HS-grad,Married,<=50K.
53,Self,10th,Married,>50K.
19,Private,Some-college,Never Married,<=50K.
28,Self,HS-grad,Divorced,<=50K.
22,Private,Assoc-acdm,Never Married,<=50K.
48,Self,HS-grad,Married,<=50K.
76,NA,10th,Married,<=50K.
19,Private,Some-college,Never Married,<=50K.
28,Private,Assoc-voc,Married,<=50K.
58,Private,Some-college,Married,<=50K.
19,Self,Some-college,Never Married,<=50K.
37,NA,HS-grad,Divorced,<=50K.
22,Private,Some-college,Never Married,<=50K.
52,Self,Prof-school,Married,>50K.
31,Private,Bachelors,Married,<=50K.
50,Self,Doctorate,Married,<=50K.
62,Private,HS-grad,Widowed,<=50K.
26,Private,Bachelors,Never Married,<=50K.
64,Govt,HS-grad,Widowed,<=50K.
38,Private,Some-college,Married,<=50K.
44,Private,Prof-school,Married,>50K.
28,Self,HS-grad,Divorced,<=50K.
19,Private,HS-grad,Never Married,<=50K.
39,Private,HS-grad,Never Married,<=50K.
50,Private,10th,Married,>50K.
39,Self,Masters,Married,>50K.
36,Private,Bachelors,Never Married,<=50K.
39,Private,Assoc-voc,Married,<=50K.
51,Self,Assoc-acdm,Never Married,<=50K.
28,Private,HS-grad,Never Married,<=50K.
57,Self,Prof-school,Married,>50K.
40,Govt,Prof-school,Separated,<=50K.
27,Private,Some-college,Divorced,<=50K.
32,Private,Some-college,Never Married,<=50K.
49,Govt,HS-grad,Divorced,<=50K.
34,Self,10th,Never Married,<=50K.
24,Private,HS-grad,Never Married,<=50K.
54,Private,7th-8th,Divorced,<=50K.
52,Private,12th,Married,<=50K.
43,Private,11th,Married,<=50K.
84,NA,5th-6th,Widowed,<=50K.
79,NA,Assoc-acdm,Married,>50K.
35,Private,Some-college,Married,<=50K.
56,Private,HS-grad,Divorced,<=50K.
30,Private,HS-grad,Never Married,<=50K.
54,Private,HS-grad,Widowed,<=50K.
35,Private,Bachelors,Never Married,<=50K.
32,Private,Some-college,Never Married,<=50K.
44,Self,Bachelors,Married,>50K.
32,Private,HS-grad,Married,<=50K.
60,Private,12th,Married,<=50K.
40,Private,Some-college,Divorced,<=50K.
50,Private,7th-8th,Married,<=50K.
58,Private,9th,Married,>50K.
41,Private,HS-grad,Married,>50K.
28,Private,HS-grad,Married,>50K.
53,Private,HS-grad,Never Married,<=50K.
71,NA,Some-college,Married,>50K.
17,NA,9th,Never Married,<=50K.
45,Private,HS-grad,Divorced,<=50K.
23,Private,HS-grad,Never Married,<=50K.
25,Private,Some-college,Married,<=50K.
40,Self,Some-college,Never Married,>50K.
28,Private,Bachelors,Never Married,<=50K.
27,Private,12th,Never Married,<=50K.
19,Govt,Some-college,Never Married,<=50K.
24,Private,HS-grad,Never Married,<=50K.
38,Private,Bachelors,Separated,<=50K.
24,Govt,Masters,Never Married,<=50K.
18,Private,11th,Never Married,<=50K.
58,Private,HS-grad,Divorced,<=50K.
35,Private,Masters,Never Married,>50K.
43,Private,9th,Never Married,<=50K.
45,Private,HS-grad,Married,<=50K.
24,Private,HS-grad,Married,<=50K.
63,Private,9th,Married,<=50K.
40,Private,9th,Married,<=50K.
21,Private,Bachelors,Never Married,<=50K.
20,Govt,Some-college,Married,<=50K.
42,Private,HS-grad,Married,>50K.
49,NA,Some-college,Married,>50K.
47,Govt,HS-grad,Married,<=50K.
48,Self,HS-grad,Married,<=50K.
61,Private,7th-8th,Married,<=50K.
23,NA,Assoc-acdm,Married,<=50K.
35,Govt,Bachelors,Married,>50K.
46,Private,Some-college,Married,<=50K.
18,Private,12th,Never Married,<=50K.
28,Self,Bachelors,Never Married,>50K.
62,NA,Bachelors,Married,<=50K.
20,Private,HS-grad,Never Married,<=50K.
28,Private,HS-grad,Married,<=50K.
57,Private,HS-grad,Married,<=50K.
56,Private,7th-8th,Married,<=50K.
33,Private,HS-grad,Married,<=50K.
19,Private,HS-grad,Never Married,<=50K.
29,Private,HS-grad,Married,<=50K.
30,Private,Some-college,Never Married,<=50K.
53,Govt,Bachelors,Divorced,<=50K.
25,Private,1st-4th,Never Married,<=50K.
44,Govt,HS-grad,Married,<=50K.
22,Private,Some-college,Married,<=50K.
40,Private,HS-grad,Divorced,<=50K.
25,Private,Assoc-voc,Never Married,<=50K.
30,Self,7th-8th,Married,<=50K.
51,Private,Assoc-voc,Divorced,<=50K.
17,Private,11th,Never Married,<=50K.
46,Govt,Bachelors,Married,>50K.
50,Govt,Some-college,Married,>50K.
34,Private,Some-college,Never Married,<=50K.
42,NA,Masters,Married,<=50K.
41,Govt,Bachelors,Married,<=50K.
32,Private,Bachelors,Never Married,<=50K.
32,Private,HS-grad,Married,<=50K.
47,Private,Some-college,Married,<=50K.
50,Private,Some-college,Married,<=50K.
77,Private,7th-8th,Widowed,<=50K.
33,Private,HS-grad,Divorced,<=50K.
47,Self,HS-grad,Married,<=50K.
64,Private,11th,Married,<=50K.
34,Private,HS-grad,Married,<=50K.
34,Govt,HS-grad,Never Married,<=50K.
67,Govt,Masters,Never Married,>50K.
37,Govt,HS-grad,Never Married,<=50K.
34,Private,Bachelors,Married,>50K.
22,NA,Some-college,Never Married,<=50K.
50,Self,Doctorate,Divorced,<=50K.
60,Private,Bachelors,Married,>50K.
46,Govt,Bachelors,Divorced,<=50K.
44,Private,Bachelors,Married,>50K.
43,Private,HS-grad,Married,<=50K.
48,Private,Masters,Married,>50K.
36,Private,HS-grad,Never Married,<=50K.
48,Private,Some-college,Never Married,<=50K.
37,Private,Some-college,Married,<=50K.
51,Private,Masters,Married,>50K.
52,Private,Masters,Married,>50K.
27,Private,5th-6th,Never Married,<=50K.
43,Govt,Masters,Married,>50K.
23,Private,HS-grad,Never Married,<=50K.
66,Private,Assoc-acdm,Married,>50K.
37,Self,10th,Married,<=50K.
35,Private,Some-college,Never Married,<=50K.
42,Govt,Bachelors,Married,>50K.
49,Private,10th,Never Married,<=50K.
51,Govt,Bachelors,Married,>50K.
71,Govt,HS-grad,Widowed,<=50K.
50,Govt,Masters,Married,>50K.
63,Private,HS-grad,Widowed,<=50K.
41,Govt,Masters,Never Married,<=50K.
24,Govt,Some-college,Never Married,<=50K.
41,Govt,Some-college,Divorced,<=50K.
33,Govt,Assoc-acdm,Married,<=50K.
42,Govt,Some-college,Married,<=50K.
23,Private,Bachelors,Never Married,<=50K.
49,Private,Assoc-voc,Divorced,<=50K.
28,Self,12th,Married,<=50K.
31,Private,5th-6th,Married,<=50K.
28,Private,Bachelors,Never Married,<=50K.
37,Private,11th,Married,<=50K.
19,Private,Some-college,Never Married,<=50K.
51,Govt,Bachelors,Married,<=50K.
25,Private,Assoc-voc,Married,<=50K.
49,Self,HS-grad,Married,<=50K.
47,Private,HS-grad,Divorced,<=50K.
48,Govt,HS-grad,Married,<=50K.
41,Govt,HS-grad,Divorced,<=50K.
32,Private,HS-grad,Divorced,<=50K.
26,NA,HS-grad,Never Married,<=50K.
46,Private,HS-grad,Married,<=50K.
17,Private,10th,Never Married,<=50K.
34,Private,11th,Divorced,<=50K.
44,Private,HS-grad,Never Married,<=50K.
23,Private,Assoc-acdm,Never Married,<=50K.
35,Private,Some-college,Never Married,<=50K.
30,Private,Bachelors,Never Married,<=50K.
65,NA,Some-college,Married,<=50K.
34,Private,Bachelors,Married,<=50K.
34,Govt,Prof-school,Married,>50K.
39,Private,Assoc-voc,Married,<=50K.
28,Private,Assoc-voc,Married,<=50K.
53,Govt,Masters,Married,>50K.
34,Private,11th,Never Married,<=50K.
21,Private,HS-grad,Never Married,<=50K.
53,Private,7th-8th,Married,<=50K.
54,Self,Masters,Divorced,>50K.
32,Private,Some-college,Divorced,<=50K.
39,Govt,Bachelors,Never Married,<=50K.
39,Private,Some-college,Divorced,<=50K.
29,Private,HS-grad,Married,<=50K.
29,Private,HS-grad,Divorced,<=50K.
43,Private,HS-grad,Married,>50K.
20,NA,Some-college,Never Married,<=50K.
39,Private,Masters,Married,<=50K.
45,Private,Some-college,Divorced,<=50K.
36,Private,Some-college,Married,<=50K.
71,NA,Assoc-voc,Widowed,<=50K.
62,NA,HS-grad,Married,<=50K.
43,Govt,Some-college,Divorced,<=50K.
31,Private,HS-grad,Never Married,<=50K.
39,Private,HS-grad,Married,>50K.
32,Private,Bachelors,Married,>50K.
45,Govt,HS-grad,Married,>50K.
19,Private,HS-grad,Never Married,<=50K.
43,Private,Some-college,Married,>50K.
32,Private,Assoc-voc,Married,<=50K.
43,Self,Bachelors,Never Married,<=50K.
34,Private,Bachelors,Married,<=50K.
66,Self,Some-college,Married,<=50K.
37,Private,Assoc-voc,Married,>50K.
46,Self,Assoc-acdm,Married,<=50K.
23,Private,Bachelors,Never Married,<=50K.
41,Private,Bachelors,Never Married,>50K.
63,Private,HS-grad,Married,<=50K.
55,Private,HS-grad,Married,>50K.
35,Self,Prof-school,Married,>50K.
28,Private,9th,Never Married,>50K.
37,Private,Bachelors,Married,>50K.
63,NA,HS-grad,Married,<=50K.
43,Private,Bachelors,Married,>50K.
30,Self,Assoc-voc,Never Married,<=50K.
36,Govt,Masters,Married,>50K.
54,Private,Bachelors,Married,>50K.
36,Govt,Bachelors,Married,>50K.
78,Self,Bachelors,Married,>50K.
77,Private,Bachelors,Married,>50K.
28,Private,HS-grad,Married,<=50K.
39,Self,HS-grad,Married,>50K.
37,Private,Bachelors,Separated,<=50K.
34,Private,Assoc-voc,Married,>50K.
22,Govt,Bachelors,Never Married,<=50K.
54,Private,Bachelors,Never Married,<=50K.
21,Private,Some-college,Never Married,<=50K.
36,Private,10th,Married,<=50K.
62,Self,HS-grad,Widowed,<=50K.
40,Private,Some-college,Married,>50K.
47,Self,Some-college,Divorced,<=50K.
38,Private,Bachelors,Married,>50K.
28,Private,5th-6th,Never Married,<=50K.
46,Private,Bachelors,Divorced,<=50K.
22,Private,Some-college,Married,<=50K.
37,Private,HS-grad,Divorced,<=50K.
69,Private,10th,Separated,<=50K.
43,Private,Bachelors,Married,>50K.
53,Private,Bachelors,Never Married,>50K.
20,Private,HS-grad,Never Married,<=50K.
22,Private,Bachelors,Never Married,<=50K.
48,Private,9th,Married,<=50K.
40,Govt,Masters,Married,>50K.
68,NA,Some-college,Married,<=50K.
39,Private,Some-college,Divorced,<=50K.
57,Private,HS-grad,Married,>50K.
23,Private,10th,Never Married,<=50K.
25,Govt,Bachelors,Married,>50K.
22,Private,HS-grad,Never Married,<=50K.
23,Private,12th,Never Married,<=50K.
41,Govt,Bachelors,Married,>50K.
25,Private,Some-college,Never Married,<=50K.
58,Private,Some-college,Married,<=50K.
33,Private,HS-grad,Divorced,<=50K.
28,Private,Masters,Married,<=50K.
19,Private,11th,Never Married,<=50K.
44,Private,Some-college,Divorced,<=50K.
68,Private,Preschool,Never Married,<=50K.
33,Govt,HS-grad,Married,>50K.
24,Private,HS-grad,Divorced,<=50K.
44,Self,HS-grad,Married,<=50K.
38,Private,Bachelors,Married,>50K.
31,Private,HS-grad,Separated,<=50K.
29,Private,HS-grad,Divorced,<=50K.
65,Private,9th,Widowed,<=50K.
55,Private,HS-grad,Widowed,<=50K.
49,Private,HS-grad,Married,<=50K.
27,Private,HS-grad,Never Married,<=50K.
41,Private,HS-grad,Divorced,<=50K.
33,Self,Some-college,Married,>50K.
22,Self,HS-grad,Never Married,<=50K.
41,Private,HS-grad,Married,>50K.
66,Private,HS-grad,Married,<=50K.
38,Private,Some-college,Divorced,<=50K.
43,Private,HS-grad,Married,>50K.
40,Govt,Some-college,Married,<=50K.
32,Private,Some-college,Married,>50K.
30,Private,HS-grad,Never Married,<=50K.
35,Private,Bachelors,Married,<=50K.
41,Private,Masters,Married,>50K.
33,Govt,Bachelors,Never Married,<=50K.
36,Private,Bachelors,Married,>50K.
33,Self,Bachelors,Married,<=50K.
53,Private,HS-grad,Married,>50K.
27,Private,Bachelors,Never Married,<=50K.
22,Private,Bachelors,Never Married,<=50K.
26,Private,HS-grad,Married,<=50K.
64,Private,HS-grad,Married,<=50K.
48,Private,Some-college,Divorced,<=50K.
23,Private,HS-grad,Never Married,<=50K.
26,Private,Some-college,Never Married,<=50K.
35,Self,Bachelors,Married,<=50K.
46,Private,Some-college,Married,>50K.
65,Self,Some-college,Widowed,<=50K.
53,Private,HS-grad,Widowed,<=50K.
18,Private,5th-6th,Never Married,<=50K.
34,Self,Prof-school,Married,>50K.
28,Private,HS-grad,Never Married,<=50K.
37,Private,Bachelors,Married,>50K.
61,NA,Bachelors,Married,<=50K.
59,Private,Bachelors,Married,<=50K.
32,Private,Masters,Never Married,>50K.
31,Private,Bachelors,Married,<=50K.
25,Govt,Bachelors,Never Married,<=50K.
81,Private,1st-4th,Married,<=50K.
47,Private,HS-grad,Separated,<=50K.
39,Private,HS-grad,Married,<=50K.
37,Private,Some-college,Married,<=50K.
44,Private,HS-grad,Married,>50K.
37,Private,Assoc-acdm,Married,<=50K.
41,Private,Some-college,Married,>50K.
27,NA,5th-6th,Married,<=50K.
55,Private,Some-college,Married,>50K.
60,Private,Bachelors,Married,>50K.
22,Private,Assoc-acdm,Never Married,<=50K.
23,Private,Bachelors,Never Married,<=50K.
19,Private,HS-grad,Never Married,<=50K.
45,Private,Some-college,Married,>50K.
36,Private,HS-grad,Separated,<=50K.
46,Private,Bachelors,Married,>50K.
48,Private,11th,Married,<=50K.
39,Self,HS-grad,Married,<=50K.
29,Private,Bachelors,Married,<=50K.
39,Private,HS-grad,Divorced,<=50K.
26,Private,HS-grad,Never Married,<=50K.
37,Private,Assoc-acdm,Divorced,<=50K.
49,Private,Some-college,Married,>50K.
27,Private,Bachelors,Never Married,<=50K.
28,Private,10th,Never Married,<=50K.
35,Private,Some-college,Divorced,<=50K.
54,NA,HS-grad,Married,<=50K.
17,Private,10th,Never Married,<=50K.
18,Private,HS-grad,Never Married,<=50K.
33,Private,Some-college,Never Married,<=50K.
33,Private,Assoc-acdm,Married,<=50K.
51,Private,Some-college,Married,<=50K.
49,Private,HS-grad,Never Married,<=50K.
49,Self,Some-college,Divorced,<=50K.
41,Private,Some-college,Married,>50K.
64,Private,1st-4th,Divorced,<=50K.
40,Private,Some-college,Married,>50K.
49,Govt,HS-grad,Widowed,<=50K.
23,Private,Bachelors,Never Married,<=50K.
34,Private,Some-college,Divorced,<=50K.
38,Private,11th,Married,>50K.
47,Self,Some-college,Married,<=50K.
30,Private,HS-grad,Never Married,<=50K.
36,Private,Assoc-acdm,Married,>50K.
23,Govt,Bachelors,Never Married,<=50K.
47,Self,Some-college,Married,<=50K.
61,Private,HS-grad,Divorced,<=50K.
47,Self,Bachelors,Married,<=50K.
56,Private,Bachelors,Married,>50K.
20,Private,12th,Never Married,<=50K.
33,Private,HS-grad,Married,>50K.
36,Self,HS-grad,Married,>50K.
38,NA,HS-grad,Married,<=50K.
34,Govt,Some-college,Married,>50K.
56,Private,HS-grad,Married,<=50K.
32,Private,Assoc-voc,Never Married,<=50K.
26,Private,Assoc-acdm,Married,>50K.
49,Private,Bachelors,Never Married,>50K.
71,Private,HS-grad,Married,>50K.
19,Private,Some-college,Never Married,<=50K.
20,Private,Some-college,Never Married,<=50K.
42,Private,HS-grad,Divorced,<=50K.
51,Private,Some-college,Married,>50K.
38,Private,Some-college,Married,<=50K.
38,Private,10th,Married,>50K.
35,Self,Bachelors,Divorced,<=50K.
24,Govt,Bachelors,Married,<=50K.
40,Private,HS-grad,Divorced,<=50K.
21,Private,HS-grad,Never Married,<=50K.
49,Private,HS-grad,Divorced,<=50K.
18,NA,Some-college,Never Married,<=50K.
54,Private,HS-grad,Married,>50K.
52,Private,Bachelors,Married,<=50K.
27,Private,Bachelors,Never Married,<=50K.
20,Private,HS-grad,Never Married,<=50K.
38,NA,Masters,Married,>50K.
31,Private,Some-college,Divorced,<=50K.
25,Private,HS-grad,Never Married,<=50K.
19,Govt,Some-college,Never Married,<=50K.
33,Private,Some-college,Married,<=50K.
23,Private,Bachelors,Never Married,<=50K.
34,Private,Masters,Divorced,<=50K.
42,Private,Bachelors,Divorced,>50K.
37,Govt,Masters,Divorced,<=50K.
25,Private,Bachelors,Never Married,<=50K.
40,Private,Assoc-voc,Married,<=50K.
33,Self,Bachelors,Never Married,<=50K.
31,Private,Some-college,Never Married,<=50K.
32,Self,Bachelors,Married,<=50K.
63,NA,Bachelors,Married,>50K.
54,Self,Bachelors,Married,>50K.
32,Self,HS-grad,Married,<=50K.
29,Govt,HS-grad,Married,<=50K.
26,Govt,Some-college,Married,<=50K.
39,Self,Some-college,Married,<=50K.
57,Private,Bachelors,Married,>50K.
54,Private,Some-college,Married,<=50K.
57,Private,10th,Married,<=50K.
23,Govt,Bachelors,Never Married,<=50K.
27,Self,Some-college,Married,>50K.
42,Private,Bachelors,Never Married,>50K.
31,Private,10th,Married,<=50K.
49,Govt,Masters,Divorced,<=50K.
50,Private,HS-grad,Married,<=50K.
46,Govt,HS-grad,Divorced,<=50K.
37,Private,HS-grad,Divorced,<=50K.
26,Private,HS-grad,Married,<=50K.
27,Private,Bachelors,Divorced,<=50K.
24,Private,Some-college,Never Married,<=50K.
24,Self,HS-grad,Never Married,<=50K.
29,Private,HS-grad,Divorced,<=50K.
47,Private,Bachelors,Married,>50K.
33,Self,Some-college,Married,<=50K.
26,Private,Assoc-acdm,Divorced,<=50K.
20,Private,Some-college,Never Married,<=50K.
25,Private,Assoc-voc,Married,>50K.
57,Govt,Bachelors,Divorced,<=50K.
36,Private,HS-grad,Married,<=50K.
25,Private,Masters,Married,<=50K.
46,Private,Bachelors,Married,>50K.
39,Private,HS-grad,Married,<=50K.
29,Private,Some-college,Married,>50K.
18,Private,11th,Never Married,<=50K.
46,Private,Assoc-voc,Married,<=50K.
61,Private,Bachelors,Married,>50K.
41,Private,HS-grad,Widowed,<=50K.
50,Private,Some-college,Divorced,<=50K.
53,Private,Bachelors,Married,>50K.
36,Govt,Bachelors,Never Married,<=50K.
38,Private,Some-college,Never Married,<=50K.
75,Self,HS-grad,Married,<=50K.
26,Private,Assoc-voc,Married,>50K.
44,Private,Bachelors,Married,>50K.
25,Private,HS-grad,Never Married,<=50K.
31,Private,Some-college,Never Married,<=50K.
49,Private,12th,Never Married,<=50K.
34,Private,HS-grad,Married,<=50K.
31,Self,HS-grad,Married,<=50K.
47,Self,Some-college,Divorced,<=50K.
38,Private,Bachelors,Married,>50K.
18,Private,HS-grad,Never Married,<=50K.
47,Private,9th,Divorced,<=50K.
42,Private,HS-grad,Never Married,<=50K.
29,Private,Bachelors,Never Married,<=50K.
38,Govt,Some-college,Divorced,<=50K.
22,Private,Some-college,Never Married,<=50K.
32,Private,HS-grad,Never Married,<=50K.
20,Private,Some-college,Never Married,<=50K.
41,Private,Prof-school,Married,<=50K.
46,Private,HS-grad,Married,>50K.
44,Private,HS-grad,Married,<=50K.
35,Private,Bachelors,Never Married,<=50K.
18,NA,Some-college,Never Married,<=50K.
60,Private,HS-grad,Married,>50K.
36,Govt,9th,Married,<=50K.
30,Private,Some-college,Never Married,<=50K.
40,Govt,Doctorate,Married,>50K.
21,Private,Some-college,Never Married,<=50K.
25,Private,Bachelors,Never Married,<=50K.
56,Govt,Masters,Divorced,<=50K.
42,Private,Some-college,Married,>50K.
26,Private,7th-8th,Never Married,<=50K.
66,Self,HS-grad,Married,>50K.
48,Private,7th-8th,Married,<=50K.
35,Private,Some-college,Never Married,<=50K.
41,Private,Masters,Married,>50K.
19,Private,Some-college,Never Married,<=50K.
55,Self,HS-grad,Married,<=50K.
42,Self,Bachelors,Married,>50K.
45,Private,Some-college,Divorced,<=50K.
29,Private,Bachelors,Never Married,<=50K.
42,Self,Doctorate,Married,>50K.
65,Private,HS-grad,Divorced,<=50K.
30,Private,Assoc-acdm,Never Married,<=50K.
43,Private,Some-college,Married,<=50K.
61,Private,7th-8th,Married,<=50K.
22,Private,Some-college,Never Married,<=50K.
23,Private,11th,Separated,<=50K.
34,Private,HS-grad,Married,<=50K.
51,Private,HS-grad,Widowed,<=50K.
21,Private,Some-college,Never Married,<=50K.
31,Private,Assoc-acdm,Never Married,<=50K.
34,Private,Assoc-acdm,Never Married,<=50K.
33,Govt,Some-college,Married,>50K.
32,Private,Masters,Separated,>50K.
44,Private,11th,Married,>50K.
21,Govt,Some-college,Never Married,<=50K.
75,Govt,HS-grad,Divorced,<=50K.
55,Govt,Masters,Married,>50K.
43,Self,HS-grad,Married,<=50K.
31,Private,HS-grad,Married,<=50K.
41,Private,Some-college,Married,<=50K.
26,Govt,Masters,Never Married,<=50K.
23,Private,Assoc-voc,Never Married,<=50K.
42,Govt,HS-grad,Divorced,<=50K.
29,Private,HS-grad,Never Married,<=50K.
21,Private,HS-grad,Never Married,<=50K.
28,Private,Bachelors,Never Married,<=50K.
64,NA,HS-grad,Married,<=50K.
35,Govt,Some-college,Never Married,<=50K.
65,Private,Bachelors,Married,<=50K.
34,Private,Bachelors,Never Married,<=50K.
58,Private,Bachelors,Divorced,<=50K.
63,NA,Prof-school,Married,>50K.
50,Private,Bachelors,Married,>50K.
59,Private,HS-grad,Divorced,<=50K.
46,Private,Bachelors,Married,>50K.
30,Private,Assoc-voc,Married,>50K.
28,Private,Bachelors,Never Married,<=50K.
51,NA,5th-6th,Married,<=50K.
47,Private,Masters,Divorced,>50K.
30,Private,Bachelors,Divorced,>50K.
34,Private,HS-grad,Never Married,<=50K.
51,Govt,Some-college,Divorced,<=50K.
41,Private,HS-grad,Married,<=50K.
57,Private,Some-college,Married,>50K.
28,Self,Assoc-voc,Married,<=50K.
62,Govt,HS-grad,Widowed,<=50K.
22,Govt,Some-college,Never Married,<=50K.
38,Private,Bachelors,Married,>50K.
34,NA,11th,Never Married,<=50K.
45,Govt,HS-grad,Married,>50K.
37,Private,Assoc-acdm,Married,<=50K.
21,Private,HS-grad,Divorced,<=50K.
49,Private,HS-grad,Never Married,<=50K.
24,Private,HS-grad,Never Married,<=50K.
47,Private,Bachelors,Divorced,>50K.
20,Govt,Some-college,Never Married,<=50K.
27,Private,Prof-school,Married,>50K.
40,Private,HS-grad,Separated,<=50K.
19,NA,Some-college,Never Married,<=50K.
31,Govt,Bachelors,Divorced,<=50K.
43,Private,HS-grad,Married,>50K.
48,Private,Bachelors,Married,>50K.
64,Self,HS-grad,Married,>50K.
39,Private,HS-grad,Separated,<=50K.
50,Private,HS-grad,Married,<=50K.
52,Private,Assoc-voc,Divorced,<=50K.
44,Private,Masters,Married,<=50K.
50,NA,HS-grad,Married,>50K.
54,Private,HS-grad,Married,>50K.
17,Self,10th,Never Married,<=50K.
33,Govt,HS-grad,Married,<=50K.
28,Private,10th,Never Married,<=50K.
39,Self,Bachelors,Married,<=50K.
33,Private,Assoc-voc,Never Married,<=50K.
59,Private,7th-8th,Never Married,<=50K.
74,Private,1st-4th,Widowed,<=50K.
54,Private,Some-college,Married,>50K.
31,Private,Assoc-acdm,Married,<=50K.
31,Private,Some-college,Separated,<=50K.
20,Private,Some-college,Never Married,<=50K.
54,Govt,Masters,Married,>50K.
42,Private,Assoc-voc,Married,<=50K.
57,Self,Prof-school,Married,<=50K.
49,Private,HS-grad,Widowed,<=50K.
40,Private,Doctorate,Married,>50K.
19,NA,HS-grad,Never Married,<=50K.
38,Private,HS-grad,Never Married,<=50K.
39,Private,HS-grad,Married,>50K.
43,Private,Assoc-acdm,Married,>50K.
32,NA,Some-college,Divorced,<=50K.
57,Private,Bachelors,Married,<=50K.
38,Private,Prof-school,Married,>50K.
25,Private,Bachelors,Never Married,<=50K.
40,Private,Bachelors,Never Married,<=50K.
34,Private,Bachelors,Married,>50K.
35,Self,HS-grad,Divorced,<=50K.
53,Private,Some-college,Divorced,<=50K.
21,Private,Some-college,Never Married,<=50K.
43,Private,Bachelors,Married,<=50K.
43,Self,HS-grad,Married,<=50K.
22,Private,Assoc-voc,Never Married,<=50K.
64,Self,HS-grad,Married,<=50K.
19,NA,12th,Never Married,<=50K.
40,Private,Masters,Never Married,<=50K.
34,Private,HS-grad,Married,<=50K.
46,Private,HS-grad,Married,<=50K.
35,Private,HS-grad,Never Married,<=50K.
32,Private,Some-college,Married,<=50K.
26,Private,Some-college,Never Married,<=50K.
25,Private,HS-grad,Never Married,<=50K.
55,Private,Bachelors,Married,>50K.
22,Private,Some-college,Never Married,<=50K.
29,Govt,Some-college,Divorced,<=50K.
38,Self,HS-grad,Married,<=50K.
55,Private,Some-college,Widowed,<=50K.
26,Private,HS-grad,Married,<=50K.
34,Self,Bachelors,Never Married,<=50K.
25,Govt,HS-grad,Never Married,<=50K.
39,Private,HS-grad,Divorced,<=50K.
18,NA,11th,Never Married,<=50K.
58,Govt,9th,Married,<=50K.
34,Govt,Assoc-voc,Never Married,<=50K.
29,Self,Some-college,Never Married,<=50K.
49,Govt,Doctorate,Divorced,>50K.
38,Private,Bachelors,Never Married,<=50K.
21,Private,Some-college,Never Married,<=50K.
28,Private,Bachelors,Married,>50K.
42,Private,Some-college,Married,>50K.
29,Self,Assoc-acdm,Never Married,<=50K.
48,Private,HS-grad,Divorced,<=50K.
40,Private,Bachelors,Married,<=50K.
36,Private,Some-college,Married,>50K.
34,Private,Bachelors,Married,>50K.
57,Self,1st-4th,Married,<=50K.
24,Private,9th,Never Married,<=50K.
32,Private,9th,Separated,<=50K.
18,Self,HS-grad,Never Married,<=50K.
39,Private,HS-grad,Married,<=50K.
39,Private,11th,Divorced,<=50K.
18,Private,11th,Never Married,<=50K.
20,Private,Some-college,Never Married,<=50K.
27,NA,9th,Never Married,<=50K.
54,Private,10th,Married,<=50K.
40,Self,HS-grad,Married,>50K.
27,Private,Some-college,Married,<=50K.
27,Private,HS-grad,Never Married,<=50K.
43,Govt,Bachelors,Never Married,<=50K.
22,Private,Bachelors,Never Married,<=50K.
17,Private,11th,Never Married,<=50K.
37,Self,Assoc-acdm,Married,>50K.
49,Private,10th,Separated,<=50K.
33,Private,Assoc-voc,Never Married,<=50K.
21,Govt,Some-college,Never Married,<=50K.
45,Private,HS-grad,Divorced,<=50K.
33,Private,HS-grad,Married,<=50K.
25,Private,Bachelors,Married,<=50K.
71,Private,HS-grad,Married,<=50K.
23,Govt,Bachelors,Never Married,<=50K.
41,Private,Prof-school,Married,>50K.
21,NA,10th,Never Married,<=50K.
47,Private,HS-grad,Married,<=50K.
30,Private,Bachelors,Never Married,<=50K.
40,Private,Some-college,Married,<=50K.
44,Private,Some-college,Divorced,<=50K.
50,Private,Masters,Married,>50K.
31,Govt,HS-grad,Married,<=50K.
68,Private,HS-grad,Married,<=50K.
45,Private,12th,Married,<=50K.
38,Private,Bachelors,Never Married,<=50K.
78,Self,11th,Married,<=50K.
31,Self,Assoc-voc,Married,<=50K.
39,Private,HS-grad,Divorced,<=50K.
36,Self,7th-8th,Married,>50K.
46,Govt,Masters,Divorced,<=50K.
30,Private,Some-college,Married,>50K.
34,Private,Some-college,Never Married,<=50K.
30,Govt,HS-grad,Separated,<=50K.
47,Private,Bachelors,Married,>50K.
40,Private,Some-college,Married,>50K.
62,NA,HS-grad,Married,<=50K.
44,Self,HS-grad,Married,<=50K.
40,Private,HS-grad,Divorced,<=50K.
20,Private,Some-college,Never Married,<=50K.
45,Private,Bachelors,Married,>50K.
55,Private,Bachelors,Married,>50K.
51,Private,HS-grad,Never Married,<=50K.
38,Private,Some-college,Married,<=50K.
49,Govt,Masters,Married,>50K.
49,Govt,Bachelors,Married,>50K.
30,Govt,HS-grad,Separated,<=50K.
20,Private,Some-college,Never Married,<=50K.
34,Private,9th,Separated,<=50K.
42,Govt,HS-grad,Widowed,<=50K.
46,Private,Masters,Married,>50K.
43,Private,Bachelors,Never Married,>50K.
62,Private,HS-grad,Never Married,<=50K.
21,Private,Some-college,Never Married,<=50K.
58,Govt,1st-4th,Widowed,<=50K.
30,Private,Bachelors,Married,<=50K.
37,Private,HS-grad,Separated,<=50K.
22,Govt,Bachelors,Never Married,<=50K.
64,Govt,9th,Never Married,<=50K.
42,Private,HS-grad,Married,>50K.
43,Govt,HS-grad,Married,<=50K.
34,Private,Some-college,Divorced,<=50K.
25,Private,HS-grad,Never Married,<=50K.
21,Private,Some-college,Never Married,<=50K.
45,Govt,HS-grad,Married,>50K.
55,Self,Assoc-acdm,Married,>50K.
24,Private,HS-grad,Never Married,<=50K.
70,Self,Some-college,Married,<=50K.
27,Govt,Bachelors,Never Married,<=50K.
34,Private,Some-college,Married,<=50K.
57,Private,Bachelors,Married,<=50K.
37,Self,HS-grad,Married,<=50K.
52,Private,1st-4th,Married,>50K.
32,Private,HS-grad,Married,<=50K.
42,Private,Assoc-voc,Married,<=50K.
24,Private,Bachelors,Never Married,<=50K.
50,Private,HS-grad,Married,<=50K.
36,Private,Assoc-acdm,Married,<=50K.
42,Private,HS-grad,Married,<=50K.
40,Private,HS-grad,Never Married,<=50K.
39,Govt,Bachelors,Never Married,<=50K.
51,Private,Bachelors,Married,>50K.
38,Govt,Bachelors,Married,<=50K.
18,Private,HS-grad,Never Married,<=50K.
63,Self,5th-6th,Never Married,<=50K.
50,Private,Masters,Married,>50K.
82,Self,HS-grad,Married,<=50K.
33,Private,HS-grad,Divorced,<=50K.
37,Private,Some-college,Married,<=50K.
24,Private,HS-grad,Married,<=50K.
31,Private,Bachelors,Never Married,<=50K.
59,Private,HS-grad,Divorced,<=50K.
18,Private,12th,Never Married,<=50K.
47,Self,Some-college,Married,<=50K.
48,Private,11th,Married,<=50K.
27,Private,Bachelors,Never Married,<=50K.
34,Private,11th,Never Married,<=50K.
50,Private,Assoc-voc,Married,<=50K.
57,Self,Some-college,Married,<=50K.
60,Private,HS-grad,Married,<=50K.
39,Private,HS-grad,Married,>50K.
56,NA,Some-college,Divorced,>50K.
18,Private,HS-grad,Never Married,<=50K.
26,Private,Assoc-acdm,Married,<=50K.
37,Private,Some-college,Married,>50K.
20,Private,HS-grad,Never Married,<=50K.
29,Govt,Masters,Never Married,<=50K.
30,Private,HS-grad,Divorced,<=50K.
21,Private,Some-college,Never Married,<=50K.
24,Govt,Some-college,Never Married,<=50K.
51,Private,HS-grad,Married,<=50K.
31,Private,HS-grad,Divorced,<=50K.
45,Private,Bachelors,Married,>50K.
36,Govt,Some-college,Married,<=50K.
29,Private,Bachelors,Never Married,<=50K.
20,Private,HS-grad,Never Married,<=50K.
46,Private,Some-college,Widowed,<=50K.
44,Private,HS-grad,Married,<=50K.
39,Private,HS-grad,Divorced,<=50K.
39,Private,Bachelors,Divorced,<=50K.
45,Private,HS-grad,Married,>50K.
28,Private,Some-college,Married,<=50K.
44,Private,Some-college,Married,<=50K.
48,Govt,HS-grad,Married,>50K.
27,Private,HS-grad,Never Married,<=50K.
34,Self,HS-grad,Married,<=50K.
35,Private,HS-grad,Married,<=50K.
28,Govt,HS-grad,Never Married,<=50K.
25,Private,Prof-school,Never Married,<=50K.
21,Private,Some-college,Never Married,<=50K.
18,Private,11th,Never Married,<=50K.
63,Self,7th-8th,Widowed,<=50K.
18,Private,11th,Never Married,<=50K.
32,Private,HS-grad,Married,<=50K.
25,NA,11th,Never Married,<=50K.
19,Private,11th,Never Married,<=50K.
23,Private,Some-college,Never Married,<=50K.
38,Private,Masters,Married,<=50K.
36,Private,Masters,Married,>50K.
43,Private,HS-grad,Divorced,<=50K.
45,Private,Bachelors,Married,>50K.
30,Private,HS-grad,Married,<=50K.
46,Private,HS-grad,Married,<=50K.
24,Govt,Some-college,Divorced,<=50K.
42,Private,Some-college,Never Married,>50K.
23,Private,Some-college,Never Married,<=50K.
27,Private,HS-grad,Never Married,<=50K.
48,Private,Some-college,Never Married,<=50K.
31,Self,HS-grad,Never Married,<=50K.
31,Private,1st-4th,Never Married,<=50K.
18,Private,12th,Never Married,<=50K.
36,Private,HS-grad,Never Married,<=50K.
58,Private,Bachelors,Married,>50K.
51,Self,HS-grad,Married,<=50K.
22,Private,HS-grad,Never Married,<=50K.
72,Private,10th,Married,<=50K.
61,Private,10th,Married,<=50K.
42,Private,Some-college,Married,<=50K.
37,Govt,HS-grad,Divorced,<=50K.
30,Self,HS-grad,Married,>50K.
40,Private,Assoc-acdm,Divorced,<=50K.
20,Private,HS-grad,Never Married,<=50K.
65,Private,Bachelors,Married,<=50K.
36,Private,Some-college,Divorced,<=50K.
37,Private,HS-grad,Never Married,<=50K.
33,Self,Some-college,Married,<=50K.
64,Govt,HS-grad,Widowed,<=50K.
61,Self,Bachelors,Married,>50K.
38,Private,Bachelors,Never Married,<=50K.
27,Private,Bachelors,Married,>50K.
24,Private,Bachelors,Never Married,<=50K.
39,Private,Bachelors,Never Married,>50K.
44,Private,Bachelors,Married,>50K.
47,Private,Some-college,Divorced,<=50K.
73,NA,Prof-school,Married,<=50K.
66,Private,Bachelors,Married,<=50K.
53,Private,Some-college,Married,>50K.
43,Govt,Bachelors,Married,>50K.
57,Govt,Doctorate,Married,>50K.
44,Private,Assoc-acdm,Divorced,<=50K.
59,Private,Bachelors,Married,<=50K.
52,Self,HS-grad,Widowed,<=50K.
46,Private,Some-college,Never Married,<=50K.
20,Private,Some-college,Never Married,<=50K.
37,Govt,HS-grad,Married,>50K.
41,Self,Some-college,Married,<=50K.
39,Govt,HS-grad,Married,<=50K.
30,Private,HS-grad,Married,<=50K.
59,Private,Some-college,Divorced,<=50K.
22,Private,Bachelors,Never Married,<=50K.
40,Private,HS-grad,Divorced,<=50K.
39,Self,Bachelors,Married,<=50K.
24,Private,10th,Divorced,<=50K.
63,Private,HS-grad,Married,>50K.
51,Private,Assoc-acdm,Divorced,<=50K.
34,Self,Bachelors,Never Married,<=50K.
38,Private,Assoc-voc,Married,>50K.
17,Private,11th,Never Married,<=50K.
20,Private,Some-college,Never Married,<=50K.
42,Self,HS-grad,Married,<=50K.
41,Private,Bachelors,Married,>50K.
56,Govt,HS-grad,Married,<=50K.
17,Private,10th,Never Married,<=50K.
31,Private,Bachelors,Married,>50K.
23,Private,Some-college,Married,<=50K.
33,NA,Some-college,Never Married,<=50K.
36,Govt,Bachelors,Separated,<=50K.
37,Private,5th-6th,Married,<=50K.
52,Private,HS-grad,Separated,<=50K.
28,Private,HS-grad,Married,<=50K.
59,Private,HS-grad,Married,<=50K.
30,Private,10th,Never Married,<=50K.
32,Private,Assoc-voc,Never Married,<=50K.
30,Private,7th-8th,Never Married,<=50K.
53,Private,HS-grad,Married,<=50K.
54,Self,10th,Married,<=50K.
26,Private,Bachelors,Never Married,<=50K.
34,Private,Bachelors,Married,<=50K.
31,Private,Assoc-voc,Divorced,<=50K.
34,Private,HS-grad,Never Married,<=50K.
58,Private,HS-grad,Divorced,>50K.
30,Govt,HS-grad,Married,<=50K.
53,Private,HS-grad,Married,<=50K.
27,Private,Some-college,Divorced,<=50K.
23,Private,5th-6th,Married,<=50K.
24,Private,Assoc-voc,Married,<=50K.
36,Private,Bachelors,Married,>50K.
33,Govt,HS-grad,Divorced,<=50K.
22,Govt,Some-college,Never Married,<=50K.
47,Private,HS-grad,Married,<=50K.
34,Private,Assoc-acdm,Married,>50K.
44,Govt,Prof-school,Divorced,>50K.
41,Private,Assoc-voc,Never Married,<=50K.
45,NA,HS-grad,Separated,<=50K.
24,Private,HS-grad,Married,<=50K.
65,NA,Bachelors,Married,<=50K.
45,Private,Bachelors,Divorced,<=50K.
23,Private,Bachelors,Never Married,<=50K.
54,Private,HS-grad,Married,<=50K.
40,Private,11th,Never Married,<=50K.
45,Private,5th-6th,Divorced,<=50K.
50,Private,HS-grad,Married,<=50K.
40,Private,Assoc-acdm,Never Married,<=50K.
24,Private,Some-college,Never Married,<=50K.
42,Private,HS-grad,Married,<=50K.
50,Private,Some-college,Married,>50K.
58,Self,Some-college,Divorced,<=50K.
47,Private,Some-college,Married,<=50K.
37,Private,Doctorate,Married,>50K.
37,Self,HS-grad,Never Married,<=50K.
22,Private,Assoc-acdm,Never Married,<=50K.
29,Self,HS-grad,Married,<=50K.
45,Private,Bachelors,Married,>50K.
49,Self,Some-college,Married,<=50K.
44,Govt,Assoc-voc,Married,>50K.
72,Private,HS-grad,Divorced,<=50K.
63,Self,HS-grad,Married,<=50K.
26,Private,HS-grad,Married,<=50K.
58,Self,Assoc-voc,Married,<=50K.
40,Private,HS-grad,Married,<=50K.
56,Private,Some-college,Married,<=50K.
55,Self,Some-college,Married,<=50K.
28,Private,Bachelors,Never Married,<=50K.
57,Private,HS-grad,Married,<=50K.
37,Private,Masters,Divorced,>50K.
44,Private,HS-grad,Divorced,<=50K.
31,Private,HS-grad,Married,<=50K.
42,Private,Some-college,Married,<=50K.
18,Private,Some-college,Never Married,<=50K.
57,Self,10th,Married,<=50K.
53,Govt,Some-college,Married,<=50K.
38,Private,HS-grad,Married,>50K.
33,Private,HS-grad,Divorced,<=50K.
42,Private,Masters,Divorced,<=50K.
70,NA,HS-grad,Married,<=50K.
50,Private,HS-grad,Married,<=50K.
50,Private,HS-grad,Married,<=50K.
28,Private,Assoc-acdm,Married,<=50K.
72,Govt,11th,Divorced,<=50K.
33,Private,HS-grad,Married,<=50K.
47,Private,HS-grad,Married,<=50K.
48,Private,Some-college,Married,>50K.
64,Self,Bachelors,Married,>50K.
19,Private,11th,Never Married,<=50K.
48,Private,Assoc-voc,Divorced,<=50K.
37,Private,HS-grad,Married,>50K.
55,Private,HS-grad,Married,>50K.
24,Private,Masters,Never Married,<=50K.
42,Govt,HS-grad,Divorced,<=50K.
43,Private,HS-grad,Married,>50K.
34,Private,Assoc-acdm,Never Married,<=50K.
55,Self,Masters,Married,<=50K.
22,Private,HS-grad,Married,<=50K.
39,Private,Some-college,Divorced,<=50K.
50,Self,Bachelors,Married,<=50K.
47,Govt,Some-college,Married,>50K.
25,Private,Bachelors,Never Married,<=50K.
52,Private,11th,Divorced,<=50K.
30,Private,HS-grad,Married,<=50K.
37,Self,HS-grad,Divorced,<=50K.
73,Self,HS-grad,Married,<=50K.
50,Private,7th-8th,Divorced,<=50K.
34,Private,Some-college,Married,<=50K.
24,Private,Assoc-acdm,Never Married,<=50K.
66,Private,Some-college,Married,>50K.
22,Private,HS-grad,Never Married,<=50K.
69,Govt,10th,Married,<=50K.
23,Private,HS-grad,Never Married,<=50K.
55,Private,Bachelors,Widowed,<=50K.
35,Private,Some-college,Widowed,<=50K.
20,Private,Some-college,Never Married,<=50K.
70,Self,Some-college,Married,>50K.
54,Private,Assoc-voc,Married,>50K.
34,Private,HS-grad,Never Married,<=50K.
38,Govt,Doctorate,Married,>50K.
33,Private,7th-8th,Divorced,<=50K.
43,Private,HS-grad,Separated,<=50K.
60,Self,Some-college,Married,<=50K.
81,Self,Bachelors,Widowed,<=50K.
32,Self,HS-grad,Married,<=50K.
34,Private,HS-grad,Married,<=50K.
46,Self,Masters,Never Married,<=50K.
30,Govt,Some-college,Never Married,<=50K.
23,NA,HS-grad,Never Married,<=50K.
29,Private,Some-college,Married,<=50K.
51,Private,HS-grad,Married,<=50K.
31,Private,7th-8th,Never Married,<=50K.
36,Govt,HS-grad,Never Married,<=50K.
23,Private,Some-college,Never Married,<=50K.
35,Private,HS-grad,Married,<=50K.
28,Govt,Masters,Never Married,<=50K.
33,Govt,Bachelors,Married,>50K.
40,Private,Some-college,Married,<=50K.
27,Private,Some-college,Married,<=50K.
38,Self,HS-grad,Married,>50K.
47,Private,Assoc-voc,Divorced,<=50K.
25,Private,Some-college,Married,>50K.
45,Private,Bachelors,Married,>50K.
38,Private,Some-college,Never Married,<=50K.
66,NA,Some-college,Married,>50K.
65,Govt,Some-college,Never Married,<=50K.
30,Private,Assoc-voc,Never Married,>50K.
54,Private,11th,Married,<=50K.
49,Private,12th,Divorced,<=50K.
41,Self,Assoc-voc,Married,>50K.
48,Govt,HS-grad,Married,>50K.
23,Private,5th-6th,Never Married,<=50K.
77,Private,HS-grad,Married,<=50K.
19,Private,Some-college,Never Married,<=50K.
30,Private,HS-grad,Married,<=50K.
41,Self,Bachelors,Married,>50K.
35,Private,HS-grad,Married,>50K.
20,Private,Some-college,Never Married,<=50K.
66,Self,Bachelors,Married,>50K.
49,Private,HS-grad,Never Married,<=50K.
52,Private,Bachelors,Married,>50K.
24,Private,Masters,Married,>50K.
50,Private,HS-grad,Married,<=50K.
22,Private,11th,Never Married,<=50K.
19,Private,Some-college,Never Married,<=50K.
39,Private,11th,Never Married,<=50K.
45,Private,Bachelors,Married,<=50K.
61,Govt,Bachelors,Divorced,<=50K.
45,Private,Assoc-acdm,Divorced,<=50K.
36,Govt,Bachelors,Married,<=50K.
40,Private,Masters,Married,>50K.
38,Private,HS-grad,Married,<=50K.
52,Govt,Some-college,Married,<=50K.
29,Govt,Assoc-voc,Married,>50K.
33,Private,HS-grad,Never Married,<=50K.
40,Self,Some-college,Never Married,<=50K.
34,Private,HS-grad,Never Married,<=50K.
46,Govt,Bachelors,Divorced,>50K.
44,Private,Masters,Married,>50K.
19,Private,HS-grad,Never Married,<=50K.
44,Private,HS-grad,Married,>50K.
40,Private,HS-grad,Never Married,<=50K.
20,Private,Some-college,Never Married,<=50K.
24,Private,Assoc-acdm,Never Married,<=50K.
76,Private,HS-grad,Widowed,<=50K.
20,Private,HS-grad,Married,<=50K.
33,Private,Prof-school,Never Married,>50K.
31,Private,Some-college,Married,<=50K.
33,Private,HS-grad,Divorced,<=50K.
19,Private,HS-grad,Never Married,<=50K.
29,Private,Bachelors,Never Married,<=50K.
30,Private,HS-grad,Married,<=50K.
48,Private,Masters,Divorced,>50K.
42,Private,Bachelors,Married,<=50K.
37,Private,11th,Married,<=50K.
54,Self,HS-grad,Married,>50K.
42,Private,Assoc-acdm,Married,>50K.
28,Self,HS-grad,Never Married,<=50K.
42,Govt,Some-college,Married,>50K.
60,Govt,Masters,Married,>50K.
76,NA,HS-grad,Widowed,<=50K.
21,Private,Assoc-voc,Never Married,<=50K.
29,Private,Some-college,Never Married,<=50K.
43,Private,Bachelors,Married,>50K.
44,Private,HS-grad,Divorced,<=50K.
45,Private,Bachelors,Divorced,>50K.
38,Private,Some-college,Never Married,<=50K.
28,Private,Some-college,Married,>50K.
29,Private,HS-grad,Never Married,<=50K.
20,Private,Some-college,Never Married,<=50K.
49,Self,Masters,Married,>50K.
36,Govt,Some-college,Married,>50K.
40,Self,Bachelors,Married,>50K.
17,Private,12th,Never Married,<=50K.
45,Private,HS-grad,Married,<=50K.
42,Private,Some-college,Never Married,<=50K.
29,Private,Bachelors,Never Married,<=50K.
57,Self,Bachelors,Married,>50K.
23,Private,Bachelors,Never Married,<=50K.
20,Private,Some-college,Never Married,<=50K.
23,Private,HS-grad,Never Married,<=50K.
39,Private,HS-grad,Never Married,<=50K.
34,Private,Some-college,Married,>50K.
43,Self,Bachelors,Never Married,<=50K.
25,Govt,Some-college,Never Married,<=50K.
40,Private,Some-college,Married,<=50K.
52,Self,HS-grad,Divorced,<=50K.
48,Private,HS-grad,Widowed,<=50K.
37,Private,Assoc-voc,Never Married,<=50K.
36,Private,HS-grad,Married,<=50K.
33,Private,Assoc-voc,Married,<=50K.
36,Govt,HS-grad,Married,>50K.
24,Private,Bachelors,Never Married,<=50K.
42,Govt,HS-grad,Divorced,<=50K.
35,Self,Assoc-acdm,Never Married,<=50K.
40,Govt,HS-grad,Divorced,<=50K.
50,Self,Prof-school,Married,<=50K.
40,Private,Masters,Married,>50K.
22,Private,HS-grad,Never Married,<=50K.
57,Self,HS-grad,Married,<=50K.
51,Govt,HS-grad,Married,>50K.
61,Govt,HS-grad,Never Married,<=50K.
71,Private,HS-grad,Widowed,<=50K.
47,Private,HS-grad,Married,>50K.
38,Private,Bachelors,Never Married,<=50K.
25,Private,Bachelors,Never Married,<=50K.
33,Private,11th,Married,<=50K.
40,Govt,11th,Divorced,<=50K.
39,NA,11th,Never Married,<=50K.
29,Private,HS-grad,Married,<=50K.
33,Private,HS-grad,Never Married,<=50K.
46,Private,Some-college,Never Married,<=50K.
24,Private,HS-grad,Married,>50K.
28,Private,Masters,Never Married,<=50K.
20,Private,HS-grad,Never Married,<=50K.
34,Private,Some-college,Divorced,<=50K.
34,Govt,Bachelors,Married,<=50K.
25,Private,Some-college,Never Married,<=50K.
36,Private,Bachelors,Married,<=50K.
61,Private,HS-grad,Married,<=50K.
38,Private,Some-college,Separated,<=50K.
57,Private,HS-grad,Widowed,<=50K.
20,NA,HS-grad,Never Married,<=50K.
56,Private,HS-grad,Married,<=50K.
24,Private,Bachelors,Never Married,<=50K.
60,Private,Some-college,Divorced,<=50K.
37,Private,Some-college,Married,<=50K.
27,Private,Some-college,Married,>50K.
54,Private,Some-college,Separated,<=50K.
40,Private,HS-grad,Married,<=50K.
18,Private,12th,Never Married,<=50K.
51,Govt,HS-grad,Married,>50K.
40,Self,Some-college,Married,>50K.
64,Govt,HS-grad,Married,<=50K.
24,Private,HS-grad,Never Married,<=50K.
33,Private,HS-grad,Married,<=50K.
31,Private,HS-grad,Divorced,<=50K.
26,Govt,HS-grad,Married,>50K.
54,Private,Bachelors,Never Married,>50K.
31,Private,1st-4th,Never Married,<=50K.
39,Private,12th,Married,<=50K.
22,Private,Some-college,Never Married,<=50K.
31,Private,Some-college,Never Married,<=50K.
68,Private,5th-6th,Separated,<=50K.
59,Govt,10th,Divorced,<=50K.
35,Self,HS-grad,Married,<=50K.
25,Private,Bachelors,Never Married,<=50K.
23,Private,HS-grad,Never Married,<=50K.
35,Private,Some-college,Divorced,<=50K.
17,Govt,10th,Never Married,<=50K.
19,Private,Some-college,Never Married,<=50K.
53,Private,Masters,Married,>50K.
59,Private,5th-6th,Divorced,<=50K.
37,Private,HS-grad,Never Married,<=50K.
74,Self,HS-grad,Widowed,<=50K.
28,Private,Some-college,Never Married,<=50K.
40,Private,Bachelors,Never Married,<=50K.
30,Private,Some-college,Married,<=50K.
20,Private,Some-college,Never Married,<=50K.
80,Private,Prof-school,Married,>50K.
51,Private,HS-grad,Married,<=50K.
17,Private,10th,Never Married,<=50K.
37,Govt,Bachelors,Married,<=50K.
19,NA,HS-grad,Never Married,<=50K.
58,Private,HS-grad,Never Married,<=50K.
57,Private,Some-college,Married,<=50K.
37,Private,Some-college,Divorced,<=50K.
23,Govt,Some-college,Never Married,<=50K.
36,Private,Bachelors,Never Married,<=50K.
33,Private,HS-grad,Married,<=50K.
30,Private,Some-college,Married,<=50K.
30,Private,HS-grad,Never Married,<=50K.
41,Private,Prof-school,Married,>50K.
57,NA,Some-college,Married,>50K.
23,Private,HS-grad,Never Married,<=50K.
40,Private,Prof-school,Never Married,>50K.
53,Private,HS-grad,Widowed,<=50K.
31,Govt,Some-college,Never Married,<=50K.
41,NA,5th-6th,Married,<=50K.
36,Private,HS-grad,Never Married,<=50K.
30,Private,12th,Divorced,<=50K.
44,Private,HS-grad,Married,<=50K.
36,Private,HS-grad,Never Married,<=50K.
42,Private,Assoc-acdm,Married,>50K.
48,Self,HS-grad,Married,<=50K.
22,Private,Bachelors,Never Married,<=50K.
38,Private,HS-grad,Married,<=50K.
31,Private,HS-grad,Never Married,<=50K.
32,Private,HS-grad,Divorced,<=50K.
35,Private,HS-grad,Married,<=50K.
21,Private,Some-college,Never Married,<=50K.
26,Private,HS-grad,Married,<=50K.
19,Govt,HS-grad,Never Married,<=50K.
43,Private,HS-grad,Married,>50K.
33,Private,HS-grad,Married,<=50K.
30,Private,Bachelors,Never Married,<=50K.
52,Private,10th,Married,<=50K.
38,Govt,Bachelors,Married,>50K.
28,Private,Bachelors,Married,>50K.
57,Self,Assoc-acdm,Married,<=50K.
51,Private,Bachelors,Married,>50K.
50,Private,9th,Married,<=50K.
32,Private,Bachelors,Married,>50K.
32,Private,Bachelors,Married,>50K.
37,Private,HS-grad,Married,<=50K.
69,Self,HS-grad,Married,<=50K.
33,NA,Some-college,Divorced,<=50K.
37,Private,Some-college,Married,>50K.
36,Private,Some-college,Never Married,<=50K.
47,Self,HS-grad,Married,>50K.
63,Private,10th,Married,<=50K.
21,Private,Some-college,Never Married,<=50K.
17,Private,HS-grad,Never Married,<=50K.
56,Private,HS-grad,Separated,<=50K.
90,Govt,Assoc-acdm,Married,<=50K.
27,Private,Some-college,Divorced,<=50K.
38,Private,HS-grad,Divorced,<=50K.
33,Private,Assoc-acdm,Married,<=50K.
26,Private,HS-grad,Never Married,<=50K.
20,Private,Some-college,Never Married,<=50K.
42,Private,11th,Married,<=50K.
55,Private,HS-grad,Divorced,<=50K.
32,Govt,Some-college,Married,<=50K.
66,Private,Bachelors,Married,>50K.
66,Govt,Doctorate,Divorced,<=50K.
49,Private,Some-college,Divorced,<=50K.
34,Private,HS-grad,Divorced,<=50K.
38,Private,Bachelors,Married,>50K.
40,Self,HS-grad,Married,<=50K.
22,Govt,Assoc-acdm,Never Married,<=50K.
46,Self,HS-grad,Married,<=50K.
29,Private,HS-grad,Married,<=50K.
19,Private,12th,Never Married,<=50K.
71,NA,HS-grad,Widowed,<=50K.
37,Govt,Bachelors,Divorced,<=50K.
52,Govt,Masters,Never Married,>50K.
27,Private,Masters,Never Married,<=50K.
52,Private,HS-grad,Married,<=50K.
31,Private,HS-grad,Never Married,<=50K.
37,Self,Some-college,Married,>50K.
28,Private,HS-grad,Never Married,<=50K.
25,Private,7th-8th,Married,<=50K.
31,Private,Some-college,Married,<=50K.
29,Private,HS-grad,Married,<=50K.
45,Private,HS-grad,Widowed,<=50K.
69,Private,7th-8th,Married,<=50K.
50,Private,11th,Married,<=50K.
54,Govt,Doctorate,Married,>50K.
17,Private,9th,Never Married,<=50K.
34,Private,HS-grad,Never Married,>50K.
32,Self,HS-grad,Married,<=50K.
23,Private,Some-college,Never Married,<=50K.
66,Private,Bachelors,Married,>50K.
61,Private,HS-grad,Married,<=50K.
55,Private,Some-college,Divorced,<=50K.
24,Private,HS-grad,Never Married,<=50K.
30,Private,HS-grad,Divorced,<=50K.
49,Private,Assoc-voc,Divorced,>50K.
21,NA,Some-college,Never Married,<=50K.
56,Self,HS-grad,Married,>50K.
25,Private,HS-grad,Married,<=50K.
49,Private,Bachelors,Divorced,<=50K.
58,Private,Bachelors,Married,>50K.
40,Govt,Bachelors,Never Married,<=50K.
62,Private,Masters,Divorced,<=50K.
54,Private,Bachelors,Married,>50K.
34,Self,Assoc-voc,Never Married,<=50K.
18,Private,10th,Never Married,<=50K.
28,NA,11th,Never Married,<=50K.
32,Private,HS-grad,Married,<=50K.
22,Govt,Bachelors,Never Married,<=50K.
34,Govt,Bachelors,Never Married,<=50K.
53,NA,Bachelors,Married,>50K.
47,Private,HS-grad,Married,<=50K.
19,Private,Some-college,Never Married,<=50K.
41,Self,Some-college,Married,>50K.
46,Private,Some-college,Married,<=50K.
56,Self,7th-8th,Divorced,<=50K.
42,Private,HS-grad,Divorced,<=50K.
25,Private,Bachelors,Never Married,<=50K.
42,Private,HS-grad,Married,<=50K.
43,Private,Bachelors,Divorced,>50K.
17,Private,11th,Never Married,<=50K.
57,Self,7th-8th,Married,>50K.
40,Private,Masters,Married,>50K.
62,Govt,HS-grad,Widowed,<=50K.
20,Private,Some-college,Never Married,<=50K.
47,Private,Some-college,Married,<=50K.
40,Private,Some-college,Married,<=50K.
44,Private,HS-grad,Married,>50K.
48,Private,Bachelors,Married,<=50K.
39,Self,Assoc-voc,Married,>50K.
46,Govt,Some-college,Married,>50K.
72,Self,Prof-school,Married,>50K.
53,Private,HS-grad,Married,<=50K.
47,Govt,Some-college,Married,>50K.
40,Self,HS-grad,Divorced,<=50K.
34,Private,HS-grad,Separated,<=50K.
41,Private,HS-grad,Never Married,<=50K.
41,Private,HS-grad,Married,<=50K.
20,Private,Some-college,Never Married,<=50K.
42,Self,1st-4th,Married,<=50K.
54,Govt,Bachelors,Never Married,<=50K.
39,Self,Bachelors,Married,<=50K.
37,Private,HS-grad,Divorced,<=50K.
59,Private,Doctorate,Married,<=50K.
69,Private,5th-6th,Married,<=50K.
24,Private,Bachelors,Never Married,<=50K.
36,Private,Assoc-voc,Married,>50K.
21,NA,Some-college,Never Married,<=50K.
68,NA,HS-grad,Widowed,<=50K.
20,Private,Some-college,Separated,<=50K.
26,Self,Assoc-voc,Never Married,<=50K.
48,Private,12th,Widowed,<=50K.
39,Self,Prof-school,Married,>50K.
21,Private,Assoc-acdm,Never Married,<=50K.
22,Private,HS-grad,Never Married,<=50K.
34,Private,Assoc-voc,Divorced,<=50K.
33,Private,Some-college,Married,>50K.
46,Private,9th,Married,<=50K.
47,Private,11th,Married,>50K.
65,Private,Bachelors,Married,>50K.
23,Private,HS-grad,Married,<=50K.
28,Private,Some-college,Never Married,<=50K.
34,Self,HS-grad,Divorced,>50K.
20,Private,Some-college,Never Married,<=50K.
28,Private,11th,Never Married,<=50K.
52,Self,Bachelors,Married,<=50K.
40,Govt,Masters,Married,>50K.
22,Private,Bachelors,Never Married,<=50K.
29,Self,HS-grad,Married,<=50K.
31,Self,7th-8th,Married,<=50K.
42,Govt,Masters,Married,>50K.
38,Private,HS-grad,Never Married,<=50K.
22,Private,11th,Married,>50K.
21,NA,Some-college,Never Married,<=50K.
43,Private,9th,Married,<=50K.
43,Self,Bachelors,Married,>50K.
33,Private,Some-college,Married,<=50K.
17,Self,10th,Never Married,<=50K.
54,Self,Prof-school,Married,>50K.
45,Private,HS-grad,Divorced,<=50K.
55,Govt,10th,Married,<=50K.
51,Self,HS-grad,Married,>50K.
65,Govt,10th,Divorced,<=50K.
21,Private,Bachelors,Never Married,<=50K.
40,Private,HS-grad,Widowed,<=50K.
58,Private,Some-college,Never Married,<=50K.
53,Govt,HS-grad,Widowed,<=50K.
39,Private,Masters,Married,>50K.
56,Govt,HS-grad,Married,<=50K.
37,Private,Some-college,Married,<=50K.
44,Private,Bachelors,Married,<=50K.
49,Private,9th,Separated,<=50K.
36,Private,Some-college,Married,>50K.
59,Self,Bachelors,Married,<=50K.
33,Private,HS-grad,Divorced,<=50K.
36,Private,Prof-school,Never Married,>50K.
26,Private,Some-college,Married,<=50K.
22,Private,10th,Never Married,<=50K.
25,Private,Masters,Never Married,<=50K.
28,Private,Some-college,Married,<=50K.
41,Private,Assoc-acdm,Divorced,<=50K.
45,Private,Assoc-voc,Married,<=50K.
43,Private,HS-grad,Married,<=50K.
30,Private,9th,Never Married,<=50K.
33,Private,HS-grad,Married,<=50K.
34,Private,Some-college,Married,<=50K.
21,Private,Assoc-voc,Never Married,<=50K.
31,Private,Bachelors,Married,>50K.
48,Private,5th-6th,Married,<=50K.
22,Private,Some-college,Never Married,<=50K.
47,Private,Some-college,Divorced,<=50K.
27,Private,Bachelors,Never Married,<=50K.
18,Private,11th,Never Married,<=50K.
43,Private,Masters,Married,>50K.
36,Private,Some-college,Widowed,<=50K.
37,Govt,HS-grad,Divorced,<=50K.
24,Private,Assoc-voc,Never Married,<=50K.
24,Private,HS-grad,Never Married,<=50K.
38,Private,Bachelors,Married,<=50K.
48,Private,Bachelors,Married,>50K.
75,Private,1st-4th,Married,<=50K.
43,Self,Bachelors,Divorced,>50K.
64,Private,Bachelors,Divorced,<=50K.
67,NA,Doctorate,Married,>50K.
36,Private,HS-grad,Divorced,<=50K.
53,Private,Some-college,Married,<=50K.
22,Private,Some-college,Never Married,<=50K.
73,Self,HS-grad,Never Married,<=50K.
46,Private,HS-grad,Divorced,<=50K.
45,Private,HS-grad,Married,<=50K.
43,Private,HS-grad,Married,>50K.
20,Private,HS-grad,Never Married,<=50K.
43,Govt,Some-college,Divorced,<=50K.
21,Private,12th,Never Married,<=50K.
40,Private,HS-grad,Separated,<=50K.
36,Private,Bachelors,Married,>50K.
64,Self,Bachelors,Divorced,<=50K.
19,NA,Some-college,Never Married,<=50K.
46,Private,Some-college,Married,>50K.
46,Govt,Masters,Divorced,>50K.
41,Govt,Bachelors,Never Married,<=50K.
29,NA,Some-college,Divorced,<=50K.
28,Private,Some-college,Never Married,<=50K.
23,Private,Some-college,Married,<=50K.
30,Govt,Bachelors,Never Married,>50K.
44,Private,Bachelors,Married,<=50K.
27,Private,HS-grad,Married,>50K.
25,Private,HS-grad,Never Married,<=50K.
29,Private,10th,Married,<=50K.
54,Private,HS-grad,Married,>50K.
27,Private,Bachelors,Never Married,<=50K.
34,Private,HS-grad,Married,<=50K.
38,Private,Some-college,Married,<=50K.
24,NA,HS-grad,Never Married,<=50K.
56,Private,Masters,Married,>50K.
35,Self,HS-grad,Married,<=50K.
23,NA,Assoc-voc,Never Married,<=50K.
23,Private,Some-college,Never Married,<=50K.
19,Private,Some-college,Never Married,<=50K.
42,Private,Prof-school,Married,>50K.
46,Private,Bachelors,Married,>50K.
48,Self,HS-grad,Divorced,<=50K.
27,Private,HS-grad,Never Married,<=50K.
22,NA,Assoc-acdm,Never Married,<=50K.
49,Self,Some-college,Married,>50K.
23,Private,Some-college,Never Married,<=50K.
24,Private,HS-grad,Never Married,<=50K.
34,Private,HS-grad,Never Married,<=50K.
25,Govt,HS-grad,Never Married,<=50K.
33,Self,Some-college,Married,<=50K.
22,Private,Assoc-acdm,Never Married,<=50K.
54,Govt,HS-grad,Never Married,<=50K.
39,Self,Masters,Never Married,<=50K.
25,Private,Bachelors,Never Married,<=50K.
75,Self,HS-grad,Married,<=50K.
28,Self,HS-grad,Never Married,<=50K.
50,Private,Bachelors,Divorced,<=50K.
62,Self,Bachelors,Married,>50K.
40,Private,HS-grad,Married,<=50K.
58,Govt,Bachelors,Never Married,<=50K.
24,Govt,Assoc-acdm,Married,<=50K.
21,Private,HS-grad,Never Married,<=50K.
40,Private,Bachelors,Married,>50K.
45,Private,Assoc-voc,Married,>50K.
48,Private,HS-grad,Married,<=50K.
34,Private,HS-grad,Never Married,<=50K.
23,Private,HS-grad,Never Married,<=50K.
43,Govt,Masters,Never Married,>50K.
42,Govt,Some-college,Never Married,<=50K.
39,Self,Bachelors,Married,>50K.
52,Self,HS-grad,Married,<=50K.
21,NA,Some-college,Never Married,<=50K.
56,Self,Bachelors,Never Married,<=50K.
48,Govt,HS-grad,Married,>50K.
37,Self,HS-grad,Divorced,>50K.
25,Private,HS-grad,Married,<=50K.
40,Private,Bachelors,Married,>50K.
34,Private,11th,Never Married,<=50K.
52,Private,HS-grad,Divorced,<=50K.
41,Private,Bachelors,Married,>50K.
36,Govt,HS-grad,Never Married,<=50K.
21,Private,Assoc-voc,Never Married,<=50K.
28,Private,Bachelors,Never Married,<=50K.
31,Self,Bachelors,Married,>50K.
20,Private,Some-college,Never Married,<=50K.
68,Private,HS-grad,Married,>50K.
35,Private,HS-grad,Married,<=50K.
32,Private,HS-grad,Never Married,<=50K.
64,Private,Masters,Married,>50K.
17,Private,10th,Never Married,<=50K.
25,Private,Bachelors,Never Married,<=50K.
74,NA,HS-grad,Widowed,<=50K.
31,Private,Assoc-voc,Married,<=50K.
51,Govt,Doctorate,Married,>50K.
67,Private,HS-grad,Married,<=50K.
42,Private,HS-grad,Never Married,<=50K.
29,Private,HS-grad,Never Married,<=50K.
31,Private,HS-grad,Married,<=50K.
21,Private,HS-grad,Married,<=50K.
67,Private,10th,Married,<=50K.
41,Govt,HS-grad,Divorced,>50K.
27,Private,Bachelors,Never Married,<=50K.
51,Private,12th,Divorced,<=50K.
21,NA,11th,Married,<=50K.
28,Private,HS-grad,Married,<=50K.
21,Private,Some-college,Never Married,<=50K.
28,Private,Assoc-voc,Married,>50K.
29,Private,HS-grad,Married,<=50K.
39,Self,HS-grad,Married,<=50K.
21,Private,Bachelors,Never Married,<=50K.
43,Private,Assoc-voc,Married,<=50K.
44,Self,HS-grad,Never Married,>50K.
28,Private,11th,Married,<=50K.
31,Private,9th,Never Married,>50K.
18,NA,HS-grad,Never Married,<=50K.
27,Private,Some-college,Married,<=50K.
34,Govt,Some-college,Married,<=50K.
25,Private,HS-grad,Never Married,<=50K.
34,Private,Bachelors,Married,<=50K.
43,Govt,HS-grad,Married,>50K.
40,Self,Masters,Married,<=50K.
21,Private,HS-grad,Never Married,<=50K.
25,Private,Some-college,Divorced,<=50K.
21,Private,HS-grad,Never Married,<=50K.
19,Self,Some-college,Never Married,<=50K.
49,Self,Assoc-acdm,Married,>50K.
20,Private,Some-college,Never Married,<=50K.
36,Private,11th,Married,<=50K.
32,Private,Some-college,Separated,<=50K.
23,Private,Some-college,Never Married,<=50K.
21,Private,Some-college,Never Married,<=50K.
25,Private,Bachelors,Never Married,<=50K.
26,Private,5th-6th,Never Married,<=50K.
24,Private,Bachelors,Never Married,<=50K.
22,Private,Some-college,Never Married,<=50K.
26,Private,HS-grad,Married,<=50K.
22,Private,9th,Never Married,<=50K.
41,Govt,Bachelors,Married,>50K.
18,Private,HS-grad,Married,<=50K.
24,Private,Bachelors,Never Married,<=50K.
38,Private,HS-grad,Married,<=50K.
36,Private,Bachelors,Never Married,<=50K.
45,Govt,Masters,Divorced,<=50K.
38,Govt,Some-college,Married,>50K.
38,Private,HS-grad,Married,>50K.
34,Self,HS-grad,Never Married,<=50K.
53,Govt,Assoc-acdm,Never Married,<=50K.
32,Private,Assoc-voc,Married,>50K.
17,Private,11th,Never Married,<=50K.
45,Govt,Bachelors,Married,>50K.
31,Govt,HS-grad,Married,<=50K.
47,Govt,Doctorate,Married,<=50K.
27,Private,HS-grad,Never Married,<=50K.
61,Govt,Some-college,Married,<=50K.
33,Private,HS-grad,Married,<=50K.
67,Private,HS-grad,Separated,<=50K.
38,Private,Bachelors,Separated,<=50K.
25,Private,HS-grad,Divorced,<=50K.
33,Govt,5th-6th,Never Married,<=50K.
27,Private,HS-grad,Married,<=50K.
45,Private,HS-grad,Married,>50K.
24,Private,Bachelors,Never Married,<=50K.
23,Private,Assoc-voc,Never Married,<=50K.
48,Private,Some-college,Divorced,<=50K.
61,Govt,Some-college,Married,>50K.
22,Private,HS-grad,Never Married,<=50K.
34,Private,Assoc-voc,Divorced,<=50K.
32,Private,HS-grad,Married,>50K.
35,Govt,Some-college,Divorced,<=50K.
36,Private,10th,Never Married,<=50K.
24,Private,HS-grad,Never Married,<=50K.
60,Private,9th,Married,<=50K.
28,NA,Bachelors,Never Married,<=50K.
64,Private,HS-grad,Divorced,<=50K.
22,Private,HS-grad,Never Married,<=50K.
27,Private,5th-6th,Never Married,<=50K.
36,Govt,Some-college,Divorced,<=50K.
27,Private,HS-grad,Never Married,<=50K.
52,Private,Some-college,Widowed,<=50K.
57,Self,HS-grad,Married,<=50K.
23,Private,Some-college,Never Married,<=50K.
29,Self,HS-grad,Married,<=50K.
34,Private,HS-grad,Never Married,<=50K.
38,Private,HS-grad,Never Married,<=50K.
50,Self,HS-grad,Married,>50K.
50,Private,11th,Married,<=50K.
51,Self,Bachelors,Married,>50K.
17,Self,10th,Never Married,<=50K.
25,Private,11th,Married,<=50K.
19,Private,HS-grad,Married,<=50K.
43,Self,HS-grad,Married,<=50K.
59,Private,Some-college,Separated,>50K.
39,Private,Masters,Never Married,<=50K.
18,Private,9th,Never Married,<=50K.
27,Private,Masters,Never Married,<=50K.
39,Private,Assoc-voc,Never Married,<=50K.
44,Private,Bachelors,Married,>50K.
19,Private,HS-grad,Never Married,<=50K.
32,Govt,HS-grad,Never Married,<=50K.
48,Private,HS-grad,Married,>50K.
46,Private,Assoc-acdm,Married,<=50K.
65,Private,11th,Widowed,<=50K.
57,Self,Bachelors,Married,>50K.
48,Private,HS-grad,Never Married,<=50K.
46,Private,7th-8th,Married,<=50K.
27,Private,10th,Married,<=50K.
29,Govt,Some-college,Married,>50K.
21,NA,HS-grad,Never Married,<=50K.
20,NA,Some-college,Never Married,<=50K.
51,NA,HS-grad,Married,<=50K.
35,Self,Some-college,Married,<=50K.
29,Self,HS-grad,Married,<=50K.
30,Govt,Some-college,Married,>50K.
65,Private,HS-grad,Widowed,<=50K.
20,NA,HS-grad,Married,<=50K.
47,Govt,Some-college,Married,<=50K.
41,Private,HS-grad,Divorced,<=50K.
17,Private,9th,Never Married,<=50K.
38,Govt,5th-6th,Married,<=50K.
38,Govt,Masters,Married,>50K.
39,Self,HS-grad,Never Married,<=50K.
24,NA,HS-grad,Separated,<=50K.
52,Private,10th,Married,<=50K.
46,Self,Some-college,Married,>50K.
22,Private,Bachelors,Never Married,<=50K.
56,Private,Masters,Never Married,<=50K.
37,Self,11th,Divorced,<=50K.
59,Private,Bachelors,Divorced,>50K.
19,Self,11th,Married,<=50K.
31,Private,9th,Never Married,<=50K.
22,Private,Some-college,Never Married,<=50K.
48,Self,Doctorate,Never Married,>50K.
63,Self,Bachelors,Married,<=50K.
33,Private,HS-grad,Married,>50K.
53,Private,HS-grad,Never Married,<=50K.
38,Private,Assoc-voc,Married,>50K.
39,Private,Assoc-acdm,Married,<=50K.
59,Private,Prof-school,Married,<=50K.
45,Private,HS-grad,Married,<=50K.
39,Private,Some-college,Divorced,<=50K.
60,Govt,HS-grad,Widowed,<=50K.
38,Private,Bachelors,Divorced,<=50K.
31,Private,HS-grad,Divorced,<=50K.
61,Self,Bachelors,Married,>50K.
66,NA,Bachelors,Married,<=50K.
26,Private,Bachelors,Never Married,<=50K.
60,Self,Prof-school,Married,>50K.
68,NA,7th-8th,Widowed,<=50K.
32,Private,Some-college,Divorced,<=50K.
25,Govt,Bachelors,Never Married,<=50K.
43,Govt,HS-grad,Married,<=50K.
26,NA,Bachelors,Never Married,<=50K.
55,Private,Masters,Married,>50K.
66,Private,10th,Widowed,<=50K.
31,Private,HS-grad,Married,<=50K.
35,Private,5th-6th,Married,<=50K.
58,Self,Prof-school,Never Married,>50K.
56,Private,Masters,Married,>50K.
22,Private,Some-college,Never Married,<=50K.
46,Govt,Bachelors,Married,>50K.
33,Private,Some-college,Married,<=50K.
26,Govt,Masters,Married,<=50K.
42,Self,Bachelors,Married,<=50K.
45,Private,HS-grad,Never Married,<=50K.
43,Private,Some-college,Married,<=50K.
19,Private,11th,Never Married,<=50K.
27,Private,Bachelors,Never Married,<=50K.
51,Private,HS-grad,Married,>50K.
42,Private,HS-grad,Never Married,<=50K.
43,Self,Some-college,Married,>50K.
38,Private,Bachelors,Married,>50K.
44,Private,HS-grad,Divorced,<=50K.
36,Private,HS-grad,Married,>50K.
37,Private,HS-grad,Married,<=50K.
29,Private,Bachelors,Never Married,>50K.
53,NA,HS-grad,Divorced,<=50K.
42,Self,Bachelors,Married,<=50K.
80,Private,Some-college,Widowed,<=50K.
61,Private,11th,Married,<=50K.
55,Private,Some-college,Married,<=50K.
20,Private,Some-college,Never Married,<=50K.
23,Private,HS-grad,Never Married,<=50K.
48,Govt,Some-college,Married,>50K.
24,Private,Bachelors,Never Married,<=50K.
71,Govt,HS-grad,Married,<=50K.
49,Private,11th,Married,<=50K.
39,Govt,HS-grad,Never Married,<=50K.
22,Private,Bachelors,Never Married,<=50K.
67,Govt,Bachelors,Widowed,<=50K.
18,Private,HS-grad,Never Married,<=50K.
38,Private,Bachelors,Married,>50K.
38,NA,7th-8th,Married,<=50K.
50,Private,HS-grad,Divorced,<=50K.
56,Self,Assoc-acdm,Married,<=50K.
23,Private,Some-college,Never Married,<=50K.
26,Private,Some-college,Married,<=50K.
32,Private,HS-grad,Married,<=50K.
44,Private,Bachelors,Never Married,>50K.
27,Private,HS-grad,Married,<=50K.
40,Govt,Some-college,Married,>50K.
43,Private,Assoc-acdm,Married,<=50K.
31,Govt,Some-college,Married,>50K.
57,Private,Some-college,Married,>50K.
25,Private,Bachelors,Never Married,<=50K.
22,Private,Assoc-voc,Never Married,<=50K.
20,Govt,Assoc-voc,Never Married,<=50K.
27,Private,HS-grad,Married,<=50K.
39,Private,Some-college,Divorced,<=50K.
27,Govt,Masters,Never Married,<=50K.
41,Govt,HS-grad,Separated,<=50K.
31,Govt,Bachelors,Never Married,<=50K.
41,Private,Assoc-acdm,Married,<=50K.
25,Private,Bachelors,Never Married,<=50K.
29,Govt,Assoc-acdm,Never Married,>50K.
22,Private,HS-grad,Married,<=50K.
62,Private,7th-8th,Married,<=50K.
29,Govt,HS-grad,Divorced,<=50K.
44,Private,Some-college,Married,>50K.
32,Private,Bachelors,Married,<=50K.
19,NA,HS-grad,Never Married,<=50K.
20,Private,Assoc-voc,Never Married,<=50K.
65,Govt,Some-college,Married,>50K.
24,Private,HS-grad,Never Married,<=50K.
37,Self,Masters,Married,>50K.
43,Govt,HS-grad,Divorced,<=50K.
38,Self,Bachelors,Married,>50K.
28,Private,Assoc-acdm,Never Married,<=50K.
33,Private,HS-grad,Never Married,<=50K.
32,Private,HS-grad,Married,>50K.
38,Private,Masters,Married,>50K.
33,Private,Some-college,Divorced,<=50K.
42,Self,Bachelors,Married,>50K.
27,Private,HS-grad,Never Married,<=50K.
41,Private,HS-grad,Divorced,<=50K.
47,Govt,Masters,Married,>50K.
55,Private,11th,Married,<=50K.
30,Self,Some-college,Never Married,<=50K.
54,Private,Some-college,Widowed,<=50K.
40,Private,Bachelors,Married,>50K.
21,Private,HS-grad,Never Married,<=50K.
34,Private,Bachelors,Divorced,<=50K.
30,Private,Bachelors,Married,>50K.
31,Private,Some-college,Never Married,<=50K.
22,Private,HS-grad,Never Married,<=50K.
37,Private,HS-grad,Married,>50K.
41,NA,9th,Married,<=50K.
52,Govt,Masters,Never Married,<=50K.
57,Self,Some-college,Married,<=50K.
48,Private,Some-college,Divorced,<=50K.
58,Private,HS-grad,Married,>50K.
35,Self,9th,Married,<=50K.
40,Private,HS-grad,Never Married,<=50K.
30,Private,HS-grad,Divorced,<=50K.
26,Self,HS-grad,Married,<=50K.
46,Self,HS-grad,Married,<=50K.
26,Govt,Some-college,Married,<=50K.
50,Govt,Bachelors,Divorced,<=50K.
22,Private,HS-grad,Married,>50K.
36,Private,Masters,Widowed,<=50K.
30,Private,HS-grad,Married,>50K.
58,Private,Assoc-acdm,Married,>50K.
17,NA,11th,Never Married,<=50K.
72,Private,Assoc-voc,Separated,<=50K.
19,Private,HS-grad,Never Married,<=50K.
29,Private,7th-8th,Married,<=50K.
20,NA,HS-grad,Never Married,<=50K.
30,Private,Some-college,Married,<=50K.
47,Self,Some-college,Divorced,<=50K.
51,Private,Some-college,Married,>50K.
26,Private,10th,Married,<=50K.
24,Private,Some-college,Never Married,<=50K.
44,Private,Masters,Divorced,<=50K.
43,Private,HS-grad,Married,>50K.
35,Private,Bachelors,Never Married,<=50K.
51,Private,HS-grad,Married,>50K.
41,Private,HS-grad,Married,>50K.
38,Private,Some-college,Divorced,<=50K.
39,Govt,HS-grad,Married,<=50K.
54,Private,10th,Separated,<=50K.
62,Private,HS-grad,Never Married,<=50K.
45,Private,Doctorate,Married,<=50K.
30,Private,HS-grad,Never Married,<=50K.
32,Private,HS-grad,Married,<=50K.
23,Self,HS-grad,Divorced,<=50K.
84,Govt,Assoc-voc,Widowed,<=50K.
46,Private,Bachelors,Never Married,<=50K.
67,Govt,Masters,Divorced,<=50K.
29,Private,Bachelors,Married,>50K.
33,Private,Assoc-voc,Never Married,>50K.
23,Private,Some-college,Married,<=50K.
63,NA,HS-grad,Married,>50K.
55,NA,HS-grad,Separated,<=50K.
42,Govt,Prof-school,Divorced,<=50K.
17,Private,11th,Never Married,<=50K.
60,Private,5th-6th,Married,<=50K.
31,Private,12th,Divorced,<=50K.
28,Private,7th-8th,Never Married,<=50K.
31,Private,9th,Married,<=50K.
65,NA,Bachelors,Married,>50K.
31,Private,Bachelors,Never Married,>50K.
61,Private,HS-grad,Divorced,<=50K.
43,Govt,Prof-school,Married,>50K.
40,Govt,Some-college,Never Married,<=50K.
39,Private,HS-grad,Never Married,<=50K.
37,Govt,Some-college,Married,<=50K.
47,Private,Some-college,Married,<=50K.
45,Govt,Some-college,Married,>50K.
30,Private,HS-grad,Married,<=50K.
30,Self,Prof-school,Never Married,<=50K.
49,Private,Some-college,Divorced,>50K.
51,Govt,HS-grad,Married,>50K.
31,Private,Bachelors,Never Married,>50K.
48,Self,Bachelors,Married,>50K.
20,Private,Some-college,Never Married,<=50K.
32,Private,HS-grad,Married,>50K.
31,NA,Some-college,Never Married,<=50K.
19,Private,HS-grad,Never Married,<=50K.
50,Private,Masters,Divorced,<=50K.
33,Private,HS-grad,Married,<=50K.
25,NA,Bachelors,Never Married,<=50K.
49,Private,HS-grad,Divorced,<=50K.
30,Private,Some-college,Married,<=50K.
23,Private,Bachelors,Never Married,<=50K.
44,Private,Doctorate,Married,>50K.
24,Private,Assoc-voc,Never Married,<=50K.
28,Private,Assoc-voc,Never Married,<=50K.
56,Private,HS-grad,Divorced,<=50K.
38,Private,HS-grad,Never Married,<=50K.
20,Private,Some-college,Never Married,<=50K.
82,Private,HS-grad,Widowed,<=50K.
52,Govt,Bachelors,Married,>50K.
32,Private,Some-college,Never Married,<=50K.
37,Private,Assoc-voc,Separated,<=50K.
36,Private,Bachelors,Married,>50K.
39,Private,Bachelors,Married,>50K.
30,Private,HS-grad,Married,<=50K.
49,Govt,HS-grad,Married,<=50K.
40,Govt,Assoc-voc,Divorced,<=50K.
42,Private,11th,Married,<=50K.
35,Private,Bachelors,Never Married,<=50K.
39,Private,HS-grad,Divorced,<=50K.
32,Govt,Assoc-voc,Married,<=50K.
22,Private,11th,Never Married,<=50K.
53,Govt,Some-college,Divorced,<=50K.
25,Private,HS-grad,Never Married,<=50K.
17,Unemp,10th,Never Married,<=50K.
44,Private,HS-grad,Married,>50K.
52,Private,Masters,Married,>50K.
42,Govt,HS-grad,Married,<=50K.
34,Private,11th,Married,<=50K.
27,Private,Some-college,Married,<=50K.
37,Private,HS-grad,Never Married,<=50K.
39,Govt,Masters,Married,>50K.
26,Private,HS-grad,Married,<=50K.
48,Private,Masters,Married,>50K.
57,Private,HS-grad,Divorced,<=50K.
36,Self,Assoc-voc,Separated,<=50K.
27,Private,Bachelors,Never Married,<=50K.
17,Private,11th,Never Married,<=50K.
30,Private,5th-6th,Married,<=50K.
37,Private,Assoc-voc,Married,>50K.
31,Govt,Bachelors,Never Married,<=50K.
23,Private,Assoc-acdm,Never Married,<=50K.
32,Private,10th,Never Married,<=50K.
58,Private,HS-grad,Married,>50K.
31,Private,HS-grad,Never Married,<=50K.
44,Private,Bachelors,Married,>50K.
39,Govt,Bachelors,Divorced,<=50K.
59,Private,HS-grad,Married,>50K.
42,Private,Bachelors,Married,>50K.
45,Private,HS-grad,Married,<=50K.
20,Private,HS-grad,Never Married,<=50K.
35,Private,HS-grad,Married,<=50K.
50,Private,Assoc-acdm,Married,<=50K.
56,Private,HS-grad,Never Married,<=50K.
48,Private,Assoc-voc,Married,>50K.
58,Self,Masters,Widowed,<=50K.
32,Private,Assoc-voc,Married,<=50K.
23,Private,Some-college,Never Married,<=50K.
48,Private,HS-grad,Divorced,<=50K.
33,Private,HS-grad,Divorced,<=50K.
48,Private,Bachelors,Never Married,<=50K.
55,Private,HS-grad,Widowed,<=50K.
40,Govt,Assoc-voc,Never Married,<=50K.
50,Private,Some-college,Married,<=50K.
52,Self,10th,Married,<=50K.
19,Private,HS-grad,Never Married,<=50K.
55,Self,10th,Married,>50K.
36,Self,Prof-school,Married,>50K.
39,Private,Bachelors,Separated,>50K.
22,Private,Some-college,Never Married,<=50K.
44,Private,Bachelors,Married,>50K.
34,Private,HS-grad,Divorced,<=50K.
33,Private,Some-college,Married,<=50K.
55,Private,Masters,Divorced,>50K.
35,Private,Masters,Married,>50K.
50,Private,11th,Widowed,<=50K.
43,Private,Some-college,Divorced,<=50K.
29,Private,Assoc-voc,Never Married,<=50K.
56,Private,Some-college,Married,<=50K.
33,Private,Bachelors,Married,>50K.
24,Private,HS-grad,Married,<=50K.
46,Private,Assoc-voc,Divorced,<=50K.
60,Self,HS-grad,Married,>50K.
48,Self,Masters,Married,<=50K.
65,Govt,11th,Married,<=50K.
29,Private,HS-grad,Never Married,<=50K.
42,Private,HS-grad,Married,<=50K.
44,Private,Prof-school,Married,>50K.
73,Self,Some-college,Married,>50K.
21,Private,Some-college,Never Married,<=50K.
32,Self,HS-grad,Married,>50K.
43,Govt,Masters,Married,>50K.
21,Private,HS-grad,Never Married,<=50K.
30,Private,Some-college,Separated,<=50K.
54,Private,Bachelors,Married,<=50K.
19,Private,Some-college,Never Married,<=50K.
55,Govt,Some-college,Married,<=50K.
20,Private,Some-college,Never Married,<=50K.
53,Private,Bachelors,Married,<=50K.
51,Private,Masters,Never Married,>50K.
33,Private,HS-grad,Married,<=50K.
62,Private,Some-college,Widowed,<=50K.
24,Self,HS-grad,Never Married,<=50K.
17,Self,9th,Never Married,<=50K.
26,Private,Some-college,Never Married,<=50K.
36,Private,HS-grad,Divorced,<=50K.
32,Private,10th,Married,<=50K.
58,Private,Doctorate,Married,>50K.
38,Private,Bachelors,Married,>50K.
72,Private,HS-grad,Married,<=50K.
26,Govt,HS-grad,Divorced,<=50K.
45,NA,HS-grad,Widowed,<=50K.
72,NA,Assoc-voc,Widowed,<=50K.
60,Private,Some-college,Married,>50K.
27,Private,HS-grad,Married,<=50K.
38,Private,Assoc-voc,Married,>50K.
37,Self,Some-college,Married,>50K.
28,Private,Some-college,Never Married,<=50K.
38,Self,Bachelors,Married,>50K.
29,Private,HS-grad,Married,>50K.
19,Private,HS-grad,Never Married,<=50K.
28,Private,Bachelors,Never Married,<=50K.
70,NA,Bachelors,Divorced,<=50K.
40,Self,HS-grad,Married,>50K.
26,Private,Assoc-voc,Divorced,<=50K.
43,Private,Assoc-acdm,Married,<=50K.
29,Private,Some-college,Married,>50K.
25,Govt,Some-college,Married,<=50K.
29,Private,HS-grad,Married,>50K.
60,Private,1st-4th,Divorced,<=50K.
31,Private,Bachelors,Married,<=50K.
51,Govt,7th-8th,Married,<=50K.
18,Private,Some-college,Never Married,<=50K.
36,Private,Bachelors,Divorced,<=50K.
35,Private,Bachelors,Married,>50K.
48,Private,Bachelors,Divorced,>50K.
78,Self,7th-8th,Married,<=50K.
72,Private,Bachelors,Married,<=50K.
24,Private,Some-college,Never Married,<=50K.
58,NA,11th,Married,<=50K.
36,Private,11th,Never Married,>50K.
48,Private,Some-college,Married,<=50K.
28,Private,HS-grad,Divorced,<=50K.
26,Private,Masters,Never Married,<=50K.
29,Private,Bachelors,Never Married,<=50K.
47,Private,5th-6th,Married,<=50K.
50,Private,Bachelors,Divorced,>50K.
35,Govt,5th-6th,Never Married,<=50K.
17,Private,11th,Never Married,<=50K.
41,Private,Some-college,Married,>50K.
37,Private,HS-grad,Married,<=50K.
35,Govt,HS-grad,Married,<=50K.
56,Private,7th-8th,Married,<=50K.
23,Private,Some-college,Married,<=50K.
33,Private,Assoc-acdm,Divorced,<=50K.
79,Self,HS-grad,Married,>50K.
28,Private,Bachelors,Never Married,<=50K.
55,Private,11th,Divorced,<=50K.
59,Govt,Masters,Married,<=50K.
22,Private,Bachelors,Never Married,<=50K.
19,Private,11th,Never Married,<=50K.
41,Private,5th-6th,Married,<=50K.
32,Private,Assoc-voc,Married,<=50K.
67,NA,7th-8th,Married,<=50K.
45,Private,HS-grad,Divorced,<=50K.
61,Private,5th-6th,Married,<=50K.
34,Private,Bachelors,Never Married,<=50K.
43,Self,Assoc-voc,Married,<=50K.
38,Private,Bachelors,Married,>50K.
35,Private,Doctorate,Married,<=50K.
65,Private,HS-grad,Divorced,<=50K.
24,Private,Bachelors,Married,>50K.
37,Private,HS-grad,Married,<=50K.
34,Self,Some-college,Married,<=50K.
42,Private,HS-grad,Married,>50K.
18,Private,7th-8th,Never Married,<=50K.
43,Govt,Some-college,Widowed,<=50K.
31,Private,Some-college,Married,>50K.
19,Private,Some-college,Never Married,<=50K.
40,Self,Some-college,Married,<=50K.
32,Private,Bachelors,Married,<=50K.
47,Private,Some-college,Married,>50K.
32,Govt,Some-college,Married,<=50K.
46,Self,Doctorate,Separated,<=50K.
40,Private,Bachelors,Married,>50K.
36,Private,Bachelors,Never Married,<=50K.
33,Private,Assoc-voc,Married,<=50K.
23,Govt,5th-6th,Never Married,<=50K.
21,Private,10th,Separated,<=50K.
40,Private,HS-grad,Married,<=50K.
53,Govt,Doctorate,Married,>50K.
20,NA,Some-college,Never Married,<=50K.
53,Self,Some-college,Married,<=50K.
58,Private,9th,Married,<=50K.
51,Private,HS-grad,Married,>50K.
31,Private,HS-grad,Married,<=50K.
35,Self,HS-grad,Married,<=50K.
23,NA,11th,Never Married,<=50K.
31,Govt,Some-college,Divorced,<=50K.
21,Private,Some-college,Never Married,<=50K.
39,Self,Masters,Married,>50K.
36,Private,Prof-school,Married,>50K.
51,Private,10th,Married,>50K.
18,Private,11th,Never Married,<=50K.
32,Private,Some-college,Divorced,<=50K.
56,Private,Bachelors,Divorced,<=50K.
35,Private,Assoc-acdm,Never Married,<=50K.
63,Private,12th,Widowed,<=50K.
61,Private,HS-grad,Married,>50K.
23,Private,Some-college,Never Married,<=50K.
52,Govt,Masters,Married,>50K.
19,Private,HS-grad,Never Married,<=50K.
33,Govt,Masters,Married,>50K.
35,Private,Bachelors,Married,<=50K.
35,Private,HS-grad,Divorced,>50K.
38,Private,Prof-school,Married,<=50K.
23,Private,Bachelors,Never Married,<=50K.
22,Private,Assoc-voc,Divorced,<=50K.
20,Private,HS-grad,Never Married,<=50K.
19,Private,HS-grad,Never Married,<=50K.
47,Private,HS-grad,Married,>50K.
59,Private,11th,Married,<=50K.
38,Private,HS-grad,Never Married,<=50K.
36,Private,HS-grad,Married,<=50K.
27,Private,5th-6th,Never Married,<=50K.
24,Private,Assoc-voc,Married,<=50K.
35,Private,HS-grad,Never Married,<=50K.
22,Govt,Some-college,Never Married,<=50K.
37,Private,HS-grad,Married,<=50K.
36,Private,HS-grad,Married,>50K.
28,Private,HS-grad,Separated,<=50K.
55,Private,HS-grad,Married,<=50K.
29,NA,5th-6th,Married,<=50K.
32,Private,Bachelors,Married,<=50K.
66,NA,Some-college,Divorced,<=50K.
47,Govt,Some-college,Married,<=50K.
23,Private,Bachelors,Never Married,<=50K.
50,Govt,Masters,Divorced,<=50K.
40,Self,HS-grad,Married,<=50K.
51,Private,HS-grad,Never Married,<=50K.
34,Private,HS-grad,Never Married,<=50K.
28,Private,Bachelors,Never Married,<=50K.
52,Govt,Doctorate,Married,>50K.
39,Self,HS-grad,Married,>50K.
43,Private,Bachelors,Married,>50K.
36,Private,Bachelors,Never Married,>50K.
25,Private,Bachelors,Never Married,<=50K.
42,Private,Some-college,Divorced,<=50K.
35,Private,Some-college,Married,<=50K.
43,Private,Masters,Married,>50K.
34,Private,HS-grad,Married,<=50K.
50,Govt,Bachelors,Married,>50K.
30,Private,Some-college,Married,<=50K.
44,Private,Masters,Married,>50K.
52,Private,Assoc-voc,Married,<=50K.
35,Private,Assoc-acdm,Married,<=50K.
36,Private,Assoc-voc,Divorced,>50K.
30,Private,Bachelors,Never Married,<=50K.
36,Self,Bachelors,Married,>50K.
39,Private,Bachelors,Never Married,<=50K.
25,Private,1st-4th,Married,<=50K.
26,Private,Bachelors,Never Married,<=50K.
20,Private,HS-grad,Never Married,<=50K.
20,Private,Some-college,Never Married,<=50K.
70,NA,5th-6th,Married,<=50K.
26,Private,HS-grad,Never Married,<=50K.
24,Private,Some-college,Never Married,<=50K.
48,Private,Bachelors,Married,>50K.
62,Private,HS-grad,Divorced,<=50K.
48,Private,HS-grad,Married,<=50K.
52,Private,Bachelors,Married,>50K.
25,Private,Bachelors,Never Married,<=50K.
58,Private,5th-6th,Married,<=50K.
40,Govt,Bachelors,Never Married,<=50K.
29,NA,Some-college,Married,<=50K.
45,Self,7th-8th,Married,<=50K.
19,Private,Some-college,Never Married,<=50K.
37,Private,11th,Never Married,<=50K.
23,Private,11th,Married,<=50K.
31,Self,HS-grad,Divorced,<=50K.
64,Self,7th-8th,Married,<=50K.
28,Govt,Some-college,Never Married,<=50K.
32,Private,HS-grad,Never Married,<=50K.
49,Govt,Some-college,Divorced,<=50K.
35,Private,Some-college,Divorced,>50K.
19,NA,Some-college,Never Married,<=50K.
45,Private,Doctorate,Married,>50K.
39,Private,12th,Married,>50K.
55,Private,Some-college,Never Married,<=50K.
46,Self,Bachelors,Divorced,>50K.
19,Private,Some-college,Never Married,<=50K.
29,Private,HS-grad,Married,<=50K.
25,Govt,HS-grad,Married,<=50K.
37,Private,Bachelors,Never Married,<=50K.
30,Private,HS-grad,Never Married,<=50K.
28,Private,HS-grad,Married,<=50K.
36,Govt,Some-college,Separated,<=50K.
32,Private,Some-college,Never Married,<=50K.
34,Private,11th,Never Married,<=50K.
34,Private,HS-grad,Never Married,<=50K.
20,Private,Some-college,Never Married,<=50K.
27,Self,Masters,Never Married,<=50K.
36,Govt,HS-grad,Married,<=50K.
35,Private,Some-college,Married,<=50K.
37,Private,HS-grad,Divorced,<=50K.
32,Private,HS-grad,Married,<=50K.
32,Private,Masters,Never Married,<=50K.
52,Private,HS-grad,Divorced,<=50K.
50,Private,Some-college,Married,>50K.
23,Private,HS-grad,Never Married,<=50K.
25,Private,HS-grad,Married,<=50K.
21,Private,Preschool,Never Married,<=50K.
31,Private,HS-grad,Divorced,<=50K.
31,Self,Some-college,Married,<=50K.
41,Private,Assoc-voc,Separated,<=50K.
47,Private,Some-college,Married,<=50K.
20,NA,Some-college,Never Married,<=50K.
20,Private,Some-college,Never Married,<=50K.
29,Private,10th,Divorced,<=50K.
51,Govt,Some-college,Widowed,<=50K.
30,Govt,Bachelors,Married,>50K.
23,NA,Some-college,Never Married,<=50K.
48,Private,Bachelors,Married,>50K.
39,Private,HS-grad,Separated,>50K.
62,Private,Bachelors,Married,<=50K.
22,Private,Bachelors,Never Married,<=50K.
46,Govt,Bachelors,Married,>50K.
51,Govt,Masters,Married,>50K.
20,Private,HS-grad,Never Married,<=50K.
40,Self,Assoc-acdm,Married,>50K.
31,Private,Bachelors,Never Married,<=50K.
30,Private,Some-college,Never Married,<=50K.
52,Private,HS-grad,Married,<=50K.
20,Private,HS-grad,Never Married,<=50K.
37,Govt,Assoc-voc,Married,>50K.
65,Private,Bachelors,Widowed,<=50K.
40,Private,Bachelors,Never Married,<=50K.
60,Govt,Bachelors,Married,>50K.
27,Private,HS-grad,Never Married,<=50K.
62,Private,Bachelors,Married,>50K.
53,Private,HS-grad,Divorced,<=50K.
38,Private,Bachelors,Married,>50K.
49,Private,Assoc-voc,Married,<=50K.
21,Private,HS-grad,Never Married,<=50K.
18,Private,Some-college,Never Married,<=50K.
25,Private,Bachelors,Never Married,<=50K.
36,Private,11th,Married,<=50K.
52,Private,HS-grad,Married,>50K.
19,Private,Some-college,Never Married,<=50K.
23,Private,Bachelors,Never Married,<=50K.
63,Self,Bachelors,Married,<=50K.
63,Self,Assoc-voc,Married,<=50K.
62,Self,Bachelors,Divorced,>50K.
51,Self,Assoc-acdm,Married,>50K.
76,Govt,Some-college,Widowed,<=50K.
50,Private,HS-grad,Married,<=50K.
45,Self,HS-grad,Married,>50K.
44,Self,Some-college,Divorced,>50K.
51,Private,7th-8th,Married,<=50K.
42,Govt,Bachelors,Never Married,<=50K.
43,Govt,Masters,Married,>50K.
53,Private,11th,Married,<=50K.
29,Private,Assoc-voc,Married,<=50K.
41,Private,Some-college,Married,<=50K.
44,Govt,HS-grad,Divorced,<=50K.
35,Private,10th,Widowed,<=50K.
27,Private,HS-grad,Married,<=50K.
35,Private,Some-college,Married,<=50K.
60,Private,Assoc-voc,Widowed,<=50K.
49,Private,Some-college,Divorced,>50K.
33,Private,Bachelors,Married,<=50K.
35,Private,Bachelors,Married,>50K.
31,Govt,Some-college,Married,<=50K.
54,Private,HS-grad,Married,>50K.
57,Self,Doctorate,Married,<=50K.
30,Private,9th,Never Married,<=50K.
45,Private,10th,Never Married,<=50K.
41,Private,Some-college,Married,>50K.
25,Private,Bachelors,Never Married,<=50K.
51,Self,Some-college,Married,>50K.
42,Private,5th-6th,Separated,<=50K.
28,Private,Assoc-voc,Never Married,<=50K.
47,NA,10th,Married,<=50K.
53,Govt,Bachelors,Divorced,<=50K.
31,Private,Bachelors,Never Married,>50K.
46,Private,11th,Married,>50K.
25,Govt,HS-grad,Never Married,<=50K.
47,Private,HS-grad,Married,<=50K.
26,Private,Bachelors,Married,<=50K.
30,Private,HS-grad,Married,<=50K.
48,Private,HS-grad,Married,<=50K.
22,Private,Some-college,Never Married,<=50K.
32,Self,Some-college,Married,<=50K.
33,Self,Doctorate,Never Married,>50K.
31,Private,HS-grad,Married,<=50K.
43,Private,Some-college,Married,>50K.
26,Private,Assoc-voc,Never Married,<=50K.
34,Private,HS-grad,Married,<=50K.
50,Govt,Bachelors,Married,>50K.
30,Govt,HS-grad,Separated,<=50K.
17,Private,11th,Never Married,<=50K.
35,Govt,Masters,Never Married,<=50K.
29,Private,Some-college,Married,<=50K.
27,Govt,Assoc-acdm,Married,<=50K.
32,Self,Bachelors,Married,<=50K.
34,Private,Bachelors,Never Married,>50K.
32,Private,HS-grad,Separated,<=50K.
47,Govt,Some-college,Divorced,<=50K.
40,Private,Some-college,Never Married,<=50K.
26,Private,Assoc-voc,Never Married,<=50K.
30,Private,HS-grad,Never Married,<=50K.
54,Private,HS-grad,Divorced,<=50K.
53,Private,Bachelors,Married,>50K.
38,Private,Bachelors,Married,>50K.
43,Private,7th-8th,Separated,<=50K.
25,Private,Some-college,Never Married,<=50K.
39,Private,HS-grad,Married,<=50K.
57,Govt,HS-grad,Married,>50K.
47,Private,HS-grad,Married,<=50K.
45,Private,HS-grad,Divorced,<=50K.
24,Govt,Bachelors,Never Married,<=50K.
32,Self,10th,Divorced,<=50K.
25,Private,Some-college,Never Married,<=50K.
57,Private,5th-6th,Separated,<=50K.
28,Private,Bachelors,Married,>50K.
28,Private,HS-grad,Married,<=50K.
27,Private,Bachelors,Never Married,<=50K.
28,Private,Bachelors,Never Married,<=50K.
74,NA,1st-4th,Married,<=50K.
44,Self,HS-grad,Married,<=50K.
27,Private,HS-grad,Never Married,<=50K.
61,Private,Bachelors,Married,<=50K.
25,Private,11th,Never Married,<=50K.
28,Private,9th,Never Married,<=50K.
20,Private,Some-college,Never Married,<=50K.
33,Private,Assoc-voc,Never Married,<=50K.
38,Govt,HS-grad,Divorced,<=50K.
31,Private,HS-grad,Never Married,<=50K.
40,Private,Masters,Never Married,>50K.
43,Private,Some-college,Married,>50K.
38,Private,Masters,Married,>50K.
19,Private,Some-college,Never Married,<=50K.
56,Private,Assoc-acdm,Married,<=50K.
38,Private,Masters,Divorced,>50K.
30,NA,Bachelors,Married,<=50K.
22,Private,HS-grad,Married,<=50K.
18,Govt,HS-grad,Never Married,<=50K.
68,Private,Some-college,Widowed,<=50K.
35,Private,Assoc-voc,Divorced,<=50K.
42,Private,7th-8th,Married,<=50K.
32,Private,10th,Divorced,<=50K.
43,Govt,Some-college,Married,>50K.
30,Private,10th,Never Married,<=50K.
62,Private,Some-college,Married,<=50K.
38,Private,Assoc-voc,Married,<=50K.
27,Private,HS-grad,Never Married,<=50K.
28,Private,Doctorate,Never Married,>50K.
26,Private,Assoc-voc,Never Married,<=50K.
21,Private,Some-college,Never Married,<=50K.
19,Private,HS-grad,Never Married,<=50K.
20,Private,Some-college,Never Married,<=50K.
25,Govt,Bachelors,Never Married,<=50K.
28,Self,Some-college,Never Married,<=50K.
36,Private,Assoc-voc,Never Married,>50K.
23,Private,Bachelors,Never Married,<=50K.
24,Private,Bachelors,Married,<=50K.
23,Private,HS-grad,Never Married,<=50K.
24,Private,Bachelors,Never Married,<=50K.
25,Self,HS-grad,Never Married,<=50K.
24,Private,HS-grad,Never Married,<=50K.
30,Private,HS-grad,Married,<=50K.
26,Private,Bachelors,Never Married,<=50K.
62,NA,Masters,Married,<=50K.
36,Private,Some-college,Married,<=50K.
45,Private,HS-grad,Married,<=50K.
31,Private,Assoc-acdm,Divorced,<=50K.
34,Private,HS-grad,Never Married,<=50K.
65,Self,Bachelors,Married,>50K.
42,Private,Assoc-voc,Divorced,<=50K.
27,Govt,Prof-school,Never Married,<=50K.
40,Private,Some-college,Married,<=50K.
53,Govt,Some-college,Married,>50K.
54,Private,HS-grad,Married,>50K.
30,Govt,Bachelors,Never Married,<=50K.
59,Private,HS-grad,Married,>50K.
42,Self,HS-grad,Divorced,<=50K.
23,Private,HS-grad,Never Married,<=50K.
28,Private,Bachelors,Married,<=50K.
20,Private,HS-grad,Never Married,<=50K.
22,Private,Some-college,Never Married,<=50K.
73,NA,Bachelors,Married,<=50K.
47,Self,Some-college,Married,>50K.
44,Private,Some-college,Married,<=50K.
40,Private,12th,Divorced,<=50K.
37,Private,Assoc-voc,Married,>50K.
39,Private,HS-grad,Divorced,<=50K.
49,Private,Some-college,Married,>50K.
44,Self,Some-college,Divorced,<=50K.
27,Private,9th,Married,<=50K.
50,Private,HS-grad,Married,<=50K.
39,Private,Bachelors,Married,>50K.
41,Private,HS-grad,Never Married,<=50K.
55,Private,Bachelors,Married,>50K.
53,Private,1st-4th,Married,<=50K.
53,Govt,Masters,Divorced,<=50K.
31,Private,Masters,Married,>50K.
21,Private,HS-grad,Never Married,<=50K.
30,Private,HS-grad,Separated,<=50K.
74,NA,HS-grad,Widowed,<=50K.
53,Private,Masters,Never Married,>50K.
47,Private,Some-college,Married,<=50K.
60,Private,Bachelors,Divorced,>50K.
59,Private,9th,Separated,<=50K.
37,Private,Bachelors,Never Married,>50K.
47,Govt,Bachelors,Married,<=50K.
49,Private,9th,Married,<=50K.
73,Govt,Some-college,Never Married,<=50K.
58,Private,HS-grad,Divorced,<=50K.
18,NA,11th,Never Married,<=50K.
35,Private,Some-college,Never Married,<=50K.
24,Govt,Some-college,Married,<=50K.
62,Private,HS-grad,Widowed,<=50K.
58,Private,HS-grad,Married,<=50K.
51,Private,Some-college,Married,>50K.
21,Private,HS-grad,Never Married,<=50K.
30,Private,Bachelors,Married,<=50K.
27,Private,Assoc-voc,Never Married,<=50K.
25,Private,Bachelors,Married,>50K.
31,Private,HS-grad,Never Married,<=50K.
31,Private,HS-grad,Never Married,<=50K.
44,Private,Some-college,Married,>50K.
52,Self,Doctorate,Married,>50K.
30,Private,Assoc-acdm,Married,<=50K.
29,Private,HS-grad,Never Married,<=50K.
36,Private,11th,Divorced,<=50K.
54,Self,Bachelors,Married,<=50K.
59,Govt,Some-college,Separated,>50K.
55,Private,Some-college,Never Married,<=50K.
70,NA,Assoc-voc,Never Married,<=50K.
22,Private,Assoc-acdm,Never Married,<=50K.
42,Private,HS-grad,Divorced,<=50K.
36,Private,Assoc-acdm,Married,<=50K.
32,Private,Bachelors,Married,>50K.
44,Private,7th-8th,Married,<=50K.
22,NA,HS-grad,Never Married,<=50K.
25,Private,11th,Married,<=50K.
31,Private,HS-grad,Married,<=50K.
33,Private,HS-grad,Never Married,<=50K.
54,Self,Assoc-acdm,Married,>50K.
42,Self,HS-grad,Never Married,<=50K.
49,Private,HS-grad,Married,<=50K.
30,Private,HS-grad,Married,<=50K.
54,Private,HS-grad,Divorced,<=50K.
39,Private,Some-college,Never Married,<=50K.
24,Private,Some-college,Never Married,<=50K.
21,Private,HS-grad,Never Married,<=50K.
23,Private,9th,Never Married,<=50K.
54,Private,HS-grad,Divorced,<=50K.
23,Private,Masters,Never Married,<=50K.
39,Private,HS-grad,Divorced,<=50K.
23,Private,Some-college,Never Married,<=50K.
67,NA,HS-grad,Widowed,<=50K.
19,NA,11th,Married,<=50K.
41,Private,Some-college,Married,>50K.
32,Private,11th,Never Married,<=50K.
57,Private,HS-grad,Married,<=50K.
18,Private,HS-grad,Never Married,<=50K.
60,Govt,Doctorate,Married,>50K.
21,Private,Some-college,Never Married,<=50K.
53,Private,Some-college,Widowed,<=50K.
38,Private,Bachelors,Married,>50K.
21,Private,Some-college,Never Married,<=50K.
53,Private,Doctorate,Divorced,>50K.
24,Private,HS-grad,Never Married,<=50K.
36,Govt,Assoc-acdm,Married,<=50K.
29,Private,Masters,Never Married,<=50K.
23,Private,Some-college,Never Married,<=50K.
44,Private,Some-college,Married,<=50K.
32,Govt,Masters,Married,<=50K.
25,Private,Bachelors,Never Married,<=50K.
41,Self,HS-grad,Divorced,<=50K.
18,Private,HS-grad,Never Married,<=50K.
57,Private,Some-college,Married,<=50K.
62,Private,Bachelors,Widowed,>50K.
29,Private,Bachelors,Never Married,<=50K.
19,Private,HS-grad,Never Married,<=50K.
35,Self,Prof-school,Married,>50K.
52,Private,Bachelors,Married,>50K.
28,Private,10th,Never Married,<=50K.
38,Private,HS-grad,Never Married,<=50K.
42,Private,Some-college,Widowed,<=50K.
41,Private,Bachelors,Never Married,<=50K.
23,Private,Bachelors,Never Married,<=50K.
31,Private,Masters,Married,>50K.
31,Private,5th-6th,Never Married,<=50K.
46,Private,Masters,Married,>50K.
18,Private,11th,Never Married,<=50K.
57,Self,Masters,Married,>50K.
25,Private,Assoc-voc,Never Married,<=50K.
32,Private,Masters,Married,>50K.
27,Private,9th,Never Married,<=50K.
46,Govt,Bachelors,Married,>50K.
17,NA,10th,Never Married,<=50K.
43,Govt,HS-grad,Never Married,<=50K.
56,Self,Bachelors,Married,>50K.
19,Private,HS-grad,Married,<=50K.
20,Govt,HS-grad,Never Married,<=50K.
42,Private,Some-college,Never Married,<=50K.
90,Private,HS-grad,Widowed,<=50K.
25,Private,11th,Separated,<=50K.
27,Private,HS-grad,Never Married,<=50K.
48,Private,HS-grad,Married,<=50K.
48,Govt,Some-college,Never Married,<=50K.
27,Private,HS-grad,Married,<=50K.
46,Private,Bachelors,Widowed,<=50K.
32,Private,5th-6th,Married,<=50K.
22,Private,Assoc-voc,Married,<=50K.
24,Private,Bachelors,Married,>50K.
31,Private,HS-grad,Married,<=50K.
20,Private,Some-college,Never Married,<=50K.
28,Self,Prof-school,Never Married,<=50K.
40,Self,HS-grad,Married,>50K.
39,Private,HS-grad,Married,>50K.
54,Govt,HS-grad,Married,<=50K.
59,Govt,Some-college,Married,<=50K.
17,Private,11th,Never Married,<=50K.
25,Self,Some-college,Never Married,<=50K.
49,Govt,HS-grad,Married,>50K.
55,Self,HS-grad,Divorced,<=50K.
39,Private,HS-grad,Married,<=50K.
67,Private,Some-college,Widowed,<=50K.
28,Private,HS-grad,Never Married,<=50K.
35,Private,9th,Married,<=50K.
44,Private,HS-grad,Married,>50K.
51,Private,Masters,Married,>50K.
55,Private,Bachelors,Widowed,<=50K.
45,Govt,HS-grad,Married,>50K.
32,Private,HS-grad,Married,<=50K.
45,Private,Some-college,Divorced,<=50K.
45,Private,Masters,Married,>50K.
35,Private,Bachelors,Never Married,>50K.
55,Govt,HS-grad,Married,<=50K.
59,Private,Some-college,Married,>50K.
22,Private,HS-grad,Never Married,<=50K.
46,Govt,Masters,Widowed,<=50K.
23,Private,HS-grad,Never Married,<=50K.
47,Private,Bachelors,Married,>50K.
34,Private,HS-grad,Married,<=50K.
51,Private,11th,Divorced,<=50K.
40,Private,Assoc-voc,Married,<=50K.
24,Govt,Some-college,Never Married,<=50K.
20,Private,Some-college,Never Married,<=50K.
44,Private,Some-college,Divorced,<=50K.
26,Private,HS-grad,Divorced,<=50K.
35,Govt,HS-grad,Separated,<=50K.
23,Private,Some-college,Never Married,<=50K.
40,Private,HS-grad,Divorced,<=50K.
49,Govt,HS-grad,Married,<=50K.
32,Private,HS-grad,Never Married,<=50K.
28,Private,Assoc-voc,Divorced,<=50K.
51,Private,Masters,Married,>50K.
62,Private,Assoc-voc,Married,>50K.
31,Private,Some-college,Married,<=50K.
47,Govt,Assoc-acdm,Married,>50K.
36,Private,Assoc-voc,Never Married,<=50K.
44,Govt,HS-grad,Never Married,<=50K.
18,NA,HS-grad,Never Married,<=50K.
46,Private,Bachelors,Married,>50K.
32,Private,HS-grad,Never Married,<=50K.
51,Self,Assoc-acdm,Divorced,<=50K.
48,Private,Bachelors,Married,>50K.
28,Private,Bachelors,Never Married,<=50K.
57,Self,Some-college,Married,>50K.
33,Private,Assoc-voc,Married,<=50K.
42,Private,HS-grad,Separated,<=50K.
17,Private,10th,Never Married,<=50K.
63,NA,9th,Separated,<=50K.
31,Self,Bachelors,Married,>50K.
34,NA,Masters,Never Married,<=50K.
35,Private,Some-college,Never Married,<=50K.
20,Private,HS-grad,Never Married,<=50K.
36,Private,HS-grad,Married,<=50K.
24,Private,Some-college,Never Married,<=50K.
33,Private,Some-college,Married,>50K.
36,Private,Some-college,Married,<=50K.
31,Private,Bachelors,Divorced,<=50K.
29,Private,Assoc-acdm,Divorced,<=50K.
47,Private,Bachelors,Married,>50K.
30,Private,Doctorate,Married,>50K.
34,Private,HS-grad,Married,<=50K.
23,Private,HS-grad,Never Married,<=50K.
33,Private,Assoc-voc,Divorced,<=50K.
59,Private,10th,Divorced,<=50K.
67,Self,Bachelors,Divorced,<=50K.
26,Private,HS-grad,Divorced,<=50K.
27,Private,HS-grad,Married,<=50K.
20,Private,HS-grad,Married,<=50K.
24,Private,Bachelors,Never Married,<=50K.
44,Govt,Assoc-voc,Divorced,<=50K.
31,Private,HS-grad,Married,>50K.
28,Private,Prof-school,Married,<=50K.
19,Private,HS-grad,Never Married,<=50K.
31,Self,Bachelors,Married,>50K.
20,Private,HS-grad,Never Married,<=50K.
64,Private,HS-grad,Divorced,<=50K.
47,Govt,HS-grad,Married,>50K.
36,Private,Some-college,Never Married,<=50K.
48,Private,HS-grad,Married,>50K.
19,Self,Some-college,Never Married,<=50K.
22,Private,HS-grad,Never Married,<=50K.
56,Private,9th,Divorced,<=50K.
22,Private,Some-college,Never Married,<=50K.
37,Private,Bachelors,Married,>50K.
57,Govt,Bachelors,Widowed,<=50K.
38,Private,Assoc-acdm,Married,>50K.
34,Private,HS-grad,Never Married,<=50K.
22,NA,11th,Separated,<=50K.
38,Govt,Some-college,Divorced,<=50K.
30,Self,Some-college,Married,>50K.
32,Private,Bachelors,Never Married,>50K.
29,Private,12th,Married,<=50K.
56,Private,HS-grad,Married,<=50K.
42,Private,Assoc-voc,Married,>50K.
66,NA,10th,Divorced,<=50K.
71,Govt,HS-grad,Widowed,<=50K.
20,Private,11th,Never Married,<=50K.
25,Private,HS-grad,Never Married,<=50K.
42,Private,HS-grad,Married,>50K.
20,NA,HS-grad,Never Married,<=50K.
61,Private,Some-college,Married,>50K.
24,Govt,Bachelors,Married,<=50K.
51,Private,9th,Never Married,<=50K.
27,Private,HS-grad,Never Married,<=50K.
41,Private,Some-college,Married,>50K.
31,Private,HS-grad,Divorced,<=50K.
39,Private,HS-grad,Divorced,<=50K.
36,NA,HS-grad,Married,<=50K.
51,Self,Prof-school,Married,<=50K.
52,Private,HS-grad,Never Married,<=50K.
49,Private,Bachelors,Married,>50K.
43,Private,Some-college,Married,<=50K.
45,Private,Bachelors,Married,>50K.
49,Private,HS-grad,Divorced,<=50K.
19,Private,HS-grad,Never Married,<=50K.
44,Self,HS-grad,Married,<=50K.
67,Self,HS-grad,Married,<=50K.
58,Private,Prof-school,Married,>50K.
36,Private,Bachelors,Married,>50K.
67,Private,HS-grad,Widowed,>50K.
61,Private,Doctorate,Married,>50K.
55,Govt,7th-8th,Never Married,<=50K.
23,NA,Assoc-acdm,Never Married,<=50K.
35,Govt,HS-grad,Never Married,<=50K.
35,Private,10th,Never Married,<=50K.
20,Govt,Some-college,Never Married,<=50K.
51,Private,HS-grad,Married,<=50K.
23,Private,Bachelors,Never Married,<=50K.
39,Private,HS-grad,Married,<=50K.
36,Private,Some-college,Divorced,<=50K.
47,Private,HS-grad,Married,>50K.
27,Private,Bachelors,Never Married,>50K.
29,Private,HS-grad,Married,<=50K.
21,Govt,Some-college,Never Married,<=50K.
18,Private,Some-college,Never Married,<=50K.
24,Private,Some-college,Never Married,<=50K.
39,Govt,HS-grad,Married,>50K.
51,Govt,Some-college,Married,<=50K.
47,Private,Bachelors,Married,>50K.
62,Private,Some-college,Divorced,<=50K.
49,Private,Bachelors,Married,>50K.
20,Private,11th,Married,<=50K.
24,Private,Some-college,Never Married,<=50K.
25,Private,HS-grad,Never Married,<=50K.
54,Self,Bachelors,Married,<=50K.
25,Private,HS-grad,Never Married,<=50K.
20,NA,HS-grad,Married,<=50K.
43,Private,Some-college,Divorced,>50K.
26,Private,Bachelors,Never Married,<=50K.
24,Private,HS-grad,Married,<=50K.
18,Private,11th,Never Married,<=50K.
45,Self,Some-college,Married,>50K.
45,Self,HS-grad,Married,<=50K.
26,Private,Bachelors,Never Married,<=50K.
47,Private,Some-college,Never Married,<=50K.
54,NA,HS-grad,Married,<=50K.
21,Unemp,HS-grad,Never Married,<=50K.
29,Private,HS-grad,Divorced,<=50K.
68,Private,Some-college,Married,<=50K.
21,Private,Some-college,Never Married,<=50K.
28,Self,Some-college,Never Married,<=50K.
46,Private,HS-grad,Married,>50K.
35,Private,HS-grad,Separated,<=50K.
50,Self,10th,Never Married,<=50K.
48,Self,Some-college,Divorced,<=50K.
17,NA,10th,Never Married,<=50K.
59,Private,Bachelors,Married,>50K.
23,Private,Some-college,Never Married,<=50K.
53,Private,HS-grad,Widowed,<=50K.
50,Self,Masters,Married,>50K.
32,NA,5th-6th,Never Married,<=50K.
53,Private,12th,Married,<=50K.
52,Private,HS-grad,Married,<=50K.
38,Private,Bachelors,Married,<=50K.
43,Private,Masters,Married,>50K.
35,Private,Bachelors,Married,<=50K.
41,Private,Prof-school,Married,>50K.
22,Private,Some-college,Never Married,<=50K.
39,Private,HS-grad,Married,>50K.
45,Private,Masters,Married,>50K.
31,Private,9th,Married,<=50K.
40,Private,Bachelors,Married,>50K.
47,Self,5th-6th,Married,<=50K.
53,Private,HS-grad,Married,<=50K.
53,Self,Bachelors,Married,>50K.
33,Govt,Bachelors,Never Married,>50K.
24,Private,Bachelors,Never Married,<=50K.
34,Private,Some-college,Never Married,<=50K.
46,Self,HS-grad,Married,>50K.
29,Govt,Some-college,Married,<=50K.
61,Govt,11th,Widowed,>50K.
31,Private,HS-grad,Married,<=50K.
29,Private,HS-grad,Married,<=50K.
42,Private,HS-grad,Separated,<=50K.
50,Govt,Some-college,Married,<=50K.
34,Private,HS-grad,Divorced,<=50K.
39,Private,7th-8th,Married,<=50K.
74,Private,1st-4th,Married,<=50K.
40,Private,Some-college,Married,<=50K.
75,Self,Prof-school,Married,>50K.
40,Govt,Bachelors,Married,>50K.
36,Private,11th,Married,<=50K.
61,NA,Bachelors,Married,>50K.
42,NA,11th,Married,<=50K.
28,Private,Bachelors,Married,>50K.
19,Private,Some-college,Never Married,<=50K.
36,Private,Assoc-acdm,Separated,<=50K.
33,NA,Assoc-voc,Divorced,<=50K.
50,Govt,Some-college,Divorced,<=50K.
47,Private,Assoc-acdm,Married,>50K.
48,Private,HS-grad,Never Married,<=50K.
60,Self,HS-grad,Divorced,<=50K.
30,Private,Masters,Never Married,<=50K.
32,Private,Bachelors,Married,>50K.
45,Govt,Masters,Married,>50K.
51,Private,Some-college,Married,>50K.
53,Private,9th,Married,<=50K.
34,Private,Masters,Never Married,<=50K.
48,Self,Masters,Married,>50K.
68,NA,HS-grad,Married,<=50K.
32,Private,Assoc-acdm,Divorced,<=50K.
63,NA,HS-grad,Married,<=50K.
31,Private,HS-grad,Divorced,<=50K.
58,Self,Bachelors,Divorced,<=50K.
32,Private,Assoc-acdm,Married,>50K.
32,Private,Bachelors,Never Married,<=50K.
40,Private,Bachelors,Divorced,<=50K.
50,Private,Bachelors,Married,>50K.
38,Self,10th,Separated,<=50K.
30,Private,HS-grad,Married,<=50K.
21,Private,HS-grad,Never Married,<=50K.
28,Private,Bachelors,Never Married,>50K.
63,Private,HS-grad,Married,<=50K.
32,Private,Assoc-acdm,Divorced,<=50K.
25,Private,HS-grad,Never Married,<=50K.
59,Private,Some-college,Married,>50K.
22,Govt,Assoc-voc,Never Married,<=50K.
49,Private,Some-college,Never Married,<=50K.
36,Private,Bachelors,Never Married,<=50K.
31,NA,HS-grad,Married,<=50K.
46,Private,Some-college,Divorced,<=50K.
37,Govt,Prof-school,Married,>50K.
48,Private,Bachelors,Married,>50K.
43,Private,Some-college,Married,<=50K.
41,Private,HS-grad,Married,>50K.
54,Private,HS-grad,Married,<=50K.
36,Private,Some-college,Divorced,<=50K.
29,Private,Bachelors,Divorced,<=50K.
66,Govt,HS-grad,Married,<=50K.
59,Private,Prof-school,Never Married,<=50K.
62,Private,Bachelors,Married,>50K.
29,Private,10th,Never Married,<=50K.
28,Private,Bachelors,Married,>50K.
27,Private,Bachelors,Married,>50K.
42,Govt,HS-grad,Married,>50K.
60,Private,Assoc-voc,Married,>50K.
58,Private,Masters,Married,>50K.
27,Private,Some-college,Married,<=50K.
45,Private,HS-grad,Widowed,<=50K.
50,Private,Some-college,Married,>50K.
43,Private,Some-college,Married,<=50K.
39,Private,Prof-school,Divorced,<=50K.
21,Private,Some-college,Never Married,<=50K.
24,Private,HS-grad,Married,<=50K.
59,Self,Prof-school,Married,<=50K.
36,Private,HS-grad,Married,>50K.
72,NA,Some-college,Widowed,<=50K.
35,Private,Masters,Married,>50K.
33,Private,Some-college,Divorced,<=50K.
30,Private,HS-grad,Never Married,<=50K.
40,Private,Assoc-voc,Divorced,>50K.
26,Self,Some-college,Married,<=50K.
37,Govt,Assoc-voc,Separated,<=50K.
68,Self,Some-college,Divorced,<=50K.
45,Private,Bachelors,Married,>50K.
56,Private,HS-grad,Married,<=50K.
36,Private,HS-grad,Never Married,<=50K.
50,Private,Bachelors,Married,>50K.
38,Private,Assoc-voc,Married,<=50K.
29,Private,Bachelors,Married,<=50K.
28,Private,HS-grad,Never Married,<=50K.
39,Govt,Some-college,Married,<=50K.
26,Govt,Bachelors,Never Married,<=50K.
52,Self,Some-college,Divorced,>50K.
52,Private,Bachelors,Divorced,<=50K.
84,Private,HS-grad,Widowed,<=50K.
33,Govt,Some-college,Never Married,<=50K.
46,Govt,Prof-school,Married,>50K.
30,Private,HS-grad,Never Married,<=50K.
38,Private,Bachelors,Married,>50K.
66,Private,HS-grad,Widowed,<=50K.
62,Govt,Masters,Married,>50K.
31,Private,Bachelors,Married,>50K.
31,Private,Bachelors,Married,>50K.
39,Private,HS-grad,Married,<=50K.
60,Self,HS-grad,Divorced,<=50K.
27,Private,Bachelors,Never Married,<=50K.
37,NA,Assoc-voc,Married,<=50K.
38,Private,Some-college,Divorced,<=50K.
25,Private,HS-grad,Never Married,<=50K.
48,Private,HS-grad,Married,<=50K.
42,Self,Bachelors,Never Married,<=50K.
45,Govt,Masters,Married,>50K.
22,Private,Some-college,Never Married,<=50K.
50,Private,HS-grad,Married,<=50K.
21,Private,HS-grad,Never Married,<=50K.
44,Govt,Some-college,Divorced,<=50K.
60,Self,HS-grad,Separated,<=50K.
21,NA,Some-college,Never Married,<=50K.
51,Private,HS-grad,Married,<=50K.
30,Private,HS-grad,Married,<=50K.
46,Self,Assoc-acdm,Divorced,<=50K.
43,Private,Assoc-voc,Married,>50K.
57,Private,HS-grad,Never Married,<=50K.
48,Private,Masters,Married,>50K.
39,Self,Bachelors,Married,>50K.
68,Self,HS-grad,Married,<=50K.
33,Private,Some-college,Never Married,<=50K.
22,Unemp,HS-grad,Never Married,<=50K.
18,NA,11th,Never Married,<=50K.
28,Private,HS-grad,Never Married,<=50K.
32,Private,Masters,Married,<=50K.
56,Private,HS-grad,Divorced,<=50K.
36,Private,HS-grad,Married,<=50K.
34,Private,Some-college,Married,<=50K.
18,Private,HS-grad,Never Married,<=50K.
39,Private,10th,Widowed,<=50K.
25,Private,Bachelors,Never Married,<=50K.
27,Self,Some-college,Never Married,<=50K.
56,Self,Masters,Divorced,<=50K.
33,Self,HS-grad,Married,<=50K.
49,Self,Doctorate,Married,>50K.
44,Self,HS-grad,Married,<=50K.
30,Self,11th,Never Married,>50K.
27,Private,HS-grad,Divorced,<=50K.
25,Private,Bachelors,Never Married,>50K.
30,Self,Bachelors,Never Married,<=50K.
38,Private,Assoc-acdm,Married,<=50K.
38,Private,HS-grad,Married,<=50K.
46,Private,Some-college,Divorced,<=50K.
37,Private,HS-grad,Widowed,<=50K.
62,Private,HS-grad,Married,>50K.
55,Self,HS-grad,Married,<=50K.
47,Self,HS-grad,Married,<=50K.
45,Private,HS-grad,Married,<=50K.
50,Private,HS-grad,Married,<=50K.
36,Private,HS-grad,Divorced,<=50K.
45,Private,HS-grad,Never Married,<=50K.
23,Private,HS-grad,Never Married,<=50K.
37,Private,Assoc-acdm,Married,>50K.
38,Govt,Doctorate,Married,>50K.
27,Private,Some-college,Never Married,<=50K.
29,Private,Bachelors,Married,<=50K.
45,Govt,Masters,Never Married,<=50K.
41,Self,HS-grad,Married,>50K.
38,Self,Some-college,Never Married,<=50K.
27,Private,Bachelors,Never Married,<=50K.
51,Govt,Some-college,Married,<=50K.
44,Govt,HS-grad,Divorced,<=50K.
33,Govt,Masters,Married,<=50K.
28,Self,HS-grad,Married,>50K.
32,Private,Bachelors,Married,>50K.
43,Private,Masters,Married,<=50K.
45,Govt,HS-grad,Divorced,<=50K.
52,Govt,Assoc-acdm,Married,>50K.
24,Private,HS-grad,Never Married,<=50K.
19,NA,Some-college,Never Married,<=50K.
47,Private,Assoc-voc,Married,>50K.
53,Self,Doctorate,Divorced,>50K.
31,Private,Bachelors,Married,>50K.
30,Private,Assoc-voc,Never Married,<=50K.
56,Private,HS-grad,Married,<=50K.
49,Govt,Bachelors,Married,>50K.
38,Private,HS-grad,Married,<=50K.
19,Private,Some-college,Never Married,<=50K.
39,Private,Assoc-voc,Married,<=50K.
38,Private,HS-grad,Married,<=50K.
47,Private,HS-grad,Married,>50K.
58,Private,11th,Married,<=50K.
27,Private,HS-grad,Never Married,<=50K.
59,Govt,Masters,Divorced,>50K.
24,Private,Bachelors,Never Married,<=50K.
42,Private,Assoc-voc,Married,<=50K.
53,Govt,Masters,Married,>50K.
35,Private,HS-grad,Married,<=50K.
36,Govt,HS-grad,Married,>50K.
26,Private,HS-grad,Married,<=50K.
33,Private,9th,Separated,<=50K.
29,Private,Some-college,Married,<=50K.
43,Private,11th,Married,<=50K.
35,Private,Bachelors,Married,>50K.
48,Private,Bachelors,Married,>50K.
45,Govt,Masters,Divorced,<=50K.
43,Private,HS-grad,Divorced,<=50K.
27,Private,9th,Never Married,<=50K.
21,Private,7th-8th,Never Married,<=50K.
63,NA,HS-grad,Widowed,<=50K.
39,Private,Some-college,Married,>50K.
52,Self,Bachelors,Married,>50K.
41,Self,Bachelors,Widowed,<=50K.
48,Private,HS-grad,Married,>50K.
27,NA,11th,Divorced,<=50K.
53,Govt,HS-grad,Divorced,<=50K.
33,Govt,Assoc-acdm,Married,<=50K.
37,Private,10th,Never Married,<=50K.
18,NA,Some-college,Never Married,<=50K.
43,Govt,Doctorate,Separated,>50K.
20,Private,Some-college,Never Married,<=50K.
47,Private,Prof-school,Married,>50K.
36,Self,HS-grad,Married,<=50K.
41,Private,HS-grad,Married,>50K.
67,Private,7th-8th,Married,<=50K.
38,Private,Bachelors,Married,<=50K.
47,Self,Masters,Never Married,<=50K.
39,Private,Assoc-voc,Married,<=50K.
34,Self,Bachelors,Married,<=50K.
36,Private,HS-grad,Never Married,<=50K.
24,Private,Some-college,Married,<=50K.
50,Self,HS-grad,Married,<=50K.
21,Private,HS-grad,Never Married,<=50K.
21,Private,9th,Never Married,<=50K.
40,Private,HS-grad,Never Married,<=50K.
19,Private,Some-college,Never Married,<=50K.
38,Private,HS-grad,Never Married,<=50K.
34,Private,Assoc-voc,Married,<=50K.
44,Govt,Some-college,Divorced,<=50K.
20,Private,Assoc-acdm,Never Married,<=50K.
44,Private,HS-grad,Never Married,>50K.
49,Govt,HS-grad,Divorced,<=50K.
45,Self,Assoc-acdm,Married,>50K.
24,Private,HS-grad,Never Married,<=50K.
34,Private,HS-grad,Divorced,<=50K.
58,Self,HS-grad,Married,>50K.
39,Private,HS-grad,Married,<=50K.
22,Private,HS-grad,Never Married,<=50K.
38,Private,Bachelors,Married,>50K.
32,Govt,Prof-school,Married,>50K.
45,Govt,HS-grad,Divorced,<=50K.
23,Private,HS-grad,Married,<=50K.
35,Private,Assoc-acdm,Married,<=50K.
52,Private,Some-college,Married,>50K.
55,Private,Some-college,Divorced,<=50K.
23,Private,HS-grad,Never Married,<=50K.
22,Private,Bachelors,Married,<=50K.
27,Private,HS-grad,Married,<=50K.
24,Private,Assoc-acdm,Never Married,<=50K.
21,Private,Some-college,Never Married,<=50K.
49,Private,Bachelors,Divorced,<=50K.
32,Private,12th,Married,<=50K.
64,Private,Some-college,Widowed,<=50K.
37,Self,HS-grad,Never Married,<=50K.
61,Private,7th-8th,Married,<=50K.
44,Private,HS-grad,Married,>50K.
53,Private,HS-grad,Married,>50K.
43,Private,Masters,Never Married,>50K.
60,Govt,Doctorate,Married,>50K.
23,Private,Some-college,Never Married,<=50K.
25,Private,Masters,Married,<=50K.
29,Private,HS-grad,Never Married,<=50K.
51,Private,Bachelors,Divorced,<=50K.
47,Private,1st-4th,Married,<=50K.
20,Private,HS-grad,Never Married,<=50K.
25,Private,11th,Married,>50K.
27,Private,10th,Married,<=50K.
23,Private,HS-grad,Never Married,<=50K.
18,Private,HS-grad,Never Married,<=50K.
23,Private,7th-8th,Married,<=50K.
59,Self,HS-grad,Divorced,<=50K.
46,Private,HS-grad,Never Married,<=50K.
66,NA,7th-8th,Divorced,<=50K.
46,Govt,Masters,Married,>50K.
36,Govt,11th,Never Married,<=50K.
44,Private,HS-grad,Married,<=50K.
17,Private,11th,Never Married,<=50K.
27,Private,Some-college,Never Married,<=50K.
32,Private,Some-college,Married,>50K.
53,Private,HS-grad,Divorced,<=50K.
22,Private,Some-college,Never Married,<=50K.
30,Private,Assoc-acdm,Never Married,<=50K.
47,Self,Bachelors,Married,<=50K.
68,Self,Some-college,Married,>50K.
39,Private,HS-grad,Married,<=50K.
22,Private,Bachelors,Never Married,<=50K.
62,NA,7th-8th,Married,>50K.
20,Private,HS-grad,Never Married,<=50K.
21,Private,HS-grad,Never Married,<=50K.
34,Private,Assoc-voc,Never Married,<=50K.
30,Self,HS-grad,Married,<=50K.
25,Private,Some-college,Never Married,<=50K.
23,Govt,HS-grad,Never Married,<=50K.
40,Govt,Bachelors,Married,<=50K.
26,Govt,HS-grad,Never Married,<=50K.
57,Self,Assoc-voc,Married,>50K.
36,Private,Assoc-voc,Married,>50K.
43,NA,Some-college,Divorced,<=50K.
49,Govt,Bachelors,Divorced,<=50K.
58,Private,HS-grad,Married,>50K.
32,Private,Some-college,Divorced,<=50K.
59,Private,HS-grad,Married,>50K.
42,Govt,Bachelors,Never Married,<=50K.
37,Private,Bachelors,Married,<=50K.
40,Private,Prof-school,Married,>50K.
47,Private,HS-grad,Married,<=50K.
56,Private,Bachelors,Married,>50K.
30,Private,HS-grad,Never Married,<=50K.
42,Private,HS-grad,Widowed,<=50K.
21,Private,HS-grad,Never Married,<=50K.
21,Private,HS-grad,Married,<=50K.
47,Private,HS-grad,Married,<=50K.
22,Self,Some-college,Never Married,<=50K.
35,Private,Assoc-acdm,Never Married,>50K.
41,Private,11th,Never Married,<=50K.
43,Govt,Bachelors,Married,<=50K.
60,Private,Some-college,Married,<=50K.
73,Private,7th-8th,Married,>50K.
90,Private,Bachelors,Married,>50K.
62,Govt,HS-grad,Married,<=50K.
28,Private,HS-grad,Married,<=50K.
45,Private,Some-college,Married,<=50K.
19,Private,HS-grad,Never Married,<=50K.
30,Private,HS-grad,Never Married,<=50K.
19,Private,12th,Never Married,<=50K.
23,Private,Some-college,Never Married,<=50K.
22,Govt,Bachelors,Never Married,<=50K.
19,Private,HS-grad,Never Married,<=50K.
45,Govt,Assoc-acdm,Divorced,<=50K.
26,Govt,HS-grad,Never Married,<=50K.
42,Govt,10th,Married,>50K.
62,Self,HS-grad,Married,<=50K.
61,Private,10th,Married,<=50K.
34,Private,Bachelors,Divorced,>50K.
22,Govt,HS-grad,Never Married,<=50K.
56,Private,Masters,Married,>50K.
32,Private,Some-college,Married,<=50K.
24,NA,Some-college,Never Married,<=50K.
26,Private,HS-grad,Divorced,<=50K.
32,Private,HS-grad,Never Married,<=50K.
58,Private,Assoc-acdm,Divorced,<=50K.
25,Self,Assoc-acdm,Married,>50K.
23,Private,Some-college,Never Married,<=50K.
23,Private,Some-college,Married,<=50K.
54,Private,Some-college,Married,<=50K.
28,Private,Some-college,Never Married,<=50K.
35,Private,Bachelors,Married,>50K.
30,Private,Some-college,Married,>50K.
23,Private,12th,Married,<=50K.
42,Private,Some-college,Married,>50K.
72,Private,10th,Widowed,<=50K.
21,Private,HS-grad,Married,<=50K.
37,Private,Bachelors,Never Married,<=50K.
54,Private,HS-grad,Divorced,<=50K.
58,Private,Masters,Divorced,<=50K.
32,Private,Bachelors,Never Married,<=50K.
65,Private,Some-college,Widowed,<=50K.
22,Private,Bachelors,Married,<=50K.
52,Private,Bachelors,Married,>50K.
65,Private,10th,Widowed,<=50K.
33,Self,HS-grad,Never Married,<=50K.
35,Private,HS-grad,Never Married,<=50K.
27,Private,Some-college,Never Married,<=50K.
34,Govt,HS-grad,Never Married,<=50K.
53,Self,HS-grad,Married,<=50K.
23,Private,10th,Married,<=50K.
43,Govt,Doctorate,Separated,>50K.
58,Private,Assoc-voc,Married,<=50K.
38,Private,10th,Separated,<=50K.
26,Private,HS-grad,Married,<=50K.
60,Private,Bachelors,Married,>50K.
28,Private,HS-grad,Married,<=50K.
33,Govt,HS-grad,Never Married,<=50K.
29,Govt,Some-college,Married,<=50K.
54,Govt,Doctorate,Never Married,>50K.
41,Private,7th-8th,Married,<=50K.
63,Self,Some-college,Divorced,<=50K.
31,Private,HS-grad,Married,<=50K.
23,Private,Bachelors,Never Married,<=50K.
31,Private,Some-college,Married,<=50K.
41,Private,Prof-school,Married,>50K.
51,Private,HS-grad,Married,>50K.
59,Private,Some-college,Married,>50K.
23,Private,Some-college,Never Married,<=50K.
24,Self,Some-college,Never Married,<=50K.
67,Self,HS-grad,Divorced,<=50K.
65,NA,HS-grad,Widowed,<=50K.
47,Govt,Bachelors,Married,>50K.
21,Private,HS-grad,Never Married,<=50K.
38,Private,7th-8th,Married,<=50K.
55,Private,Bachelors,Divorced,<=50K.
39,Private,Masters,Divorced,<=50K.
24,Private,HS-grad,Separated,>50K.
24,Private,HS-grad,Married,<=50K.
38,Private,Some-college,Married,>50K.
19,Private,HS-grad,Never Married,<=50K.
32,Private,HS-grad,Married,<=50K.
63,Self,Some-college,Married,>50K.
18,Private,Some-college,Never Married,<=50K.
36,Private,Some-college,Married,<=50K.
41,Private,Bachelors,Divorced,<=50K.
57,Private,Some-college,Never Married,<=50K.
48,Private,HS-grad,Married,<=50K.
44,Private,HS-grad,Divorced,<=50K.
25,Private,Some-college,Never Married,<=50K.
48,Private,12th,Married,<=50K.
20,Private,Some-college,Never Married,<=50K.
74,Self,HS-grad,Married,<=50K.
44,Private,HS-grad,Never Married,<=50K.
26,Private,Some-college,Married,<=50K.
54,Govt,HS-grad,Married,<=50K.
39,Private,HS-grad,Married,>50K.
38,Private,Some-college,Divorced,<=50K.
18,Private,10th,Never Married,<=50K.
32,Govt,Masters,Never Married,<=50K.
24,Private,Some-college,Never Married,<=50K.
19,Self,9th,Never Married,<=50K.
28,Private,HS-grad,Married,<=50K.
28,Private,HS-grad,Separated,<=50K.
49,Govt,HS-grad,Married,<=50K.
50,Private,Bachelors,Married,<=50K.
63,Private,HS-grad,Widowed,<=50K.
58,Self,HS-grad,Married,<=50K.
68,Self,HS-grad,Widowed,<=50K.
41,Govt,Some-college,Married,>50K.
21,NA,HS-grad,Never Married,<=50K.
27,Private,Some-college,Married,>50K.
24,Private,Bachelors,Never Married,<=50K.
50,Private,Bachelors,Divorced,<=50K.
47,Private,Some-college,Divorced,<=50K.
64,NA,HS-grad,Divorced,>50K.
54,Private,HS-grad,Widowed,<=50K.
28,Private,Bachelors,Never Married,<=50K.
26,Govt,Masters,Never Married,<=50K.
35,Govt,Bachelors,Separated,<=50K.
48,Private,HS-grad,Married,<=50K.
50,Private,Assoc-acdm,Married,<=50K.
39,Private,HS-grad,Divorced,<=50K.
46,Private,Bachelors,Never Married,>50K.
41,Private,Some-college,Widowed,<=50K.
24,Private,7th-8th,Married,<=50K.
57,Private,HS-grad,Divorced,<=50K.
32,Private,HS-grad,Never Married,<=50K.
41,Private,Assoc-acdm,Married,>50K.
55,Private,HS-grad,Married,>50K.
41,NA,Assoc-voc,Divorced,<=50K.
69,Private,7th-8th,Divorced,<=50K.
22,Private,HS-grad,Never Married,<=50K.
45,Private,HS-grad,Married,<=50K.
33,Private,HS-grad,Never Married,<=50K.
57,Private,Some-college,Separated,<=50K.
38,Self,Bachelors,Married,>50K.
40,Private,HS-grad,Married,<=50K.
48,Self,Some-college,Divorced,<=50K.
38,Govt,Some-college,Married,<=50K.
26,Govt,Bachelors,Never Married,<=50K.
24,Private,HS-grad,Never Married,<=50K.
35,Private,HS-grad,Married,<=50K.
37,Private,Some-college,Married,>50K.
42,Private,HS-grad,Divorced,<=50K.
37,Private,HS-grad,Married,>50K.
37,Private,HS-grad,Never Married,<=50K.
28,Private,Masters,Never Married,<=50K.
22,Private,HS-grad,Married,<=50K.
24,Private,11th,Never Married,<=50K.
45,Govt,Some-college,Married,>50K.
29,Self,HS-grad,Never Married,>50K.
23,Private,Some-college,Never Married,<=50K.
24,Govt,Bachelors,Never Married,<=50K.
25,Private,Assoc-acdm,Never Married,<=50K.
58,Private,HS-grad,Divorced,<=50K.
28,Self,Assoc-voc,Never Married,<=50K.
58,Private,HS-grad,Widowed,>50K.
18,Private,11th,Never Married,<=50K.
59,Private,7th-8th,Married,<=50K.
39,Private,HS-grad,Divorced,<=50K.
53,Self,Some-college,Married,>50K.
54,Private,Prof-school,Never Married,<=50K.
51,Private,HS-grad,Married,>50K.
59,Private,Masters,Married,>50K.
42,Govt,HS-grad,Never Married,>50K.
36,Private,Some-college,Married,<=50K.
37,Private,Some-college,Never Married,<=50K.
32,Private,Some-college,Never Married,<=50K.
38,Self,HS-grad,Married,<=50K.
19,Private,HS-grad,Separated,<=50K.
55,Govt,Bachelors,Widowed,<=50K.
30,Private,HS-grad,Never Married,<=50K.
27,Private,Some-college,Married,>50K.
65,NA,HS-grad,Married,<=50K.
44,Private,Bachelors,Never Married,<=50K.
23,NA,5th-6th,Never Married,<=50K.
32,Private,Bachelors,Married,<=50K.
60,Private,HS-grad,Married,<=50K.
28,Private,HS-grad,Never Married,<=50K.
44,Private,HS-grad,Married,<=50K.
29,Private,HS-grad,Never Married,<=50K.
57,Govt,HS-grad,Married,<=50K.
41,Private,Some-college,Divorced,<=50K.
34,Self,11th,Married,<=50K.
44,Private,Some-college,Divorced,<=50K.
44,Private,Bachelors,Divorced,<=50K.
57,Private,1st-4th,Married,<=50K.
37,Private,Bachelors,Never Married,<=50K.
35,Private,Bachelors,Married,>50K.
51,Private,Masters,Married,>50K.
27,Private,Some-college,Never Married,<=50K.
41,Govt,Some-college,Married,>50K.
28,NA,Bachelors,Never Married,<=50K.
37,Self,Doctorate,Married,<=50K.
18,Private,Some-college,Never Married,<=50K.
24,Govt,7th-8th,Never Married,<=50K.
53,Private,12th,Married,<=50K.
40,Private,HS-grad,Divorced,<=50K.
54,Private,Some-college,Divorced,<=50K.
22,Private,Some-college,Never Married,<=50K.
44,Private,10th,Married,<=50K.
43,Private,Some-college,Divorced,<=50K.
58,Govt,Bachelors,Married,>50K.
59,Govt,Bachelors,Married,>50K.
31,Private,Bachelors,Married,>50K.
35,Private,HS-grad,Never Married,<=50K.
17,Private,10th,Never Married,<=50K.
45,Private,Some-college,Divorced,<=50K.
40,Private,Some-college,Divorced,<=50K.
35,Private,HS-grad,Married,<=50K.
25,Govt,Bachelors,Never Married,<=50K.
58,Private,HS-grad,Divorced,<=50K.
39,Private,Some-college,Divorced,>50K.
69,NA,1st-4th,Married,<=50K.
23,Private,HS-grad,Married,<=50K.
32,Govt,Bachelors,Never Married,<=50K.
48,Private,Assoc-acdm,Married,<=50K.
41,Private,Bachelors,Married,<=50K.
74,Private,9th,Widowed,<=50K.
43,Private,Bachelors,Married,>50K.
18,Private,Some-college,Never Married,<=50K.
24,Govt,Bachelors,Never Married,<=50K.
58,Private,Some-college,Married,<=50K.
54,Private,Masters,Married,>50K.
60,Private,7th-8th,Married,<=50K.
28,Private,Some-college,Married,<=50K.
41,Private,HS-grad,Married,>50K.
62,NA,Some-college,Married,>50K.
27,Govt,Some-college,Divorced,<=50K.
30,Private,Some-college,Divorced,<=50K.
63,Govt,Bachelors,Divorced,<=50K.
33,Private,HS-grad,Never Married,<=50K.
34,Private,HS-grad,Married,<=50K.
20,NA,9th,Never Married,<=50K.
51,Private,HS-grad,Married,<=50K.
21,Private,10th,Never Married,<=50K.
50,Private,HS-grad,Married,>50K.
43,Private,HS-grad,Married,<=50K.
27,Private,HS-grad,Married,<=50K.
19,Private,HS-grad,Never Married,<=50K.
20,NA,HS-grad,Never Married,<=50K.
17,Private,12th,Never Married,<=50K.
47,Private,Assoc-acdm,Divorced,<=50K.
25,Govt,Bachelors,Never Married,<=50K.
71,Private,Masters,Never Married,<=50K.
21,Private,HS-grad,Never Married,<=50K.
69,NA,11th,Married,<=50K.
48,Private,Assoc-acdm,Married,<=50K.
57,Private,7th-8th,Widowed,<=50K.
58,Self,Some-college,Married,>50K.
34,Private,HS-grad,Married,<=50K.
33,Govt,Some-college,Married,<=50K.
56,Private,5th-6th,Married,<=50K.
40,Govt,Masters,Never Married,<=50K.
28,Private,HS-grad,Never Married,<=50K.
42,Private,Masters,Married,<=50K.
19,NA,Some-college,Never Married,<=50K.
41,Private,Assoc-voc,Divorced,<=50K.
28,Self,HS-grad,Never Married,<=50K.
40,Private,10th,Divorced,<=50K.
23,Private,Some-college,Never Married,<=50K.
46,NA,HS-grad,Married,>50K.
39,Private,Masters,Never Married,>50K.
39,Private,Bachelors,Never Married,<=50K.
45,Private,HS-grad,Never Married,<=50K.
21,NA,Some-college,Never Married,<=50K.
50,Self,Some-college,Divorced,<=50K.
33,Private,HS-grad,Married,<=50K.
34,Private,11th,Married,<=50K.
55,Private,HS-grad,Married,<=50K.
62,Govt,HS-grad,Widowed,<=50K.
31,Private,Bachelors,Married,<=50K.
35,Self,9th,Married,<=50K.
30,Private,HS-grad,Separated,<=50K.
57,Self,Some-college,Married,>50K.
50,Private,HS-grad,Married,>50K.
51,Private,HS-grad,Married,<=50K.
47,Private,HS-grad,Married,>50K.
37,Private,Bachelors,Never Married,>50K.
58,Private,7th-8th,Married,<=50K.
39,Private,Bachelors,Divorced,>50K.
34,Private,Some-college,Never Married,>50K.
45,Private,HS-grad,Separated,<=50K.
19,NA,Some-college,Never Married,<=50K.
42,Private,Bachelors,Married,>50K.
40,Private,Assoc-voc,Divorced,<=50K.
39,Self,Prof-school,Married,>50K.
36,Private,Masters,Married,>50K.
56,Private,HS-grad,Divorced,<=50K.
19,NA,Some-college,Never Married,<=50K.
37,Private,Some-college,Married,>50K.
60,Govt,HS-grad,Married,<=50K.
56,Private,HS-grad,Married,>50K.
51,Private,7th-8th,Married,<=50K.
34,Private,Bachelors,Never Married,<=50K.
23,NA,Some-college,Never Married,<=50K.
19,Private,HS-grad,Never Married,<=50K.
37,Govt,HS-grad,Never Married,<=50K.
58,Private,Bachelors,Married,>50K.
33,Private,11th,Never Married,<=50K.
39,Private,Bachelors,Never Married,>50K.
36,Private,HS-grad,Never Married,<=50K.
26,Private,Bachelors,Never Married,<=50K.
22,Private,Assoc-voc,Never Married,<=50K.
32,Private,Masters,Never Married,<=50K.
17,Private,11th,Never Married,<=50K.
57,NA,Some-college,Divorced,<=50K.
68,Private,7th-8th,Widowed,<=50K.
70,Private,HS-grad,Married,<=50K.
30,Private,HS-grad,Never Married,<=50K.
19,Govt,Some-college,Never Married,<=50K.
51,Private,HS-grad,Married,<=50K.
19,Private,Some-college,Never Married,<=50K.
47,Private,HS-grad,Married,<=50K.
41,Private,Bachelors,Married,>50K.
36,Private,Some-college,Married,>50K.
30,Private,Some-college,Married,>50K.
26,Private,HS-grad,Married,<=50K.
41,Govt,Bachelors,Divorced,<=50K.
25,Private,Some-college,Married,<=50K.
62,Private,9th,Married,<=50K.
23,Private,Masters,Never Married,<=50K.
26,NA,Bachelors,Never Married,<=50K.
25,Private,HS-grad,Never Married,<=50K.
30,Private,Bachelors,Never Married,<=50K.
48,Private,HS-grad,Never Married,<=50K.
20,Private,HS-grad,Never Married,<=50K.
51,Private,Some-college,Married,>50K.
19,Private,Some-college,Never Married,<=50K.
31,Private,HS-grad,Never Married,<=50K.
36,Private,Bachelors,Married,>50K.
21,NA,Some-college,Never Married,<=50K.
40,Private,HS-grad,Never Married,<=50K.
30,Self,11th,Never Married,<=50K.
28,Self,Some-college,Never Married,<=50K.
57,Private,9th,Married,>50K.
18,Private,11th,Never Married,<=50K.
54,Private,HS-grad,Married,>50K.
32,Private,HS-grad,Married,<=50K.
52,Private,Masters,Never Married,<=50K.
27,Private,HS-grad,Separated,<=50K.
45,Private,Bachelors,Married,<=50K.
18,Private,Some-college,Never Married,<=50K.
37,Self,HS-grad,Never Married,<=50K.
52,Private,HS-grad,Married,>50K.
59,Private,9th,Never Married,<=50K.
27,Private,Assoc-voc,Never Married,<=50K.
43,Govt,HS-grad,Married,<=50K.
56,Private,Some-college,Married,>50K.
44,Self,Some-college,Married,<=50K.
37,Private,Assoc-voc,Never Married,<=50K.
28,Private,Assoc-voc,Divorced,>50K.
48,Self,HS-grad,Separated,<=50K.
58,Self,Bachelors,Married,<=50K.
29,Private,HS-grad,Married,<=50K.
37,Private,Assoc-acdm,Married,<=50K.
35,Self,Prof-school,Married,>50K.
36,Private,Assoc-voc,Divorced,<=50K.
52,Private,HS-grad,Married,<=50K.
30,Private,HS-grad,Divorced,<=50K.
22,Private,9th,Never Married,<=50K.
55,Self,Assoc-acdm,Married,<=50K.
61,Private,HS-grad,Married,>50K.
33,Private,HS-grad,Divorced,<=50K.
46,Private,Some-college,Married,<=50K.
64,Private,11th,Widowed,<=50K.
28,Private,10th,Married,<=50K.
19,Private,HS-grad,Never Married,<=50K.
36,Private,HS-grad,Separated,<=50K.
43,Self,Bachelors,Married,>50K.
39,Self,Doctorate,Divorced,<=50K.
56,Private,Bachelors,Married,>50K.
24,Govt,Some-college,Never Married,<=50K.
40,Private,HS-grad,Married,<=50K.
45,Self,Assoc-acdm,Married,>50K.
56,Govt,Masters,Widowed,<=50K.
46,Private,HS-grad,Separated,<=50K.
35,Govt,Bachelors,Never Married,<=50K.
36,Self,Prof-school,Married,>50K.
50,Self,Prof-school,Married,>50K.
61,Private,7th-8th,Widowed,<=50K.
31,Private,Assoc-voc,Never Married,<=50K.
63,Private,Some-college,Married,<=50K.
41,Private,Assoc-voc,Married,<=50K.
48,Private,HS-grad,Married,<=50K.
45,Private,HS-grad,Divorced,<=50K.
24,Private,HS-grad,Married,<=50K.
34,Private,Some-college,Divorced,>50K.
27,Private,Bachelors,Never Married,<=50K.
26,Private,Assoc-voc,Never Married,<=50K.
27,Private,HS-grad,Never Married,<=50K.
55,Private,Assoc-voc,Married,<=50K.
38,Private,HS-grad,Married,>50K.
31,Private,HS-grad,Married,>50K.
51,Self,Assoc-acdm,Married,>50K.
56,Private,12th,Married,>50K.
39,Private,Assoc-acdm,Married,<=50K.
50,Private,Some-college,Married,>50K.
34,Govt,Bachelors,Married,<=50K.
44,Private,HS-grad,Divorced,<=50K.
21,Private,HS-grad,Never Married,<=50K.
37,Private,Some-college,Married,<=50K.
34,NA,10th,Divorced,<=50K.
18,Private,12th,Never Married,<=50K.
34,NA,HS-grad,Married,<=50K.
38,Private,HS-grad,Married,>50K.
19,Private,HS-grad,Never Married,<=50K.
46,Private,HS-grad,Married,<=50K.
19,Private,Some-college,Never Married,<=50K.
22,Private,Some-college,Never Married,<=50K.
38,Private,HS-grad,Married,<=50K.
33,Private,Masters,Divorced,>50K.
83,Self,HS-grad,Widowed,<=50K.
34,Private,Some-college,Married,>50K.
38,Private,HS-grad,Married,<=50K.
33,Private,Some-college,Widowed,<=50K.
27,Private,HS-grad,Married,>50K.
38,Private,HS-grad,Married,<=50K.
25,Private,Some-college,Never Married,<=50K.
38,Private,HS-grad,Married,<=50K.
52,Private,Bachelors,Married,>50K.
33,Govt,Masters,Never Married,<=50K.
17,Private,11th,Never Married,<=50K.
28,Private,Bachelors,Never Married,<=50K.
52,Govt,HS-grad,Divorced,<=50K.
34,Private,HS-grad,Separated,<=50K.
25,Private,Bachelors,Never Married,<=50K.
17,Private,9th,Never Married,<=50K.
22,Private,HS-grad,Never Married,<=50K.
22,Private,HS-grad,Never Married,<=50K.
46,Private,Some-college,Married,>50K.
58,Private,HS-grad,Divorced,<=50K.
39,Private,Some-college,Divorced,<=50K.
59,Govt,Some-college,Widowed,<=50K.
61,Private,HS-grad,Married,<=50K.
32,Private,Assoc-voc,Married,<=50K.
50,Private,Bachelors,Married,>50K.
51,Private,HS-grad,Married,<=50K.
43,Private,Bachelors,Married,<=50K.
20,Private,Some-college,Never Married,<=50K.
38,Govt,Bachelors,Married,<=50K.
44,Govt,Assoc-voc,Married,>50K.
28,Private,Assoc-voc,Never Married,<=50K.
50,Private,Masters,Married,<=50K.
53,Private,Doctorate,Divorced,<=50K.
42,Self,Bachelors,Married,<=50K.
47,Private,Masters,Married,<=50K.
39,Private,HS-grad,Married,>50K.
38,Self,HS-grad,Never Married,<=50K.
34,Govt,Bachelors,Never Married,<=50K.
40,Private,Some-college,Married,<=50K.
63,Private,Some-college,Widowed,<=50K.
53,Private,Some-college,Married,>50K.
43,Private,Assoc-voc,Divorced,<=50K.
28,Private,Some-college,Never Married,<=50K.
68,Private,HS-grad,Widowed,>50K.
22,NA,7th-8th,Never Married,<=50K.
46,Govt,Bachelors,Married,<=50K.
57,Private,HS-grad,Never Married,<=50K.
38,Private,HS-grad,Divorced,<=50K.
66,Private,Masters,Married,<=50K.
29,Private,Assoc-acdm,Never Married,<=50K.
54,Private,Bachelors,Married,>50K.
38,Private,HS-grad,Never Married,<=50K.
35,Private,11th,Separated,<=50K.
30,Private,Bachelors,Never Married,<=50K.
39,Private,HS-grad,Never Married,<=50K.
31,Private,Masters,Never Married,<=50K.
50,Private,HS-grad,Married,<=50K.
30,Self,HS-grad,Married,<=50K.
25,Private,Bachelors,Never Married,<=50K.
24,Private,Bachelors,Never Married,<=50K.
59,Govt,HS-grad,Separated,<=50K.
45,Private,Bachelors,Married,<=50K.
64,Private,5th-6th,Separated,<=50K.
61,Private,12th,Married,<=50K.
42,Private,Assoc-voc,Divorced,<=50K.
28,Private,5th-6th,Married,<=50K.
53,Private,HS-grad,Divorced,<=50K.
33,Self,11th,Divorced,<=50K.
34,Govt,Masters,Married,<=50K.
41,Private,Some-college,Married,<=50K.
67,Private,Some-college,Married,>50K.
46,Private,Assoc-acdm,Widowed,<=50K.
32,Private,HS-grad,Married,<=50K.
41,Private,HS-grad,Married,<=50K.
30,Private,Bachelors,Married,<=50K.
54,Self,Bachelors,Divorced,<=50K.
33,Private,HS-grad,Divorced,<=50K.
20,NA,HS-grad,Never Married,<=50K.
34,Private,Bachelors,Never Married,<=50K.
20,Private,Some-college,Never Married,<=50K.
17,NA,HS-grad,Never Married,<=50K.
45,Private,Some-college,Divorced,<=50K.
21,Private,HS-grad,Never Married,<=50K.
25,Private,Bachelors,Married,<=50K.
38,Private,HS-grad,Married,<=50K.
17,Private,11th,Never Married,<=50K.
35,Private,HS-grad,Divorced,<=50K.
38,Private,Bachelors,Married,<=50K.
48,Govt,Assoc-acdm,Married,>50K.
25,Private,HS-grad,Never Married,<=50K.
57,Private,Masters,Never Married,<=50K.
32,Private,Bachelors,Divorced,>50K.
39,Govt,Bachelors,Separated,<=50K.
23,Private,Bachelors,Never Married,<=50K.
21,Private,HS-grad,Never Married,<=50K.
47,Private,HS-grad,Divorced,<=50K.
25,Private,7th-8th,Never Married,<=50K.
18,NA,11th,Never Married,<=50K.
41,Govt,Some-college,Married,<=50K.
19,Private,HS-grad,Never Married,<=50K.
24,Private,HS-grad,Never Married,<=50K.
57,Private,Bachelors,Married,>50K.
51,NA,Doctorate,Never Married,>50K.
32,Private,HS-grad,Married,<=50K.
28,Self,Assoc-voc,Married,<=50K.
40,Private,Bachelors,Married,>50K.
21,Govt,Some-college,Never Married,<=50K.
45,Self,Bachelors,Married,>50K.
17,NA,12th,Never Married,<=50K.
55,Private,10th,Married,<=50K.
42,Private,Some-college,Married,<=50K.
49,Private,HS-grad,Married,<=50K.
38,Private,HS-grad,Married,<=50K.
50,Private,Bachelors,Never Married,<=50K.
47,Private,HS-grad,Married,>50K.
43,Private,Bachelors,Married,<=50K.
39,Private,Bachelors,Married,>50K.
42,Private,HS-grad,Married,<=50K.
32,Private,HS-grad,Divorced,<=50K.
44,Govt,Assoc-acdm,Divorced,<=50K.
50,Self,Prof-school,Married,>50K.
55,Private,HS-grad,Divorced,<=50K.
37,Private,HS-grad,Never Married,<=50K.
59,Private,HS-grad,Divorced,<=50K.
56,Private,11th,Married,<=50K.
33,Self,12th,Never Married,<=50K.
35,Private,Bachelors,Married,>50K.
44,Private,HS-grad,Never Married,<=50K.
57,Govt,HS-grad,Married,>50K.
31,Private,Some-college,Never Married,<=50K.
18,Private,11th,Never Married,<=50K.
43,Private,HS-grad,Married,<=50K.
33,Private,HS-grad,Married,<=50K.
18,Private,Some-college,Never Married,<=50K.
47,Private,Bachelors,Never Married,<=50K.
53,Private,HS-grad,Divorced,<=50K.
59,Self,Assoc-voc,Never Married,>50K.
35,Private,Masters,Married,<=50K.
49,Private,10th,Married,<=50K.
26,Private,Assoc-acdm,Never Married,<=50K.
25,Private,HS-grad,Never Married,<=50K.
36,Govt,Masters,Never Married,<=50K.
29,Private,HS-grad,Never Married,<=50K.
52,Private,10th,Divorced,<=50K.
50,Self,Bachelors,Married,<=50K.
22,Private,Bachelors,Never Married,<=50K.
44,Self,Masters,Divorced,<=50K.
32,Private,Assoc-voc,Married,>50K.
49,Private,HS-grad,Divorced,<=50K.
31,Private,1st-4th,Married,<=50K.
33,Private,HS-grad,Married,<=50K.
50,Private,HS-grad,Married,<=50K.
62,NA,HS-grad,Married,<=50K.
26,Private,Some-college,Never Married,<=50K.
46,NA,HS-grad,Divorced,<=50K.
55,Private,Bachelors,Married,>50K.
49,Govt,HS-grad,Widowed,<=50K.
22,Private,HS-grad,Married,<=50K.
43,Private,Bachelors,Married,>50K.
58,Private,Some-college,Married,<=50K.
48,Govt,Masters,Married,>50K.
21,Private,11th,Never Married,<=50K.
67,Govt,7th-8th,Widowed,<=50K.
39,Self,11th,Married,<=50K.
52,Govt,Assoc-voc,Divorced,<=50K.
25,Private,Bachelors,Never Married,<=50K.
27,Self,Some-college,Never Married,>50K.
18,Private,11th,Never Married,<=50K.
41,Govt,HS-grad,Married,>50K.
59,Private,Doctorate,Never Married,<=50K.
23,Private,Assoc-acdm,Never Married,<=50K.
42,Private,HS-grad,Divorced,<=50K.
54,Self,Prof-school,Married,>50K.
39,Private,HS-grad,Never Married,<=50K.
57,Govt,9th,Married,<=50K.
51,Private,10th,Divorced,<=50K.
31,Self,7th-8th,Married,<=50K.
24,Private,Some-college,Married,<=50K.
35,Private,Some-college,Never Married,<=50K.
26,Private,Bachelors,Never Married,<=50K.
42,Self,Doctorate,Married,>50K.
31,Private,HS-grad,Married,<=50K.
46,Private,Bachelors,Married,>50K.
38,Govt,Bachelors,Married,<=50K.
51,Private,Bachelors,Married,<=50K.
27,Private,HS-grad,Married,<=50K.
33,NA,Bachelors,Never Married,<=50K.
22,Private,Some-college,Married,>50K.
72,NA,HS-grad,Married,<=50K.
25,Private,Bachelors,Never Married,<=50K.
58,Self,Bachelors,Married,>50K.
23,Private,Some-college,Never Married,<=50K.
63,Private,5th-6th,Widowed,<=50K.
23,Private,9th,Separated,<=50K.
51,Private,Masters,Married,>50K.
75,Private,Preschool,Never Married,<=50K.
52,Private,Some-college,Divorced,<=50K.
69,Private,HS-grad,Married,<=50K.
52,Private,Doctorate,Married,>50K.
40,Govt,HS-grad,Never Married,<=50K.
34,Private,Doctorate,Married,>50K.
21,Govt,Some-college,Never Married,<=50K.
30,Private,Bachelors,Never Married,<=50K.
46,Private,5th-6th,Married,<=50K.
21,Private,Some-college,Never Married,<=50K.
44,Private,HS-grad,Married,<=50K.
51,Govt,HS-grad,Married,<=50K.
40,Private,HS-grad,Divorced,<=50K.
33,Govt,HS-grad,Married,<=50K.
22,Self,HS-grad,Married,<=50K.
23,Private,HS-grad,Married,<=50K.
75,Self,Some-college,Married,<=50K.
55,Private,11th,Widowed,<=50K.
24,NA,Some-college,Never Married,<=50K.
45,Private,Some-college,Divorced,>50K.
31,Private,HS-grad,Never Married,<=50K.
49,Private,HS-grad,Married,>50K.
26,Govt,Bachelors,Never Married,<=50K.
61,Private,Masters,Married,<=50K.
44,Private,Masters,Married,<=50K.
28,Govt,Some-college,Never Married,<=50K.
79,NA,HS-grad,Married,>50K.
51,Private,HS-grad,Divorced,<=50K.
44,Self,Doctorate,Married,<=50K.
24,Private,Bachelors,Never Married,<=50K.
46,Self,Some-college,Married,>50K.
36,Private,HS-grad,Widowed,<=50K.
23,Private,12th,Never Married,<=50K.
25,Private,7th-8th,Married,<=50K.
48,Private,Some-college,Married,<=50K.
18,Private,11th,Never Married,<=50K.
25,Private,HS-grad,Never Married,<=50K.
19,Private,HS-grad,Never Married,<=50K.
26,NA,Bachelors,Married,<=50K.
33,Private,HS-grad,Never Married,<=50K.
42,Private,HS-grad,Divorced,<=50K.
22,Private,Some-college,Never Married,<=50K.
36,Private,Bachelors,Married,>50K.
33,Private,HS-grad,Never Married,<=50K.
34,Self,HS-grad,Married,<=50K.
33,Private,Masters,Married,<=50K.
62,Self,Prof-school,Married,>50K.
30,Private,Some-college,Never Married,<=50K.
22,Private,Some-college,Never Married,<=50K.
34,Private,Assoc-voc,Divorced,<=50K.
43,Private,HS-grad,Widowed,<=50K.
25,Private,Bachelors,Never Married,<=50K.
35,Private,HS-grad,Widowed,<=50K.
28,Private,Assoc-acdm,Never Married,<=50K.
28,Private,Some-college,Divorced,<=50K.
25,Private,HS-grad,Never Married,<=50K.
40,Private,HS-grad,Married,>50K.
35,Private,9th,Married,<=50K.
48,Self,7th-8th,Never Married,<=50K.
63,Self,HS-grad,Married,<=50K.
31,Private,Bachelors,Married,>50K.
36,Private,Assoc-acdm,Married,<=50K.
39,Private,Some-college,Married,<=50K.
24,Private,HS-grad,Never Married,<=50K.
32,Govt,Bachelors,Never Married,<=50K.
46,Private,Preschool,Married,<=50K.
19,Private,HS-grad,Never Married,<=50K.
30,Private,Some-college,Never Married,<=50K.
35,Private,Assoc-voc,Never Married,<=50K.
23,NA,Bachelors,Never Married,<=50K.
33,Private,HS-grad,Married,<=50K.
25,Private,HS-grad,Separated,<=50K.
64,Govt,HS-grad,Married,>50K.
18,Private,HS-grad,Never Married,<=50K.
59,Private,11th,Married,<=50K.
45,Govt,HS-grad,Divorced,<=50K.
30,Private,Doctorate,Never Married,<=50K.
24,Private,5th-6th,Never Married,<=50K.
22,Private,HS-grad,Never Married,<=50K.
49,Self,Some-college,Married,>50K.
35,Private,12th,Married,<=50K.
48,Govt,Masters,Never Married,<=50K.
18,Private,12th,Never Married,<=50K.
35,Private,Some-college,Married,<=50K.
27,Private,HS-grad,Never Married,<=50K.
28,Private,Bachelors,Never Married,<=50K.
21,NA,Some-college,Never Married,<=50K.
26,Private,Some-college,Never Married,<=50K.
44,Private,Bachelors,Married,>50K.
39,Private,HS-grad,Separated,<=50K.
40,Govt,Bachelors,Divorced,<=50K.
70,Self,Bachelors,Married,>50K.
34,Private,Masters,Never Married,<=50K.
34,Private,Assoc-acdm,Divorced,<=50K.
66,Private,Some-college,Married,<=50K.
40,Private,HS-grad,Separated,<=50K.
61,Self,HS-grad,Married,>50K.
59,Self,7th-8th,Married,<=50K.
28,NA,Masters,Never Married,<=50K.
47,Private,HS-grad,Married,>50K.
33,Govt,Bachelors,Married,>50K.
18,Private,11th,Never Married,<=50K.
25,Private,9th,Never Married,<=50K.
22,Private,Some-college,Never Married,<=50K.
40,Govt,Bachelors,Married,>50K.
68,NA,HS-grad,Married,<=50K.
30,Private,Assoc-acdm,Divorced,<=50K.
73,Self,7th-8th,Married,>50K.
45,Self,7th-8th,Married,<=50K.
23,Private,11th,Never Married,<=50K.
40,Private,Bachelors,Married,>50K.
39,Private,Bachelors,Married,>50K.
23,Private,Some-college,Married,<=50K.
51,Private,HS-grad,Divorced,<=50K.
53,Private,HS-grad,Married,<=50K.
24,Private,Bachelors,Never Married,<=50K.
53,Private,Bachelors,Divorced,<=50K.
49,Self,Doctorate,Married,<=50K.
34,Private,HS-grad,Married,<=50K.
37,Self,HS-grad,Married,<=50K.
40,Govt,Assoc-voc,Married,<=50K.
23,Govt,Some-college,Never Married,<=50K.
36,Private,Masters,Never Married,>50K.
35,Private,Bachelors,Never Married,<=50K.
53,Govt,Bachelors,Divorced,>50K.
42,Govt,Some-college,Divorced,>50K.
32,Private,Masters,Married,<=50K.
33,Private,HS-grad,Divorced,<=50K.
59,Private,HS-grad,Never Married,<=50K.
36,Private,Some-college,Married,<=50K.
37,Self,Prof-school,Married,>50K.
31,Private,Some-college,Never Married,<=50K.
46,Private,Bachelors,Married,<=50K.
44,Govt,Bachelors,Never Married,<=50K.
27,Private,Bachelors,Married,>50K.
29,Self,HS-grad,Never Married,<=50K.
39,Private,Some-college,Married,<=50K.
62,Self,HS-grad,Married,<=50K.
48,Self,Masters,Widowed,>50K.
42,Private,HS-grad,Never Married,<=50K.
60,Govt,Masters,Married,>50K.
35,Private,Bachelors,Never Married,<=50K.
39,Private,Some-college,Never Married,<=50K.
34,Self,Assoc-acdm,Married,<=50K.
22,Private,Some-college,Never Married,<=50K.
18,NA,HS-grad,Widowed,<=50K.
44,Private,Assoc-voc,Married,>50K.
44,Govt,HS-grad,Divorced,<=50K.
49,Govt,Bachelors,Divorced,<=50K.
21,Private,HS-grad,Never Married,<=50K.
49,Private,Assoc-voc,Never Married,<=50K.
52,Private,11th,Separated,<=50K.
39,Govt,Bachelors,Married,>50K.
23,Private,Bachelors,Never Married,<=50K.
54,Private,HS-grad,Married,<=50K.
31,Private,HS-grad,Divorced,<=50K.
30,Govt,Masters,Never Married,<=50K.
21,Private,Some-college,Never Married,<=50K.
38,Govt,Bachelors,Married,>50K.
51,Private,Some-college,Married,>50K.
34,Self,Doctorate,Married,>50K.
22,Private,Bachelors,Never Married,<=50K.
20,NA,Some-college,Never Married,<=50K.
26,Private,Bachelors,Never Married,<=50K.
26,Private,Some-college,Never Married,<=50K.
41,Private,Some-college,Married,>50K.
35,Private,Bachelors,Married,>50K.
27,Govt,Some-college,Never Married,<=50K.
65,Private,Some-college,Married,<=50K.
31,Private,11th,Married,<=50K.
45,Self,Prof-school,Married,>50K.
37,Self,Assoc-acdm,Married,>50K.
47,Private,HS-grad,Married,>50K.
47,Self,Assoc-acdm,Married,>50K.
33,Private,HS-grad,Married,<=50K.
40,Private,10th,Married,<=50K.
38,Private,Some-college,Married,>50K.
21,Private,Some-college,Never Married,<=50K.
40,Private,HS-grad,Married,<=50K.
33,Private,HS-grad,Divorced,<=50K.
29,Private,Some-college,Never Married,<=50K.
41,Private,Some-college,Separated,<=50K.
20,NA,Some-college,Never Married,<=50K.
20,Govt,Some-college,Never Married,<=50K.
34,Self,10th,Married,<=50K.
78,Self,Bachelors,Married,>50K.
46,Private,HS-grad,Married,>50K.
40,Private,Assoc-voc,Married,>50K.
59,Private,Some-college,Married,>50K.
23,Private,HS-grad,Never Married,<=50K.
23,Private,Some-college,Never Married,<=50K.
47,Self,Some-college,Married,<=50K.
31,Govt,Bachelors,Married,>50K.
42,Self,Some-college,Married,>50K.
46,Govt,HS-grad,Divorced,<=50K.
29,Private,HS-grad,Divorced,<=50K.
21,Private,HS-grad,Married,<=50K.
55,Private,HS-grad,Married,>50K.
38,Private,Assoc-voc,Never Married,<=50K.
44,Govt,Masters,Married,<=50K.
61,Self,Some-college,Divorced,>50K.
38,Govt,Bachelors,Never Married,<=50K.
50,Self,Bachelors,Married,>50K.
53,Private,Masters,Married,>50K.
37,Private,HS-grad,Married,>50K.
49,Private,Masters,Married,>50K.
30,Private,Some-college,Married,>50K.
19,Private,Assoc-voc,Never Married,<=50K.
59,Self,HS-grad,Divorced,<=50K.
43,Private,Bachelors,Married,<=50K.
29,Govt,Bachelors,Married,<=50K.
49,Private,Prof-school,Married,<=50K.
36,Private,HS-grad,Divorced,<=50K.
26,Private,11th,Never Married,<=50K.
18,Private,Some-college,Never Married,<=50K.
60,Private,Some-college,Widowed,<=50K.
43,Private,HS-grad,Divorced,<=50K.
42,Private,HS-grad,Never Married,<=50K.
41,Private,HS-grad,Divorced,<=50K.
55,Self,Masters,Married,>50K.
31,Private,Bachelors,Never Married,<=50K.
20,Private,Some-college,Never Married,<=50K.
37,Private,Masters,Married,>50K.
51,Self,Some-college,Married,<=50K.
28,Private,Some-college,Married,>50K.
24,Private,Assoc-voc,Never Married,<=50K.
21,Govt,Some-college,Never Married,<=50K.
21,Private,HS-grad,Never Married,<=50K.
20,NA,Some-college,Never Married,<=50K.
35,Private,HS-grad,Divorced,<=50K.
30,Private,Some-college,Married,<=50K.
44,Self,HS-grad,Married,<=50K.
45,Private,Bachelors,Married,>50K.
42,Private,10th,Married,<=50K.
36,NA,HS-grad,Divorced,<=50K.
32,Private,Bachelors,Divorced,<=50K.
33,Private,HS-grad,Never Married,<=50K.
27,Private,9th,Married,<=50K.
17,Private,10th,Never Married,<=50K.
45,Govt,HS-grad,Never Married,<=50K.
41,Private,Bachelors,Married,<=50K.
19,Private,Some-college,Never Married,<=50K.
45,Private,Assoc-voc,Divorced,<=50K.
41,Self,Doctorate,Married,>50K.
34,Govt,HS-grad,Married,<=50K.
33,Private,Bachelors,Never Married,>50K.
17,NA,10th,Never Married,<=50K.
51,Private,Bachelors,Divorced,<=50K.
33,Private,HS-grad,Divorced,<=50K.
23,Private,Some-college,Never Married,<=50K.
52,Private,Bachelors,Married,>50K.
36,NA,Some-college,Divorced,<=50K.
25,Private,HS-grad,Never Married,<=50K.
38,NA,Some-college,Married,<=50K.
64,Self,9th,Separated,<=50K.
42,Private,Masters,Married,>50K.
29,Private,HS-grad,Never Married,<=50K.
26,Govt,Bachelors,Never Married,<=50K.
38,NA,HS-grad,Married,<=50K.
24,Private,10th,Never Married,<=50K.
43,Govt,Some-college,Married,>50K.
38,Private,10th,Married,>50K.
28,Private,Bachelors,Married,>50K.
18,NA,Some-college,Never Married,<=50K.
44,Private,Assoc-voc,Married,<=50K.
81,NA,HS-grad,Married,<=50K.
55,Private,HS-grad,Married,>50K.
52,Private,11th,Widowed,<=50K.
31,Private,Bachelors,Married,>50K.
35,Private,HS-grad,Divorced,<=50K.
39,Private,HS-grad,Never Married,<=50K.
27,Private,HS-grad,Never Married,<=50K.
23,Govt,Some-college,Never Married,<=50K.
26,Private,11th,Separated,<=50K.
33,Private,Assoc-voc,Never Married,<=50K.
39,Private,Some-college,Never Married,<=50K.
44,Private,HS-grad,Divorced,<=50K.
38,Private,HS-grad,Divorced,<=50K.
18,Private,12th,Never Married,<=50K.
54,Private,HS-grad,Widowed,<=50K.
45,Private,HS-grad,Never Married,<=50K.
43,Private,Masters,Married,>50K.
23,Govt,Bachelors,Never Married,<=50K.
37,Private,Some-college,Never Married,<=50K.
33,Self,11th,Married,<=50K.
45,Private,Bachelors,Married,>50K.
32,Self,Bachelors,Never Married,<=50K.
47,Private,7th-8th,Married,<=50K.
44,Private,Assoc-acdm,Married,>50K.
22,Private,HS-grad,Never Married,<=50K.
17,Private,11th,Never Married,<=50K.
64,Self,Doctorate,Married,>50K.
30,Govt,Bachelors,Married,>50K.
51,Private,Bachelors,Married,>50K.
26,Govt,HS-grad,Never Married,<=50K.
31,Private,Some-college,Never Married,<=50K.
50,Private,11th,Married,<=50K.
18,NA,Some-college,Never Married,<=50K.
63,Private,HS-grad,Never Married,<=50K.
48,Private,Assoc-voc,Married,>50K.
37,Self,Bachelors,Married,>50K.
51,NA,HS-grad,Married,<=50K.
29,Private,HS-grad,Never Married,<=50K.
69,Private,Masters,Married,<=50K.
56,Private,HS-grad,Married,<=50K.
26,NA,Bachelors,Married,<=50K.
39,Govt,Masters,Married,>50K.
42,Self,HS-grad,Separated,<=50K.
41,Govt,HS-grad,Married,>50K.
45,Private,HS-grad,Married,>50K.
23,Private,Some-college,Never Married,<=50K.
29,Private,Bachelors,Never Married,>50K.
34,Private,Some-college,Married,<=50K.
31,NA,Bachelors,Married,>50K.
46,Govt,Bachelors,Married,>50K.
46,Unemp,HS-grad,Married,<=50K.
33,Private,5th-6th,Separated,<=50K.
46,Private,Assoc-voc,Married,<=50K.
26,Private,HS-grad,Never Married,<=50K.
49,Govt,Bachelors,Divorced,<=50K.
66,NA,HS-grad,Widowed,<=50K.
55,Govt,HS-grad,Married,>50K.
35,Private,HS-grad,Married,<=50K.
27,Private,Some-college,Divorced,<=50K.
31,Private,HS-grad,Never Married,<=50K.
47,Private,Some-college,Separated,<=50K.
48,Self,HS-grad,Married,>50K.
27,Private,Some-college,Never Married,<=50K.
38,Private,HS-grad,Divorced,<=50K.
27,Private,HS-grad,Married,<=50K.
23,NA,Assoc-acdm,Never Married,<=50K.
17,Private,12th,Never Married,<=50K.
44,Govt,Bachelors,Married,>50K.
26,Private,HS-grad,Married,<=50K.
37,Private,HS-grad,Never Married,<=50K.
49,Private,Bachelors,Married,>50K.
42,Private,HS-grad,Married,>50K.
26,Private,Bachelors,Never Married,<=50K.
73,NA,Assoc-voc,Married,<=50K.
44,Private,Some-college,Married,<=50K.
47,Private,Masters,Never Married,<=50K.
28,NA,Some-college,Divorced,<=50K.
49,Private,Some-college,Divorced,<=50K.
17,Private,HS-grad,Never Married,<=50K.
42,Private,Some-college,Divorced,<=50K.
30,Private,10th,Married,<=50K.
36,Govt,Assoc-voc,Married,<=50K.
53,Private,Bachelors,Never Married,<=50K.
23,Private,HS-grad,Married,<=50K.
35,Private,HS-grad,Divorced,<=50K.
32,Private,11th,Never Married,>50K.
39,Private,Bachelors,Widowed,>50K.
40,Private,Masters,Married,<=50K.
28,Private,Some-college,Married,<=50K.
32,Private,HS-grad,Never Married,<=50K.
42,Private,Some-college,Never Married,<=50K.
35,Private,Bachelors,Never Married,<=50K.
35,Private,12th,Never Married,<=50K.
21,Private,HS-grad,Never Married,<=50K.
71,Private,7th-8th,Widowed,>50K.
31,Private,HS-grad,Separated,<=50K.
25,Govt,Some-college,Never Married,<=50K.
35,Private,HS-grad,Never Married,<=50K.
24,Private,HS-grad,Never Married,<=50K.
69,Private,Some-college,Married,<=50K.
35,Self,Masters,Married,>50K.
35,Private,Bachelors,Married,<=50K.
42,Private,Bachelors,Never Married,>50K.
51,Private,Assoc-voc,Married,>50K.
48,Private,HS-grad,Divorced,<=50K.
49,Private,Assoc-voc,Married,<=50K.
53,Private,Assoc-acdm,Married,<=50K.
43,Private,Some-college,Married,<=50K.
53,Private,Bachelors,Married,>50K.
35,Private,HS-grad,Never Married,<=50K.
36,Private,HS-grad,Never Married,<=50K.
34,Govt,Masters,Never Married,<=50K.
48,Private,Some-college,Married,>50K.
53,Private,HS-grad,Divorced,<=50K.
37,Private,Some-college,Divorced,<=50K.
49,Govt,Prof-school,Divorced,<=50K.
30,NA,Some-college,Married,<=50K.
41,Private,HS-grad,Married,<=50K.
25,Private,Some-college,Never Married,<=50K.
24,Private,Some-college,Married,<=50K.
34,Private,HS-grad,Never Married,<=50K.
29,Private,HS-grad,Never Married,<=50K.
23,Private,Bachelors,Never Married,<=50K.
46,Private,Some-college,Separated,<=50K.
20,Private,Some-college,Never Married,<=50K.
63,Private,12th,Married,<=50K.
40,Self,Masters,Married,<=50K.
33,Private,Assoc-acdm,Divorced,<=50K.
24,Govt,Some-college,Never Married,<=50K.
36,Private,Some-college,Never Married,<=50K.
25,Private,HS-grad,Never Married,<=50K.
54,Govt,9th,Married,<=50K.
50,Self,Bachelors,Divorced,<=50K.
58,Govt,Bachelors,Married,<=50K.
17,Private,11th,Never Married,<=50K.
40,Private,HS-grad,Married,>50K.
27,Private,Bachelors,Never Married,<=50K.
20,Private,HS-grad,Separated,<=50K.
22,Private,11th,Married,<=50K.
80,Self,11th,Married,<=50K.
52,Private,HS-grad,Divorced,<=50K.
40,Govt,Bachelors,Married,>50K.
48,Private,10th,Separated,<=50K.
62,Private,HS-grad,Married,<=50K.
32,Private,Assoc-acdm,Married,>50K.
21,NA,Some-college,Never Married,<=50K.
58,Govt,Bachelors,Married,>50K.
37,Self,Masters,Married,>50K.
29,Self,Doctorate,Married,>50K.
25,Private,HS-grad,Never Married,<=50K.
26,Private,Some-college,Never Married,<=50K.
50,Private,Some-college,Married,<=50K.
30,Govt,Bachelors,Married,>50K.
30,Govt,Bachelors,Married,<=50K.
59,Private,HS-grad,Widowed,<=50K.
36,Private,HS-grad,Never Married,<=50K.
37,Private,Masters,Married,>50K.
42,Private,Bachelors,Married,>50K.
34,Private,Bachelors,Married,>50K.
27,Self,9th,Married,<=50K.
39,Private,Bachelors,Married,>50K.
41,Private,Assoc-voc,Married,>50K.
34,Self,Bachelors,Married,>50K.
41,Private,Some-college,Married,<=50K.
50,Private,Some-college,Divorced,<=50K.
18,Private,HS-grad,Never Married,<=50K.
23,Private,Bachelors,Never Married,<=50K.
26,Private,HS-grad,Married,<=50K.
38,Private,Some-college,Married,>50K.
27,Private,Some-college,Married,<=50K.
21,Private,10th,Never Married,<=50K.
41,Private,HS-grad,Married,<=50K.
42,Self,Assoc-acdm,Divorced,<=50K.
25,Private,10th,Never Married,<=50K.
43,Private,Bachelors,Married,>50K.
23,Private,Some-college,Never Married,<=50K.
40,Govt,Bachelors,Married,>50K.
23,Private,Some-college,Never Married,<=50K.
18,Private,11th,Never Married,<=50K.
37,Private,Bachelors,Never Married,<=50K.
58,Private,9th,Married,<=50K.
36,Private,Some-college,Never Married,<=50K.
36,Private,Assoc-acdm,Married,>50K.
25,Private,Assoc-voc,Married,>50K.
62,Private,Bachelors,Married,>50K.
34,Private,Some-college,Married,<=50K.
27,Private,Bachelors,Never Married,<=50K.
23,Private,HS-grad,Never Married,<=50K.
55,Private,HS-grad,Divorced,<=50K.
42,Private,HS-grad,Married,<=50K.
22,Private,HS-grad,Never Married,<=50K.
44,Private,Assoc-acdm,Married,>50K.
42,Govt,Some-college,Married,<=50K.
21,Private,HS-grad,Never Married,<=50K.
25,Private,Assoc-acdm,Divorced,<=50K.
31,Private,1st-4th,Separated,<=50K.
42,Private,Some-college,Divorced,<=50K.
26,Private,9th,Married,<=50K.
62,Private,Some-college,Married,>50K.
28,Private,Bachelors,Married,>50K.
34,Private,Masters,Married,<=50K.
51,Private,Bachelors,Married,<=50K.
45,Govt,Masters,Married,>50K.
44,Private,Some-college,Married,>50K.
47,NA,7th-8th,Married,<=50K.
35,Private,Some-college,Married,<=50K.
46,Private,7th-8th,Married,<=50K.
46,Private,Assoc-acdm,Never Married,<=50K.
46,Private,Bachelors,Married,>50K.
66,Self,Bachelors,Married,>50K.
34,Govt,HS-grad,Separated,<=50K.
26,Private,Assoc-acdm,Married,<=50K.
29,Private,HS-grad,Married,>50K.
30,Private,HS-grad,Never Married,<=50K.
23,Private,Bachelors,Never Married,<=50K.
46,Private,9th,Married,<=50K.
44,NA,10th,Married,<=50K.
54,Private,Masters,Married,>50K.
54,Self,7th-8th,Married,<=50K.
71,Private,9th,Widowed,<=50K.
51,Private,12th,Married,<=50K.
32,Private,HS-grad,Never Married,<=50K.
75,NA,HS-grad,Married,<=50K.
57,Private,11th,Married,<=50K.
34,Private,9th,Never Married,<=50K.
40,Private,Bachelors,Divorced,>50K.
21,Private,HS-grad,Never Married,<=50K.
50,Private,Masters,Married,>50K.
32,Private,Assoc-voc,Never Married,<=50K.
37,Govt,Bachelors,Married,>50K.
19,Private,7th-8th,Married,<=50K.
64,Private,HS-grad,Widowed,<=50K.
17,Private,11th,Never Married,<=50K.
37,Private,Assoc-voc,Married,<=50K.
32,Private,Some-college,Never Married,<=50K.
20,Private,Some-college,Never Married,<=50K.
39,Self,Doctorate,Never Married,>50K.
18,Private,12th,Never Married,<=50K.
42,Private,Masters,Married,>50K.
43,Private,Some-college,Married,>50K.
42,Private,Bachelors,Married,>50K.
53,Govt,Bachelors,Married,>50K.
52,Private,HS-grad,Married,<=50K.
51,Private,10th,Never Married,<=50K.
77,Self,Some-college,Married,<=50K.
25,Private,Some-college,Never Married,<=50K.
38,Govt,Some-college,Never Married,<=50K.
20,Private,HS-grad,Never Married,<=50K.
23,Private,HS-grad,Never Married,<=50K.
27,Private,HS-grad,Never Married,<=50K.
19,Private,11th,Never Married,<=50K.
41,Private,Bachelors,Married,>50K.
47,Govt,Some-college,Married,<=50K.
72,NA,Bachelors,Separated,<=50K.
42,Private,Masters,Never Married,<=50K.
36,Private,Bachelors,Married,>50K.
42,Self,Masters,Married,>50K.
24,Private,Bachelors,Never Married,<=50K.
22,Private,HS-grad,Never Married,<=50K.
29,Private,1st-4th,Married,<=50K.
42,Private,Prof-school,Married,>50K.
24,Private,Bachelors,Never Married,<=50K.
41,Private,Some-college,Married,>50K.
29,Private,HS-grad,Never Married,<=50K.
36,Private,HS-grad,Divorced,<=50K.
78,Self,HS-grad,Widowed,>50K.
43,Private,Assoc-voc,Married,>50K.
34,Govt,Some-college,Separated,<=50K.
20,NA,Some-college,Never Married,<=50K.
24,Private,12th,Married,<=50K.
36,Govt,Assoc-voc,Married,<=50K.
49,Private,Some-college,Married,<=50K.
21,Private,9th,Never Married,<=50K.
51,Private,Assoc-acdm,Separated,<=50K.
30,Private,HS-grad,Married,<=50K.
37,Private,HS-grad,Never Married,<=50K.
30,Private,Assoc-voc,Never Married,<=50K.
20,NA,Some-college,Never Married,<=50K.
46,Private,HS-grad,Married,<=50K.
24,Govt,HS-grad,Never Married,<=50K.
32,Private,Bachelors,Married,>50K.
36,Private,Some-college,Divorced,<=50K.
30,Private,11th,Married,<=50K.
60,Govt,Some-college,Married,<=50K.
56,Govt,Some-college,Divorced,<=50K.
57,Private,11th,Married,<=50K.
61,Govt,Bachelors,Married,<=50K.
50,Private,HS-grad,Married,>50K.
56,Self,HS-grad,Married,<=50K.
61,Self,Some-college,Married,>50K.
45,Private,Masters,Divorced,>50K.
31,Private,Masters,Married,>50K.
60,Self,HS-grad,Never Married,>50K.
26,Private,Some-college,Married,<=50K.
56,Self,11th,Married,<=50K.
45,Private,11th,Widowed,<=50K.
28,Private,Assoc-acdm,Never Married,>50K.
45,Self,Some-college,Married,<=50K.
58,Private,9th,Married,<=50K.
38,Private,Assoc-voc,Never Married,<=50K.
23,Private,Bachelors,Never Married,<=50K.
49,Private,HS-grad,Married,>50K.
19,Private,Some-college,Never Married,<=50K.
22,Private,HS-grad,Never Married,<=50K.
23,Private,HS-grad,Married,<=50K.
23,Private,HS-grad,Married,<=50K.
40,Private,HS-grad,Married,<=50K.
55,Govt,Bachelors,Never Married,<=50K.
34,Govt,Assoc-voc,Never Married,<=50K.
21,Private,HS-grad,Married,<=50K.
28,Private,HS-grad,Never Married,<=50K.
43,Govt,Bachelors,Married,<=50K.
17,Private,9th,Never Married,<=50K.
51,Self,10th,Widowed,<=50K.
37,Private,HS-grad,Married,>50K.
54,Self,Bachelors,Married,>50K.
24,Private,Bachelors,Never Married,<=50K.
35,Private,HS-grad,Married,>50K.
48,Private,HS-grad,Never Married,<=50K.
23,Private,Assoc-voc,Never Married,<=50K.
24,Private,HS-grad,Never Married,<=50K.
24,Private,Assoc-voc,Never Married,<=50K.
50,Private,7th-8th,Married,<=50K.
34,Private,HS-grad,Married,>50K.
45,Private,HS-grad,Divorced,<=50K.
36,Private,11th,Never Married,<=50K.
33,Private,Bachelors,Married,>50K.
21,Private,HS-grad,Never Married,<=50K.
32,Private,HS-grad,Married,<=50K.
22,Private,5th-6th,Never Married,<=50K.
53,Private,HS-grad,Married,>50K.
36,Private,HS-grad,Married,<=50K.
22,Private,Bachelors,Never Married,<=50K.
47,Private,HS-grad,Married,<=50K.
25,NA,Some-college,Never Married,<=50K.
30,Private,HS-grad,Divorced,<=50K.
49,NA,HS-grad,Widowed,<=50K.
23,Private,Some-college,Never Married,<=50K.
40,Private,10th,Separated,<=50K.
45,Govt,Assoc-acdm,Divorced,<=50K.
61,Govt,Bachelors,Married,<=50K.
35,Private,HS-grad,Divorced,<=50K.
20,Private,Some-college,Never Married,<=50K.
27,Private,10th,Never Married,<=50K.
23,Private,HS-grad,Never Married,<=50K.
25,Private,Bachelors,Married,<=50K.
65,Govt,Some-college,Widowed,<=50K.
25,Private,HS-grad,Never Married,<=50K.
49,Private,Bachelors,Married,>50K.
45,Private,Bachelors,Divorced,<=50K.
46,Private,Masters,Divorced,<=50K.
67,Private,HS-grad,Widowed,<=50K.
40,Private,HS-grad,Widowed,<=50K.
51,Private,Some-college,Married,>50K.
44,Self,Bachelors,Married,>50K.
35,Private,HS-grad,Married,<=50K.
28,Private,Some-college,Never Married,<=50K.
44,Private,HS-grad,Divorced,<=50K.
37,Private,Some-college,Married,>50K.
54,Private,Some-college,Married,>50K.
33,Govt,Prof-school,Married,>50K.
46,Private,HS-grad,Divorced,<=50K.
45,Private,Masters,Married,<=50K.
27,Private,Assoc-acdm,Never Married,<=50K.
49,Private,Masters,Married,>50K.
51,Private,HS-grad,Divorced,<=50K.
27,Private,HS-grad,Married,<=50K.
36,Private,HS-grad,Married,<=50K.
59,Private,Bachelors,Married,>50K.
24,Private,Some-college,Never Married,<=50K.
66,NA,Assoc-voc,Widowed,<=50K.
31,Private,HS-grad,Never Married,<=50K.
35,Govt,Doctorate,Never Married,>50K.
34,Private,Bachelors,Married,>50K.
50,Private,Some-college,Married,>50K.
43,Self,HS-grad,Married,<=50K.
21,Private,9th,Never Married,<=50K.
33,Private,9th,Never Married,<=50K.
48,Private,Some-college,Divorced,<=50K.
22,Private,HS-grad,Never Married,<=50K.
29,Private,Masters,Married,<=50K.
42,Self,Assoc-voc,Married,<=50K.
28,Self,HS-grad,Married,<=50K.
36,Private,HS-grad,Never Married,<=50K.
66,Govt,HS-grad,Widowed,<=50K.
44,Private,Bachelors,Married,<=50K.
45,Govt,Some-college,Divorced,<=50K.
49,Private,HS-grad,Divorced,<=50K.
36,Private,Bachelors,Divorced,<=50K.
48,Private,11th,Married,<=50K.
19,Private,HS-grad,Never Married,<=50K.
36,Private,Bachelors,Married,>50K.
41,Private,Masters,Married,>50K.
32,Private,Some-college,Married,<=50K.
49,Private,HS-grad,Married,>50K.
51,Self,HS-grad,Married,<=50K.
20,Private,Some-college,Divorced,<=50K.
39,Private,Bachelors,Never Married,<=50K.
38,Private,HS-grad,Married,>50K.
19,Private,Some-college,Never Married,<=50K.
29,Govt,Bachelors,Never Married,<=50K.
52,Self,HS-grad,Married,>50K.
22,Private,Assoc-voc,Never Married,<=50K.
44,Self,Some-college,Married,<=50K.
43,Private,HS-grad,Divorced,<=50K.
41,Govt,Some-college,Married,<=50K.
63,NA,HS-grad,Married,<=50K.
40,Private,Assoc-voc,Separated,<=50K.
40,Private,Bachelors,Never Married,<=50K.
18,Private,11th,Never Married,<=50K.
57,Self,Prof-school,Married,>50K.
54,Govt,Bachelors,Married,>50K.
44,Private,Bachelors,Divorced,<=50K.
20,Private,Some-college,Never Married,<=50K.
40,Private,Some-college,Married,<=50K.
29,Private,Some-college,Never Married,<=50K.
22,Private,Bachelors,Never Married,<=50K.
44,Private,Masters,Married,>50K.
45,Private,Some-college,Divorced,<=50K.
52,Private,Bachelors,Married,>50K.
57,Private,HS-grad,Separated,<=50K.
51,Govt,HS-grad,Divorced,<=50K.
23,Private,Bachelors,Never Married,<=50K.
22,Private,Assoc-voc,Married,<=50K.
37,Private,Some-college,Divorced,>50K.
58,Govt,HS-grad,Divorced,<=50K.
61,Private,10th,Widowed,<=50K.
30,Private,Masters,Never Married,<=50K.
23,Private,Some-college,Never Married,<=50K.
30,Private,10th,Divorced,<=50K.
18,Private,HS-grad,Never Married,<=50K.
34,Private,Some-college,Married,<=50K.
23,Private,HS-grad,Never Married,<=50K.
23,Private,Some-college,Never Married,<=50K.
57,Private,Bachelors,Married,>50K.
58,Private,HS-grad,Married,>50K.
59,Self,HS-grad,Married,>50K.
27,Private,Bachelors,Married,<=50K.
50,Private,Bachelors,Married,>50K.
44,Govt,Masters,Divorced,<=50K.
25,Private,Bachelors,Never Married,<=50K.
33,Private,HS-grad,Divorced,<=50K.
22,Private,Some-college,Never Married,<=50K.
21,Private,Some-college,Never Married,<=50K.
44,Private,11th,Married,>50K.
50,Private,Some-college,Married,>50K.
44,Private,HS-grad,Married,<=50K.
53,NA,HS-grad,Married,>50K.
41,Private,Bachelors,Married,>50K.
54,Govt,Some-college,Widowed,<=50K.
60,Self,7th-8th,Married,<=50K.
58,Private,Masters,Divorced,<=50K.
27,Private,Some-college,Married,<=50K.
43,Private,HS-grad,Never Married,<=50K.
33,Govt,Assoc-acdm,Married,<=50K.
24,Private,Some-college,Married,<=50K.
41,Private,HS-grad,Never Married,<=50K.
21,Private,HS-grad,Never Married,<=50K.
39,Private,Some-college,Married,<=50K.
27,Self,Bachelors,Never Married,<=50K.
50,Private,HS-grad,Married,<=50K.
20,Private,HS-grad,Never Married,<=50K.
46,Govt,Bachelors,Married,>50K.
49,Private,11th,Married,<=50K.
35,Govt,Bachelors,Married,>50K.
56,Self,Some-college,Married,>50K.
41,Govt,Masters,Divorced,<=50K.
41,Self,Some-college,Divorced,<=50K.
42,Private,HS-grad,Married,<=50K.
58,Govt,7th-8th,Married,<=50K.
43,Private,Some-college,Married,<=50K.
25,Private,HS-grad,Divorced,<=50K.
57,Private,HS-grad,Divorced,<=50K.
49,Private,7th-8th,Widowed,<=50K.
23,Private,Some-college,Married,<=50K.
59,Private,HS-grad,Married,<=50K.
50,Private,Some-college,Married,>50K.
33,Private,Bachelors,Never Married,<=50K.
52,Private,Masters,Married,<=50K.
37,Self,HS-grad,Married,>50K.
30,Self,HS-grad,Divorced,<=50K.
39,Self,HS-grad,Divorced,<=50K.
54,Govt,Some-college,Divorced,<=50K.
52,Private,HS-grad,Married,>50K.
22,Govt,HS-grad,Never Married,<=50K.
19,NA,Some-college,Never Married,<=50K.
65,Private,HS-grad,Married,>50K.
32,Private,Bachelors,Never Married,<=50K.
25,Private,7th-8th,Never Married,<=50K.
34,Private,Some-college,Never Married,<=50K.
47,Private,Assoc-voc,Never Married,<=50K.
24,Private,HS-grad,Never Married,<=50K.
63,Govt,Doctorate,Divorced,>50K.
48,Private,5th-6th,Never Married,<=50K.
26,Private,HS-grad,Never Married,<=50K.
28,Private,Some-college,Separated,<=50K.
23,Private,HS-grad,Never Married,<=50K.
57,Self,Prof-school,Married,>50K.
64,Govt,Bachelors,Divorced,<=50K.
28,Private,Bachelors,Never Married,>50K.
28,Private,7th-8th,Married,<=50K.
34,Private,Some-college,Married,<=50K.
38,Self,11th,Married,>50K.
44,Private,Assoc-acdm,Married,>50K.
34,Private,Assoc-voc,Never Married,<=50K.
18,Private,HS-grad,Married,<=50K.
36,Private,12th,Married,<=50K.
73,Self,HS-grad,Married,<=50K.
24,Private,HS-grad,Never Married,<=50K.
29,Govt,Bachelors,Married,>50K.
33,Private,Some-college,Married,<=50K.
57,Govt,HS-grad,Separated,<=50K.
41,Private,Assoc-voc,Never Married,<=50K.
55,Private,10th,Widowed,<=50K.
21,Private,10th,Married,<=50K.
36,Self,Masters,Married,>50K.
26,Private,Some-college,Never Married,<=50K.
32,NA,Bachelors,Married,>50K.
40,Private,Some-college,Divorced,<=50K.
32,Private,HS-grad,Married,<=50K.
21,Private,Some-college,Never Married,<=50K.
59,Govt,Some-college,Married,<=50K.
29,Private,HS-grad,Never Married,<=50K.
29,Self,Some-college,Divorced,<=50K.
59,Self,Masters,Married,>50K.
58,Private,HS-grad,Married,>50K.
47,Private,HS-grad,Married,<=50K.
44,Private,HS-grad,Divorced,<=50K.
31,Private,HS-grad,Never Married,<=50K.
42,Self,HS-grad,Married,<=50K.
19,Private,HS-grad,Never Married,<=50K.
66,Private,HS-grad,Married,<=50K.
41,Private,HS-grad,Married,<=50K.
22,Private,Some-college,Never Married,<=50K.
31,Private,HS-grad,Never Married,<=50K.
30,Private,Bachelors,Never Married,<=50K.
36,Self,HS-grad,Separated,<=50K.
75,NA,Doctorate,Never Married,<=50K.
41,Govt,Assoc-acdm,Divorced,<=50K.
19,Private,Some-college,Never Married,<=50K.
60,Private,HS-grad,Married,<=50K.
24,Private,11th,Never Married,<=50K.
25,Private,11th,Married,<=50K.
52,Private,Some-college,Never Married,<=50K.
30,Private,Bachelors,Never Married,<=50K.
37,Private,HS-grad,Married,>50K.
55,Self,Doctorate,Divorced,<=50K.
20,Private,Some-college,Never Married,<=50K.
32,Private,7th-8th,Never Married,<=50K.
18,Private,HS-grad,Never Married,<=50K.
24,Private,Some-college,Never Married,<=50K.
33,Govt,Some-college,Married,<=50K.
76,NA,Some-college,Widowed,<=50K.
57,Govt,Masters,Married,>50K.
53,Private,Masters,Divorced,<=50K.
19,Private,HS-grad,Never Married,<=50K.
50,Govt,Prof-school,Married,>50K.
27,Private,Bachelors,Never Married,<=50K.
40,Private,Assoc-voc,Separated,<=50K.
26,NA,10th,Separated,<=50K.
47,Self,HS-grad,Married,<=50K.
39,Govt,Assoc-voc,Married,<=50K.
49,Govt,Some-college,Divorced,<=50K.
28,Self,Some-college,Married,<=50K.
33,NA,Some-college,Married,<=50K.
50,Private,Bachelors,Married,>50K.
28,Private,11th,Never Married,<=50K.
30,Private,HS-grad,Married,<=50K.
47,Private,Masters,Married,>50K.
39,Private,Bachelors,Married,>50K.
37,Private,HS-grad,Married,<=50K.
50,Private,HS-grad,Married,<=50K.
37,Private,10th,Married,<=50K.
26,Private,HS-grad,Married,>50K.
55,Private,Assoc-voc,Married,>50K.
46,Private,Bachelors,Married,>50K.
32,Private,HS-grad,Married,<=50K.
26,Private,Bachelors,Never Married,>50K.
32,Private,HS-grad,Married,>50K.
43,Private,Some-college,Never Married,<=50K.
19,Private,HS-grad,Divorced,<=50K.
38,Private,HS-grad,Divorced,<=50K.
38,Private,5th-6th,Married,<=50K.
65,Private,Assoc-voc,Married,<=50K.
70,Self,Some-college,Married,>50K.
48,NA,HS-grad,Widowed,<=50K.
44,Private,Bachelors,Separated,<=50K.
32,Private,Some-college,Never Married,<=50K.
30,Govt,HS-grad,Never Married,<=50K.
49,Govt,Assoc-acdm,Married,>50K.
23,Private,HS-grad,Never Married,<=50K.
25,Private,Some-college,Married,<=50K.
19,Private,Some-college,Never Married,<=50K.
27,Private,Assoc-voc,Never Married,<=50K.
43,Govt,HS-grad,Never Married,<=50K.
38,Private,HS-grad,Married,<=50K.
42,Private,Masters,Married,<=50K.
33,Govt,Bachelors,Never Married,<=50K.
30,Private,Bachelors,Married,>50K.
29,Private,Bachelors,Never Married,<=50K.
30,Private,11th,Married,<=50K.
26,Private,HS-grad,Married,<=50K.
43,Private,Bachelors,Married,>50K.
30,Private,HS-grad,Married,<=50K.
38,Private,Some-college,Married,>50K.
48,Private,Masters,Married,>50K.
57,Private,Bachelors,Married,>50K.
30,Private,HS-grad,Married,<=50K.
42,Govt,Masters,Separated,>50K.
31,Self,HS-grad,Married,<=50K.
32,Private,Some-college,Never Married,<=50K.
28,Private,Bachelors,Married,<=50K.
63,Private,HS-grad,Married,<=50K.
32,Private,HS-grad,Married,<=50K.
20,Private,Some-college,Never Married,<=50K.
51,Self,Masters,Married,>50K.
36,Private,Bachelors,Never Married,<=50K.
24,Private,Some-college,Married,<=50K.
41,Govt,Assoc-voc,Divorced,<=50K.
21,Private,HS-grad,Never Married,<=50K.
27,Private,Some-college,Never Married,<=50K.
17,Private,9th,Never Married,<=50K.
45,Private,1st-4th,Married,<=50K.
39,Govt,HS-grad,Separated,<=50K.
21,Private,Some-college,Never Married,<=50K.
29,Private,Bachelors,Never Married,>50K.
39,Private,Masters,Never Married,>50K.
42,Private,HS-grad,Separated,<=50K.
22,Private,5th-6th,Married,<=50K.
21,NA,Some-college,Never Married,<=50K.
59,Private,HS-grad,Widowed,<=50K.
40,Private,Masters,Married,>50K.
45,Private,Some-college,Divorced,<=50K.
35,Private,HS-grad,Divorced,<=50K.
58,Private,HS-grad,Married,<=50K.
45,Private,Some-college,Married,>50K.
29,Private,HS-grad,Married,<=50K.
21,Private,11th,Never Married,<=50K.
51,Private,HS-grad,Married,<=50K.
34,Govt,Some-college,Married,<=50K.
40,Private,Bachelors,Divorced,<=50K.
45,Private,11th,Divorced,<=50K.
38,Self,10th,Married,>50K.
22,Private,Bachelors,Never Married,<=50K.
37,Private,9th,Married,<=50K.
62,Private,10th,Divorced,<=50K.
32,Govt,Bachelors,Never Married,<=50K.
36,Private,Bachelors,Married,>50K.
43,Private,HS-grad,Never Married,<=50K.
37,Private,HS-grad,Married,<=50K.
33,NA,Bachelors,Married,<=50K.
28,Private,HS-grad,Never Married,<=50K.
49,NA,Some-college,Widowed,<=50K.
47,Govt,HS-grad,Married,>50K.
59,Private,HS-grad,Divorced,<=50K.
35,Private,HS-grad,Married,<=50K.
35,Private,Bachelors,Married,<=50K.
29,Self,Bachelors,Never Married,<=50K.
57,Private,Assoc-acdm,Divorced,<=50K.
41,Private,Bachelors,Married,>50K.
37,Private,Masters,Married,>50K.
20,Govt,Some-college,Never Married,<=50K.
44,Private,HS-grad,Married,<=50K.
20,Govt,HS-grad,Never Married,<=50K.
38,Self,Bachelors,Married,>50K.
23,Private,HS-grad,Married,<=50K.
24,Private,HS-grad,Married,<=50K.
46,Private,Bachelors,Married,>50K.
32,Govt,HS-grad,Married,<=50K.
21,Self,HS-grad,Married,<=50K.
32,Private,Some-college,Married,<=50K.
41,Private,Some-college,Divorced,<=50K.
51,Private,HS-grad,Married,<=50K.
69,Self,7th-8th,Never Married,<=50K.
39,Self,HS-grad,Married,>50K.
43,Private,Some-college,Divorced,<=50K.
51,Govt,Bachelors,Married,>50K.
43,Private,HS-grad,Divorced,<=50K.
35,Self,11th,Divorced,<=50K.
32,Private,HS-grad,Divorced,<=50K.
25,Private,Bachelors,Never Married,<=50K.
64,Private,Some-college,Widowed,<=50K.
28,Private,Bachelors,Married,<=50K.
44,Private,1st-4th,Married,<=50K.
40,Private,Bachelors,Married,>50K.
21,Private,Some-college,Never Married,<=50K.
23,Private,HS-grad,Never Married,<=50K.
23,Private,Some-college,Never Married,<=50K.
19,Private,HS-grad,Never Married,<=50K.
61,Private,Some-college,Married,<=50K.
47,Self,7th-8th,Never Married,<=50K.
39,Private,10th,Married,<=50K.
51,Private,HS-grad,Married,>50K.
25,Private,10th,Married,<=50K.
33,Private,HS-grad,Married,<=50K.
34,Govt,Some-college,Divorced,<=50K.
54,Self,Some-college,Married,<=50K.
24,Private,Bachelors,Never Married,<=50K.
28,Private,HS-grad,Never Married,<=50K.
33,Private,Some-college,Married,<=50K.
63,NA,HS-grad,Married,<=50K.
31,Private,HS-grad,Married,>50K.
70,Self,HS-grad,Married,<=50K.
43,Private,HS-grad,Married,<=50K.
36,Private,Some-college,Married,>50K.
50,Govt,11th,Never Married,<=50K.
21,Private,Some-college,Never Married,<=50K.
31,Private,Some-college,Separated,<=50K.
19,NA,Some-college,Never Married,<=50K.
39,Private,Some-college,Divorced,<=50K.
29,Private,7th-8th,Married,<=50K.
39,Private,Some-college,Divorced,<=50K.
17,Private,7th-8th,Never Married,<=50K.
46,Private,Some-college,Divorced,<=50K.
62,Private,HS-grad,Married,<=50K.
32,Private,10th,Divorced,<=50K.
28,Private,HS-grad,Never Married,<=50K.
19,Private,Some-college,Never Married,<=50K.
61,Govt,Doctorate,Married,<=50K.
18,Private,Some-college,Never Married,<=50K.
39,Self,Prof-school,Married,>50K.
24,Govt,Bachelors,Married,<=50K.
38,Private,Some-college,Married,<=50K.
38,Private,Masters,Married,>50K.
17,Private,10th,Never Married,<=50K.
28,Private,HS-grad,Married,<=50K.
52,Private,HS-grad,Married,<=50K.
61,Private,Prof-school,Married,>50K.
69,Private,5th-6th,Married,<=50K.
19,Private,HS-grad,Never Married,<=50K.
26,Private,Some-college,Married,>50K.
34,Self,Some-college,Married,>50K.
70,Private,9th,Married,<=50K.
21,Private,HS-grad,Never Married,<=50K.
43,Private,HS-grad,Married,<=50K.
52,Private,HS-grad,Married,<=50K.
59,Private,HS-grad,Married,>50K.
21,Private,Assoc-voc,Never Married,<=50K.
53,Self,Masters,Married,>50K.
55,Govt,Some-college,Married,>50K.
46,Self,Masters,Divorced,>50K.
36,Private,HS-grad,Separated,<=50K.
39,Private,HS-grad,Never Married,<=50K.
78,NA,Bachelors,Married,<=50K.
30,Private,HS-grad,Never Married,<=50K.
22,Private,Some-college,Never Married,<=50K.
43,Private,Bachelors,Married,>50K.
36,Private,HS-grad,Divorced,<=50K.
36,Private,Bachelors,Married,>50K.
50,Private,HS-grad,Divorced,<=50K.
27,Govt,Bachelors,Never Married,<=50K.
46,Govt,HS-grad,Married,>50K.
24,Private,Bachelors,Never Married,<=50K.
41,Private,HS-grad,Divorced,<=50K.
68,Private,HS-grad,Married,<=50K.
38,Govt,Some-college,Married,<=50K.
47,Private,HS-grad,Married,>50K.
41,Private,Some-college,Never Married,<=50K.
31,Self,Doctorate,Never Married,<=50K.
29,Private,Some-college,Married,<=50K.
26,Private,HS-grad,Never Married,<=50K.
51,Private,Some-college,Widowed,<=50K.
26,Govt,Bachelors,Never Married,<=50K.
27,Govt,Bachelors,Never Married,<=50K.
36,Private,HS-grad,Married,<=50K.
28,Govt,Bachelors,Never Married,<=50K.
53,Private,Bachelors,Divorced,<=50K.
40,Govt,Bachelors,Divorced,<=50K.
38,Private,HS-grad,Divorced,<=50K.
21,NA,7th-8th,Never Married,<=50K.
53,Private,10th,Married,<=50K.
34,Govt,HS-grad,Married,<=50K.
43,Private,HS-grad,Divorced,<=50K.
64,Private,10th,Married,<=50K.
21,Private,Some-college,Never Married,<=50K.
25,NA,Bachelors,Never Married,<=50K.
38,Govt,Prof-school,Never Married,>50K.
47,Govt,Masters,Divorced,>50K.
48,Private,Doctorate,Married,>50K.
57,Private,HS-grad,Married,<=50K.
37,Private,Bachelors,Never Married,<=50K.
37,Private,11th,Divorced,<=50K.
51,Self,HS-grad,Married,>50K.
32,Private,Assoc-acdm,Never Married,<=50K.
49,Private,HS-grad,Married,<=50K.
52,Private,HS-grad,Married,<=50K.
64,Govt,Assoc-acdm,Married,>50K.
46,Private,HS-grad,Divorced,<=50K.
24,Govt,Some-college,Married,<=50K.
39,Private,Bachelors,Married,>50K.
23,Private,HS-grad,Married,<=50K.
30,Private,Some-college,Never Married,<=50K.
34,Private,Masters,Divorced,>50K.
30,Private,Some-college,Married,<=50K.
25,Private,Bachelors,Never Married,<=50K.
58,Govt,Bachelors,Married,<=50K.
32,Private,Some-college,Married,<=50K.
37,Private,HS-grad,Separated,<=50K.
35,Private,HS-grad,Separated,<=50K.
18,Private,5th-6th,Never Married,<=50K.
46,Private,Bachelors,Divorced,<=50K.
71,Private,Bachelors,Never Married,>50K.
44,Private,10th,Divorced,<=50K.
45,Private,10th,Divorced,<=50K.
40,Private,12th,Married,>50K.
38,Private,Bachelors,Married,>50K.
52,Private,HS-grad,Married,<=50K.
47,Private,HS-grad,Married,<=50K.
49,Private,Bachelors,Divorced,<=50K.
59,Govt,HS-grad,Married,<=50K.
22,Private,Assoc-voc,Never Married,<=50K.
44,Govt,Some-college,Married,>50K.
76,Private,Bachelors,Widowed,<=50K.
50,Govt,10th,Never Married,<=50K.
33,Govt,Some-college,Married,<=50K.
43,Private,HS-grad,Married,>50K.
27,Private,HS-grad,Married,>50K.
37,Self,HS-grad,Married,<=50K.
40,Private,11th,Married,<=50K.
49,Self,Some-college,Divorced,<=50K.
48,Self,Some-college,Never Married,<=50K.
49,Private,HS-grad,Separated,<=50K.
22,Private,Some-college,Married,<=50K.
42,Private,HS-grad,Divorced,<=50K.
36,Private,Some-college,Divorced,<=50K.
57,NA,Some-college,Married,<=50K.
30,Govt,HS-grad,Never Married,<=50K.
40,Govt,HS-grad,Never Married,<=50K.
42,Private,HS-grad,Married,<=50K.
56,Private,HS-grad,Married,>50K.
55,Private,Some-college,Divorced,<=50K.
25,Private,HS-grad,Married,<=50K.
52,NA,HS-grad,Married,<=50K.
33,Private,Some-college,Never Married,<=50K.
55,Private,HS-grad,Married,<=50K.
47,Private,Bachelors,Married,>50K.
23,Private,Assoc-acdm,Never Married,<=50K.
55,Self,Bachelors,Divorced,<=50K.
43,Private,HS-grad,Never Married,<=50K.
31,Private,Assoc-voc,Married,<=50K.
62,Govt,Assoc-acdm,Widowed,<=50K.
42,Govt,HS-grad,Married,<=50K.
38,Self,HS-grad,Married,>50K.
29,Private,HS-grad,Never Married,<=50K.
26,Private,Some-college,Never Married,<=50K.
26,Private,HS-grad,Married,>50K.
37,Self,HS-grad,Married,<=50K.
79,Self,12th,Widowed,>50K.
61,Private,7th-8th,Never Married,<=50K.
28,Self,7th-8th,Never Married,<=50K.
60,Self,Bachelors,Married,>50K.
51,Self,HS-grad,Divorced,<=50K.
34,Private,HS-grad,Married,>50K.
35,Private,HS-grad,Divorced,<=50K.
27,Govt,10th,Married,<=50K.
44,Private,HS-grad,Divorced,<=50K.
25,Private,HS-grad,Separated,<=50K.
32,Private,7th-8th,Divorced,<=50K.
36,Private,Some-college,Married,>50K.
27,Private,Masters,Never Married,<=50K.
40,Private,Doctorate,Married,>50K.
43,Private,Some-college,Divorced,>50K.
25,Private,Bachelors,Never Married,<=50K.
41,Private,HS-grad,Married,<=50K.
30,Private,Bachelors,Married,>50K.
26,Private,Bachelors,Never Married,>50K.
52,Private,11th,Married,<=50K.
32,Private,Bachelors,Never Married,<=50K.
33,Private,HS-grad,Married,<=50K.
35,Private,HS-grad,Married,<=50K.
48,Private,HS-grad,Widowed,<=50K.
62,Self,7th-8th,Married,<=50K.
40,Self,Assoc-acdm,Never Married,<=50K.
41,NA,Some-college,Widowed,<=50K.
28,Private,5th-6th,Never Married,<=50K.
23,Private,Some-college,Never Married,<=50K.
50,Govt,Bachelors,Married,>50K.
51,Govt,Some-college,Divorced,<=50K.
63,Self,Some-college,Married,<=50K.
63,Govt,HS-grad,Widowed,<=50K.
40,Private,HS-grad,Divorced,>50K.
20,NA,11th,Divorced,<=50K.
61,NA,Some-college,Married,>50K.
40,Private,HS-grad,Never Married,<=50K.
41,Private,Bachelors,Married,>50K.
41,Private,Bachelors,Never Married,<=50K.
27,NA,Bachelors,Married,>50K.
20,Govt,Some-college,Never Married,<=50K.
28,Private,Bachelors,Married,>50K.
35,Private,HS-grad,Married,<=50K.
31,Private,Bachelors,Married,<=50K.
34,Private,Bachelors,Married,>50K.
57,Private,Masters,Married,>50K.
28,Private,HS-grad,Never Married,<=50K.
38,Private,Some-college,Married,>50K.
37,Private,Assoc-voc,Never Married,<=50K.
43,Govt,Some-college,Divorced,<=50K.
26,Self,HS-grad,Married,<=50K.
26,Private,Some-college,Married,<=50K.
27,Private,Assoc-voc,Married,<=50K.
33,Private,Bachelors,Married,<=50K.
45,Private,Bachelors,Never Married,<=50K.
65,Private,Bachelors,Married,<=50K.
57,Self,Some-college,Married,>50K.
59,Private,HS-grad,Divorced,<=50K.
18,Private,Some-college,Never Married,<=50K.
44,Govt,12th,Married,<=50K.
37,Private,Some-college,Never Married,<=50K.
27,Private,HS-grad,Married,<=50K.
43,Govt,Bachelors,Married,>50K.
59,Self,Prof-school,Married,>50K.
19,Private,HS-grad,Never Married,<=50K.
36,Govt,HS-grad,Never Married,<=50K.
68,Self,Some-college,Married,>50K.
63,Private,11th,Widowed,<=50K.
37,Private,Some-college,Married,<=50K.
46,Govt,Masters,Divorced,<=50K.
31,Private,Assoc-acdm,Divorced,<=50K.
23,Private,HS-grad,Never Married,<=50K.
22,Private,Some-college,Never Married,<=50K.
49,Private,HS-grad,Married,<=50K.
36,Private,HS-grad,Divorced,<=50K.
38,Private,Some-college,Divorced,<=50K.
46,Govt,Masters,Married,>50K.
24,Private,Assoc-acdm,Never Married,<=50K.
26,Private,Bachelors,Never Married,<=50K.
47,Private,7th-8th,Married,<=50K.
40,Private,Some-college,Married,>50K.
31,Govt,Masters,Never Married,<=50K.
42,Private,5th-6th,Married,<=50K.
48,Self,Assoc-voc,Married,>50K.
56,Private,Some-college,Separated,<=50K.
50,Private,HS-grad,Married,>50K.
17,Private,10th,Never Married,<=50K.
21,Private,HS-grad,Never Married,<=50K.
50,Private,HS-grad,Divorced,<=50K.
49,Private,HS-grad,Divorced,<=50K.
34,Private,HS-grad,Married,<=50K.
32,Self,HS-grad,Married,>50K.
28,Private,Some-college,Married,>50K.
62,Self,Bachelors,Married,>50K.
23,Private,Bachelors,Never Married,<=50K.
24,Govt,Masters,Never Married,<=50K.
31,Private,Assoc-voc,Married,<=50K.
36,Private,HS-grad,Married,<=50K.
58,Private,Assoc-acdm,Married,<=50K.
46,NA,5th-6th,Married,<=50K.
39,Private,Masters,Married,>50K.
48,NA,HS-grad,Never Married,<=50K.
21,Private,HS-grad,Never Married,<=50K.
39,Private,HS-grad,Married,<=50K.
21,Private,Some-college,Never Married,<=50K.
33,Private,Assoc-voc,Married,>50K.
37,Private,HS-grad,Married,>50K.
29,Govt,HS-grad,Never Married,<=50K.
30,NA,Bachelors,Married,>50K.
43,Private,HS-grad,Divorced,<=50K.
22,Private,HS-grad,Never Married,<=50K.
25,Private,Masters,Never Married,>50K.
69,Govt,Some-college,Married,<=50K.
17,Private,11th,Never Married,<=50K.
18,NA,11th,Never Married,<=50K.
54,Private,HS-grad,Widowed,<=50K.
65,NA,HS-grad,Married,<=50K.
28,Private,12th,Married,<=50K.
27,Govt,Assoc-voc,Never Married,<=50K.
35,Private,Assoc-acdm,Divorced,>50K.
38,Private,Assoc-voc,Married,>50K.
33,Govt,HS-grad,Married,<=50K.
26,Private,HS-grad,Never Married,<=50K.
56,Self,Some-college,Married,>50K.
38,Private,Bachelors,Married,>50K.
51,Self,Some-college,Married,<=50K.
26,Private,Some-college,Never Married,<=50K.
33,Private,Bachelors,Married,>50K.
44,Private,7th-8th,Married,<=50K.
36,Private,9th,Divorced,<=50K.
42,Private,Some-college,Divorced,<=50K.
44,Private,Assoc-acdm,Married,<=50K.
44,Private,Bachelors,Married,>50K.
21,Private,Some-college,Never Married,<=50K.
41,Private,Some-college,Married,>50K.
41,Private,Doctorate,Married,>50K.
62,Private,Assoc-voc,Married,>50K.
27,Private,11th,Separated,<=50K.
38,Private,Bachelors,Married,>50K.
60,Private,Some-college,Separated,<=50K.
24,Private,12th,Never Married,<=50K.
24,NA,HS-grad,Married,<=50K.
22,Private,HS-grad,Never Married,<=50K.
32,NA,Some-college,Never Married,<=50K.
22,Private,1st-4th,Never Married,<=50K.
51,Private,Bachelors,Married,<=50K.
31,Private,Masters,Married,>50K.
42,Govt,Prof-school,Married,>50K.
48,NA,Assoc-acdm,Divorced,>50K.
49,Private,HS-grad,Married,>50K.
37,Govt,Bachelors,Never Married,<=50K.
37,Self,Prof-school,Married,>50K.
66,Private,Bachelors,Married,>50K.
18,NA,HS-grad,Never Married,<=50K.
46,Private,Assoc-voc,Separated,<=50K.
52,Private,HS-grad,Married,>50K.
23,Private,HS-grad,Never Married,<=50K.
67,Private,HS-grad,Widowed,>50K.
19,Private,Some-college,Never Married,<=50K.
37,Private,Bachelors,Never Married,<=50K.
42,Self,HS-grad,Married,>50K.
39,Self,Some-college,Married,<=50K.
54,Private,HS-grad,Married,>50K.
46,Private,HS-grad,Married,<=50K.
47,NA,HS-grad,Separated,<=50K.
33,Private,HS-grad,Never Married,<=50K.
69,Self,Some-college,Widowed,<=50K.
21,Private,Some-college,Never Married,<=50K.
27,Private,HS-grad,Never Married,<=50K.
39,Private,HS-grad,Married,>50K.
23,Private,Some-college,Divorced,<=50K.
26,Private,Assoc-voc,Divorced,<=50K.
42,Private,Doctorate,Married,<=50K.
36,Private,HS-grad,Divorced,<=50K.
24,Private,HS-grad,Never Married,<=50K.
35,Private,9th,Married,<=50K.
42,Private,HS-grad,Divorced,<=50K.
37,Private,Assoc-voc,Married,>50K.
41,Private,Doctorate,Married,>50K.
27,Private,Assoc-voc,Never Married,<=50K.
42,Self,Prof-school,Married,>50K.
44,NA,Bachelors,Married,>50K.
18,Private,HS-grad,Never Married,<=50K.
41,Private,Bachelors,Married,>50K.
31,Private,HS-grad,Married,<=50K.
26,Private,Some-college,Married,<=50K.
67,Private,1st-4th,Widowed,<=50K.
37,Private,Some-college,Married,>50K.
51,Private,HS-grad,Married,<=50K.
26,Private,Some-college,Never Married,<=50K.
40,Private,Assoc-acdm,Married,>50K.
25,Private,HS-grad,Never Married,<=50K.
38,Private,Assoc-voc,Married,>50K.
43,Private,HS-grad,Separated,<=50K.
23,Private,Some-college,Separated,<=50K.
44,Private,Bachelors,Married,>50K.
60,Govt,Masters,Divorced,<=50K.
38,Govt,Masters,Never Married,<=50K.
21,Govt,Some-college,Never Married,<=50K.
18,Private,Some-college,Never Married,<=50K.
49,Private,Bachelors,Divorced,>50K.
43,Private,5th-6th,Divorced,<=50K.
26,NA,11th,Never Married,<=50K.
36,Private,HS-grad,Married,>50K.
31,Private,HS-grad,Married,>50K.
38,Private,HS-grad,Divorced,<=50K.
43,Self,Some-college,Married,<=50K.
58,Private,HS-grad,Divorced,<=50K.
55,Private,HS-grad,Divorced,<=50K.
39,Private,Assoc-acdm,Divorced,<=50K.
38,Private,Bachelors,Divorced,<=50K.
54,Self,HS-grad,Widowed,<=50K.
57,Self,Prof-school,Married,<=50K.
35,Govt,Assoc-acdm,Married,<=50K.
44,Self,Prof-school,Married,>50K.
36,Private,HS-grad,Married,<=50K.
58,Private,HS-grad,Married,<=50K.
39,Private,Some-college,Never Married,<=50K.
25,Private,Prof-school,Never Married,<=50K.
54,Govt,Bachelors,Married,<=50K.
23,Private,Bachelors,Never Married,<=50K.
37,Private,Some-college,Never Married,<=50K.
60,Govt,Assoc-acdm,Married,<=50K.
66,Govt,7th-8th,Widowed,<=50K.
36,Private,Assoc-acdm,Married,<=50K.
29,Self,HS-grad,Married,>50K.
29,Private,Bachelors,Never Married,<=50K.
25,Private,Bachelors,Divorced,<=50K.
62,NA,HS-grad,Widowed,<=50K.
23,Private,Some-college,Never Married,<=50K.
38,Private,HS-grad,Never Married,<=50K.
33,Private,Some-college,Married,>50K.
49,Self,Some-college,Married,<=50K.
57,Self,HS-grad,Married,>50K.
57,Govt,Bachelors,Married,<=50K.
46,Private,Some-college,Never Married,<=50K.
37,Self,Masters,Married,>50K.
43,Self,Bachelors,Married,>50K.
26,Private,HS-grad,Never Married,<=50K.
40,Private,Assoc-voc,Separated,<=50K.
39,Self,HS-grad,Never Married,<=50K.
39,Private,Assoc-acdm,Divorced,<=50K.
31,Private,Some-college,Married,<=50K.
31,Private,Bachelors,Married,<=50K.
27,Private,Bachelors,Never Married,<=50K.
36,Self,Bachelors,Married,<=50K.
40,Govt,Bachelors,Divorced,>50K.
57,Private,HS-grad,Married,<=50K.
24,Private,HS-grad,Never Married,<=50K.
30,Private,Some-college,Never Married,<=50K.
28,Private,12th,Never Married,<=50K.
22,Private,Bachelors,Never Married,<=50K.
31,Private,7th-8th,Never Married,<=50K.
33,Private,HS-grad,Married,>50K.
20,Private,Some-college,Never Married,<=50K.
25,Private,12th,Married,<=50K.
49,Govt,Some-college,Married,<=50K.
21,Private,HS-grad,Never Married,<=50K.
45,Private,Bachelors,Married,>50K.
36,Govt,HS-grad,Married,>50K.
41,Private,5th-6th,Married,<=50K.
23,Private,Bachelors,Never Married,<=50K.
47,Private,Bachelors,Married,>50K.
41,Private,HS-grad,Divorced,<=50K.
30,Private,HS-grad,Never Married,<=50K.
29,Govt,Some-college,Never Married,<=50K.
31,Private,7th-8th,Divorced,<=50K.
64,NA,9th,Married,<=50K.
55,Private,9th,Married,<=50K.
19,Private,HS-grad,Never Married,<=50K.
31,Govt,12th,Married,>50K.
18,Govt,11th,Never Married,<=50K.
68,Private,HS-grad,Widowed,<=50K.
50,NA,Some-college,Married,<=50K.
36,Govt,Some-college,Never Married,<=50K.
44,Private,Prof-school,Married,>50K.
58,Self,HS-grad,Married,>50K.
20,Private,HS-grad,Never Married,<=50K.
18,Private,10th,Never Married,<=50K.
32,Private,HS-grad,Never Married,<=50K.
49,Self,HS-grad,Divorced,<=50K.
34,Private,HS-grad,Married,<=50K.
22,Private,HS-grad,Never Married,<=50K.
40,Private,HS-grad,Married,<=50K.
35,Private,HS-grad,Married,<=50K.
26,Private,Some-college,Married,<=50K.
44,Self,12th,Married,<=50K.
55,Private,HS-grad,Divorced,<=50K.
21,Private,Assoc-voc,Married,<=50K.
54,Private,Some-college,Married,<=50K.
39,Govt,Some-college,Never Married,<=50K.
52,Private,HS-grad,Divorced,<=50K.
57,Self,Bachelors,Married,>50K.
67,NA,7th-8th,Widowed,<=50K.
58,Govt,HS-grad,Divorced,<=50K.
27,Govt,Some-college,Never Married,<=50K.
66,NA,HS-grad,Married,<=50K.
41,Private,Some-college,Divorced,<=50K.
18,Private,11th,Never Married,<=50K.
58,Private,HS-grad,Widowed,>50K.
50,Private,5th-6th,Divorced,<=50K.
31,Private,Some-college,Never Married,<=50K.
32,Private,10th,Divorced,<=50K.
37,Self,Some-college,Married,<=50K.
26,Self,Bachelors,Married,<=50K.
33,Govt,Assoc-voc,Married,<=50K.
35,Govt,HS-grad,Never Married,<=50K.
44,Private,Bachelors,Never Married,<=50K.
26,Private,Bachelors,Never Married,<=50K.
48,Govt,HS-grad,Divorced,<=50K.
40,Private,Bachelors,Never Married,<=50K.
62,Private,10th,Married,<=50K.
37,Private,Prof-school,Married,>50K.
18,Private,11th,Never Married,<=50K.
48,Private,HS-grad,Divorced,<=50K.
45,Private,Masters,Married,<=50K.
35,Private,Some-college,Married,<=50K.
35,Private,HS-grad,Divorced,<=50K.
34,Self,HS-grad,Married,<=50K.
29,Private,HS-grad,Married,<=50K.
19,Private,Some-college,Never Married,<=50K.
53,Govt,Some-college,Married,<=50K.
49,Private,Some-college,Divorced,<=50K.
71,Private,HS-grad,Widowed,<=50K.
38,Private,7th-8th,Married,<=50K.
39,Govt,Masters,Married,<=50K.
23,Private,Bachelors,Never Married,<=50K.
29,Self,Bachelors,Married,>50K.
52,Private,5th-6th,Divorced,<=50K.
41,Private,Some-college,Married,>50K.
20,Private,Some-college,Never Married,<=50K.
30,Private,Some-college,Married,<=50K.
56,Private,10th,Divorced,<=50K.
26,Private,HS-grad,Divorced,<=50K.
36,Govt,HS-grad,Divorced,<=50K.
26,Govt,Bachelors,Never Married,<=50K.
58,Private,Assoc-acdm,Married,>50K.
24,Private,Bachelors,Never Married,<=50K.
41,Private,Some-college,Divorced,<=50K.
27,Private,Some-college,Never Married,<=50K.
28,Govt,Some-college,Separated,<=50K.
57,Self,HS-grad,Married,<=50K.
21,Govt,Some-college,Never Married,<=50K.
50,Private,HS-grad,Married,<=50K.
27,Private,HS-grad,Married,<=50K.
58,Private,Bachelors,Never Married,<=50K.
27,Self,Bachelors,Married,<=50K.
36,Private,HS-grad,Separated,<=50K.
68,Govt,Bachelors,Married,>50K.
33,Self,HS-grad,Widowed,<=50K.
19,Private,Some-college,Never Married,<=50K.
26,Private,HS-grad,Separated,<=50K.
37,Private,HS-grad,Never Married,<=50K.
53,Private,HS-grad,Married,<=50K.
32,Private,Some-college,Never Married,<=50K.
18,Private,11th,Never Married,<=50K.
53,Private,HS-grad,Married,>50K.
40,Self,Bachelors,Married,<=50K.
50,Private,Some-college,Divorced,<=50K.
43,Private,Bachelors,Married,>50K.
60,Private,Bachelors,Married,>50K.
28,Self,HS-grad,Married,<=50K.
34,Private,HS-grad,Divorced,<=50K.
37,Private,HS-grad,Divorced,<=50K.
25,Private,HS-grad,Married,<=50K.
46,Private,Masters,Married,>50K.
21,Private,11th,Married,<=50K.
26,Private,Bachelors,Never Married,<=50K.
47,Private,HS-grad,Never Married,<=50K.
18,Private,12th,Never Married,<=50K.
22,Private,Bachelors,Never Married,<=50K.
36,Private,Some-college,Divorced,<=50K.
59,Self,HS-grad,Married,<=50K.
33,Private,HS-grad,Married,<=50K.
33,Private,10th,Divorced,<=50K.
53,Self,Bachelors,Married,<=50K.
44,Govt,Some-college,Married,<=50K.
55,Private,HS-grad,Married,<=50K.
56,Private,HS-grad,Married,<=50K.
54,Self,Some-college,Divorced,<=50K.
51,Private,HS-grad,Divorced,<=50K.
31,Private,Some-college,Never Married,<=50K.
43,Private,Masters,Married,>50K.
44,Private,HS-grad,Divorced,<=50K.
22,Private,Some-college,Never Married,<=50K.
43,Govt,HS-grad,Married,<=50K.
26,Govt,Assoc-acdm,Never Married,<=50K.
30,Private,Bachelors,Never Married,<=50K.
30,Private,9th,Married,<=50K.
46,Private,HS-grad,Never Married,<=50K.
27,Private,Bachelors,Married,<=50K.
26,Private,HS-grad,Married,<=50K.
36,Private,Bachelors,Never Married,>50K.
25,Self,HS-grad,Separated,<=50K.
30,Govt,Prof-school,Never Married,<=50K.
46,Govt,HS-grad,Married,>50K.
47,Private,Some-college,Married,>50K.
66,Self,Bachelors,Married,>50K.
43,Private,10th,Married,<=50K.
71,NA,HS-grad,Widowed,<=50K.
36,Govt,Bachelors,Married,>50K.
46,NA,HS-grad,Married,<=50K.
44,Govt,Some-college,Widowed,<=50K.
42,Private,Doctorate,Married,<=50K.
39,Private,Bachelors,Married,>50K.
36,Private,Assoc-acdm,Married,>50K.
60,Self,Bachelors,Married,>50K.
37,Private,Some-college,Married,>50K.
26,Private,Bachelors,Never Married,<=50K.
24,Private,Bachelors,Never Married,<=50K.
17,NA,11th,Never Married,<=50K.
45,Govt,Masters,Divorced,<=50K.
54,Private,Some-college,Married,>50K.
22,Private,Some-college,Never Married,<=50K.
63,Govt,Masters,Married,<=50K.
22,Private,HS-grad,Married,<=50K.
27,Private,Some-college,Never Married,<=50K.
33,Private,9th,Married,<=50K.
64,Private,Bachelors,Widowed,<=50K.
50,Private,Assoc-acdm,Married,>50K.
44,Self,Assoc-voc,Widowed,<=50K.
31,Private,HS-grad,Married,<=50K.
44,Private,HS-grad,Divorced,<=50K.
53,Self,10th,Married,<=50K.
33,Govt,HS-grad,Widowed,<=50K.
34,Govt,12th,Married,<=50K.
27,Private,HS-grad,Never Married,<=50K.
43,NA,Assoc-voc,Widowed,<=50K.
80,Self,HS-grad,Never Married,<=50K.
31,Private,Assoc-acdm,Divorced,<=50K.
40,Private,HS-grad,Married,>50K.
53,Govt,Bachelors,Married,<=50K.
58,Private,HS-grad,Married,<=50K.
38,Private,Some-college,Married,>50K.
33,Private,Prof-school,Married,>50K.
48,Govt,Bachelors,Married,>50K.
23,Private,Some-college,Married,<=50K.
31,Self,HS-grad,Never Married,<=50K.
52,Self,Masters,Married,<=50K.
24,Private,HS-grad,Never Married,<=50K.
45,Self,9th,Married,<=50K.
36,Private,HS-grad,Married,>50K.
52,Private,5th-6th,Widowed,<=50K.
54,Private,HS-grad,Married,<=50K.
39,Private,Prof-school,Married,>50K.
40,Private,Bachelors,Married,>50K.
28,Private,HS-grad,Never Married,<=50K.
21,NA,Some-college,Never Married,<=50K.
23,Private,Some-college,Never Married,<=50K.
36,Self,7th-8th,Never Married,<=50K.
22,Private,Some-college,Never Married,<=50K.
55,Govt,Masters,Married,<=50K.
71,Private,HS-grad,Never Married,<=50K.
47,Private,Doctorate,Married,>50K.
17,Self,10th,Never Married,<=50K.
31,Private,Bachelors,Married,>50K.
32,Private,Some-college,Never Married,<=50K.
46,Private,Some-college,Married,>50K.
27,Private,Bachelors,Never Married,<=50K.
39,Govt,Some-college,Married,>50K.
40,Private,HS-grad,Divorced,<=50K.
30,Private,HS-grad,Never Married,<=50K.
17,Private,9th,Never Married,<=50K.
33,Private,Masters,Never Married,<=50K.
72,Private,Doctorate,Never Married,<=50K.
34,Govt,Some-college,Married,>50K.
65,Private,HS-grad,Never Married,<=50K.
36,Private,Bachelors,Married,>50K.
32,Private,HS-grad,Never Married,<=50K.
26,Private,Some-college,Never Married,<=50K.
22,Private,HS-grad,Never Married,<=50K.
47,Private,Prof-school,Married,>50K.
31,Private,Some-college,Never Married,<=50K.
28,Self,Bachelors,Never Married,<=50K.
38,Private,Masters,Never Married,>50K.
34,Private,Assoc-acdm,Married,<=50K.
44,Private,Bachelors,Married,>50K.
27,Private,Some-college,Never Married,<=50K.
50,Govt,Bachelors,Married,>50K.
47,Private,HS-grad,Married,<=50K.
20,Private,Some-college,Never Married,<=50K.
24,Private,HS-grad,Never Married,<=50K.
29,Govt,Some-college,Married,>50K.
37,Govt,Assoc-voc,Never Married,<=50K.
42,Private,Assoc-acdm,Divorced,<=50K.
20,NA,Some-college,Never Married,<=50K.
68,Private,Some-college,Never Married,<=50K.
22,Govt,Some-college,Never Married,<=50K.
72,Self,HS-grad,Married,<=50K.
45,Govt,Some-college,Married,<=50K.
30,Govt,HS-grad,Married,<=50K.
33,Private,HS-grad,Married,<=50K.
43,Private,HS-grad,Married,>50K.
56,Private,Some-college,Widowed,<=50K.
25,Self,Assoc-voc,Married,<=50K.
41,Private,HS-grad,Divorced,<=50K.
25,Private,Bachelors,Never Married,<=50K.
31,Govt,Assoc-acdm,Married,>50K.
36,Private,HS-grad,Married,<=50K.
37,Private,Bachelors,Married,>50K.
58,Self,HS-grad,Married,<=50K.
26,Private,Bachelors,Never Married,<=50K.
55,Private,Some-college,Married,>50K.
46,Govt,Some-college,Married,>50K.
44,Private,Bachelors,Never Married,<=50K.
44,Private,11th,Married,<=50K.
28,Govt,Bachelors,Never Married,<=50K.
42,Private,10th,Married,<=50K.
41,Private,HS-grad,Divorced,<=50K.
39,Private,Bachelors,Married,<=50K.
64,Self,Assoc-voc,Married,<=50K.
20,Private,Some-college,Never Married,<=50K.
45,Govt,Some-college,Married,>50K.
31,Private,HS-grad,Married,<=50K.
36,Govt,Masters,Married,>50K.
32,Private,9th,Separated,<=50K.
33,Self,Assoc-voc,Married,<=50K.
51,Self,HS-grad,Divorced,>50K.
36,Private,HS-grad,Divorced,<=50K.
40,Private,HS-grad,Never Married,<=50K.
44,Private,Assoc-voc,Married,>50K.
40,Private,HS-grad,Divorced,<=50K.
46,Private,Assoc-voc,Divorced,<=50K.
31,Self,Prof-school,Married,>50K.
30,Private,HS-grad,Never Married,<=50K.
26,Private,HS-grad,Married,<=50K.
25,Private,Bachelors,Never Married,<=50K.
35,Self,Assoc-acdm,Married,<=50K.
29,Private,Prof-school,Never Married,<=50K.
39,Private,Assoc-acdm,Separated,<=50K.
44,Self,Some-college,Divorced,<=50K.
37,Private,HS-grad,Married,>50K.
79,Self,Assoc-voc,Married,>50K.
36,Private,Bachelors,Married,>50K.
44,Private,Some-college,Married,>50K.
23,Private,HS-grad,Married,<=50K.
27,Private,Bachelors,Never Married,<=50K.
46,Self,Bachelors,Married,>50K.
58,Private,HS-grad,Married,<=50K.
36,Private,Assoc-acdm,Divorced,<=50K.
36,Private,HS-grad,Married,>50K.
21,Private,Some-college,Never Married,<=50K.
41,Govt,HS-grad,Never Married,>50K.
49,Govt,HS-grad,Married,<=50K.
34,Private,Bachelors,Married,>50K.
29,Private,HS-grad,Married,<=50K.
63,Private,Bachelors,Married,>50K.
29,Govt,Bachelors,Never Married,<=50K.
65,Private,Some-college,Married,<=50K.
26,Private,Bachelors,Never Married,<=50K.
42,Private,Doctorate,Married,>50K.
44,Private,Some-college,Divorced,<=50K.
51,NA,HS-grad,Separated,<=50K.
41,Self,HS-grad,Married,<=50K.
22,Govt,Assoc-acdm,Never Married,<=50K.
36,NA,Some-college,Married,<=50K.
18,Private,11th,Never Married,<=50K.
33,Govt,10th,Married,<=50K.
46,Govt,Bachelors,Married,>50K.
49,Private,11th,Married,<=50K.
41,Govt,HS-grad,Married,<=50K.
52,Private,Some-college,Divorced,<=50K.
40,Private,Some-college,Separated,<=50K.
53,Govt,Some-college,Never Married,<=50K.
45,Self,HS-grad,Married,<=50K.
30,Govt,10th,Married,<=50K.
56,Private,HS-grad,Married,<=50K.
24,Private,HS-grad,Married,<=50K.
71,Self,7th-8th,Married,<=50K.
20,Self,HS-grad,Divorced,<=50K.
26,Private,Bachelors,Married,<=50K.
34,Private,HS-grad,Married,<=50K.
36,NA,9th,Divorced,<=50K.
49,Private,HS-grad,Separated,<=50K.
48,Private,Doctorate,Married,>50K.
22,Private,HS-grad,Never Married,<=50K.
30,Private,Some-college,Divorced,<=50K.
51,Private,HS-grad,Divorced,<=50K.
46,Private,Some-college,Married,<=50K.
32,Self,HS-grad,Married,<=50K.
42,Private,Prof-school,Married,>50K.
52,Govt,Some-college,Married,<=50K.
57,Private,HS-grad,Divorced,<=50K.
35,Private,Some-college,Divorced,<=50K.
52,Private,Masters,Married,>50K.
59,NA,9th,Divorced,<=50K.
36,Private,Some-college,Divorced,<=50K.
33,Private,Some-college,Married,>50K.
67,Govt,HS-grad,Divorced,<=50K.
31,Self,Some-college,Married,<=50K.
31,Private,HS-grad,Married,<=50K.
28,Private,Some-college,Never Married,<=50K.
72,NA,7th-8th,Widowed,<=50K.
36,Private,HS-grad,Divorced,<=50K.
58,Self,HS-grad,Married,>50K.
56,Private,HS-grad,Married,<=50K.
35,Private,Some-college,Never Married,<=50K.
37,Private,Assoc-voc,Married,>50K.
44,Private,Bachelors,Married,<=50K.
26,Private,HS-grad,Never Married,<=50K.
51,Private,HS-grad,Married,<=50K.
31,Private,Some-college,Married,>50K.
30,Private,Some-college,Never Married,<=50K.
20,Private,Some-college,Never Married,<=50K.
21,Private,Some-college,Never Married,<=50K.
37,Private,Bachelors,Married,>50K.
53,Govt,Assoc-voc,Married,>50K.
54,Private,HS-grad,Married,<=50K.
32,NA,Bachelors,Divorced,<=50K.
34,NA,Some-college,Married,>50K.
30,Private,Bachelors,Married,>50K.
43,Govt,HS-grad,Married,<=50K.
48,Private,Assoc-voc,Divorced,<=50K.
42,Self,Bachelors,Married,<=50K.
62,Private,HS-grad,Married,<=50K.
31,Private,HS-grad,Married,<=50K.
22,Private,HS-grad,Never Married,<=50K.
45,Private,Bachelors,Married,<=50K.
34,Private,Some-college,Separated,<=50K.
64,Private,HS-grad,Married,<=50K.
42,Self,Bachelors,Married,<=50K.
60,Self,HS-grad,Married,<=50K.
44,Private,HS-grad,Never Married,<=50K.
67,NA,7th-8th,Married,<=50K.
45,Private,Assoc-acdm,Divorced,<=50K.
53,Self,Prof-school,Married,>50K.
37,Private,Assoc-voc,Married,>50K.
32,NA,10th,Married,<=50K.
23,Private,HS-grad,Never Married,<=50K.
28,Private,Bachelors,Married,<=50K.
55,Private,7th-8th,Married,<=50K.
58,Private,Masters,Never Married,>50K.
74,Self,Some-college,Married,>50K.
27,Private,HS-grad,Never Married,<=50K.
37,Private,HS-grad,Divorced,<=50K.
22,NA,Some-college,Never Married,<=50K.
44,Self,10th,Married,<=50K.
23,Private,Assoc-acdm,Never Married,<=50K.
41,Private,Bachelors,Married,<=50K.
45,Private,Some-college,Married,>50K.
29,Private,HS-grad,Divorced,<=50K.
33,Private,Bachelors,Never Married,>50K.
61,Govt,Masters,Married,>50K.
29,Private,Assoc-acdm,Married,>50K.
22,Private,Some-college,Never Married,<=50K.
28,Private,9th,Never Married,<=50K.
30,Private,Bachelors,Married,<=50K.
20,Private,Some-college,Never Married,<=50K.
28,NA,10th,Separated,<=50K.
45,Private,HS-grad,Married,>50K.
19,NA,Some-college,Never Married,<=50K.
42,Private,Assoc-acdm,Divorced,<=50K.
34,Private,HS-grad,Never Married,<=50K.
31,Private,Bachelors,Married,>50K.
23,Private,Bachelors,Never Married,<=50K.
50,Private,HS-grad,Married,<=50K.
40,Private,10th,Married,>50K.
57,Private,HS-grad,Divorced,<=50K.
35,Private,Some-college,Married,<=50K.
24,Private,Bachelors,Never Married,<=50K.
27,Private,Some-college,Never Married,<=50K.
27,Govt,Some-college,Never Married,>50K.
45,Self,HS-grad,Married,<=50K.
80,Private,Doctorate,Married,<=50K.
23,Govt,Some-college,Never Married,<=50K.
46,Private,Some-college,Married,>50K.
38,Private,Bachelors,Married,>50K.
50,Private,HS-grad,Divorced,<=50K.
90,Private,Bachelors,Married,<=50K.
55,Private,Some-college,Married,<=50K.
72,Private,HS-grad,Married,<=50K.
65,Private,Some-college,Widowed,<=50K.
37,Private,10th,Divorced,<=50K.
39,Govt,HS-grad,Married,<=50K.
38,Private,Assoc-voc,Married,<=50K.
46,Private,Some-college,Married,>50K.
50,Private,HS-grad,Married,>50K.
54,Private,Assoc-acdm,Married,>50K.
40,Private,Masters,Never Married,>50K.
30,Private,7th-8th,Married,<=50K.
50,Private,HS-grad,Married,<=50K.
28,Private,Some-college,Never Married,<=50K.
34,Private,Assoc-voc,Married,<=50K.
55,Private,HS-grad,Divorced,<=50K.
20,Private,HS-grad,Never Married,<=50K.
19,NA,Some-college,Never Married,<=50K.
21,Private,Some-college,Never Married,<=50K.
39,Private,Some-college,Divorced,<=50K.
43,Private,HS-grad,Married,>50K.
33,Govt,HS-grad,Never Married,<=50K.
26,Private,Some-college,Never Married,<=50K.
45,Govt,Doctorate,Married,>50K.
31,Govt,Some-college,Never Married,<=50K.
32,Private,5th-6th,Married,<=50K.
60,Self,HS-grad,Married,<=50K.
41,Private,HS-grad,Married,>50K.
21,Private,Some-college,Never Married,<=50K.
27,Private,Some-college,Divorced,<=50K.
33,Private,5th-6th,Divorced,<=50K.
43,Private,HS-grad,Married,<=50K.
27,Private,11th,Married,>50K.
18,Self,10th,Never Married,<=50K.
48,Self,Some-college,Married,>50K.
37,Private,7th-8th,Divorced,<=50K.
58,Private,HS-grad,Married,<=50K.
57,Private,12th,Married,>50K.
42,Govt,Bachelors,Never Married,>50K.
24,Private,HS-grad,Never Married,<=50K.
26,Private,Bachelors,Never Married,<=50K.
43,Self,HS-grad,Divorced,<=50K.
34,Private,11th,Married,<=50K.
38,Private,Bachelors,Married,<=50K.
51,Self,11th,Married,>50K.
31,NA,HS-grad,Married,<=50K.
49,Self,Doctorate,Married,>50K.
26,Private,Bachelors,Never Married,<=50K.
28,Private,HS-grad,Divorced,<=50K.
22,Govt,Some-college,Married,<=50K.
26,Private,HS-grad,Divorced,<=50K.
45,Private,9th,Married,>50K.
39,Private,Some-college,Divorced,<=50K.
23,Private,HS-grad,Married,<=50K.
62,NA,HS-grad,Married,<=50K.
42,Govt,Bachelors,Married,>50K.
39,Govt,HS-grad,Married,<=50K.
43,Govt,Assoc-voc,Divorced,<=50K.
33,Self,Some-college,Never Married,<=50K.
68,Govt,Bachelors,Married,<=50K.
30,NA,Masters,Married,>50K.
32,Private,Bachelors,Never Married,<=50K.
25,Private,Some-college,Never Married,<=50K.
53,Private,5th-6th,Married,<=50K.
38,Private,Assoc-voc,Married,>50K.
62,NA,HS-grad,Married,<=50K.
20,Private,HS-grad,Never Married,<=50K.
26,Private,HS-grad,Married,<=50K.
23,Private,HS-grad,Never Married,<=50K.
43,Govt,HS-grad,Divorced,<=50K.
29,Govt,Some-college,Never Married,<=50K.
34,Private,10th,Separated,<=50K.
24,Private,Some-college,Never Married,<=50K.
44,Govt,Masters,Married,>50K.
19,Private,Some-college,Never Married,<=50K.
47,Private,Bachelors,Married,>50K.
40,Private,Some-college,Divorced,<=50K.
45,Private,HS-grad,Widowed,<=50K.
43,Private,HS-grad,Separated,<=50K.
22,NA,9th,Never Married,<=50K.
50,Private,Doctorate,Divorced,>50K.
72,NA,Some-college,Married,<=50K.
29,Private,Bachelors,Never Married,<=50K.
47,Private,Bachelors,Never Married,<=50K.
24,Private,HS-grad,Never Married,<=50K.
22,NA,Some-college,Never Married,<=50K.
21,Private,HS-grad,Never Married,<=50K.
30,Self,HS-grad,Married,>50K.
37,Private,Some-college,Widowed,<=50K.
74,Self,Prof-school,Divorced,<=50K.
70,Self,Some-college,Married,<=50K.
27,Private,Assoc-voc,Married,<=50K.
32,Govt,Bachelors,Divorced,<=50K.
30,Private,11th,Married,<=50K.
29,Govt,Assoc-voc,Divorced,<=50K.
18,Private,11th,Never Married,<=50K.
31,Private,HS-grad,Married,>50K.
39,Govt,Some-college,Married,<=50K.
21,Private,Some-college,Never Married,<=50K.
31,Private,HS-grad,Married,<=50K.
33,Govt,Some-college,Married,<=50K.
39,Private,Prof-school,Divorced,>50K.
29,Private,HS-grad,Married,<=50K.
34,Private,Some-college,Married,<=50K.
52,Govt,Bachelors,Widowed,<=50K.
35,Private,HS-grad,Never Married,<=50K.
33,Private,10th,Married,<=50K.
40,NA,9th,Divorced,<=50K.
43,Private,Bachelors,Married,>50K.
66,NA,1st-4th,Never Married,<=50K.
51,Govt,Bachelors,Married,>50K.
36,Private,HS-grad,Never Married,<=50K.
17,Govt,11th,Never Married,<=50K.
32,Private,HS-grad,Married,<=50K.
39,Private,HS-grad,Never Married,<=50K.
19,Self,Some-college,Never Married,<=50K.
54,Private,11th,Divorced,>50K.
45,Private,Bachelors,Divorced,>50K.
47,Govt,Bachelors,Divorced,<=50K.
49,Self,HS-grad,Married,<=50K.
32,Private,HS-grad,Divorced,<=50K.
28,Self,HS-grad,Married,<=50K.
39,Self,Bachelors,Married,<=50K.
27,Self,HS-grad,Never Married,<=50K.
42,Govt,Masters,Married,>50K.
24,Private,Bachelors,Married,<=50K.
45,Private,Bachelors,Married,>50K.
19,Private,HS-grad,Never Married,<=50K.
46,Private,10th,Married,>50K.
50,Private,HS-grad,Married,<=50K.
32,Private,HS-grad,Never Married,<=50K.
47,Self,Prof-school,Married,>50K.
69,NA,Bachelors,Married,>50K.
43,Self,HS-grad,Married,<=50K.
29,Private,Bachelors,Never Married,<=50K.
43,Govt,Prof-school,Married,>50K.
90,Private,Bachelors,Never Married,<=50K.
41,Private,Prof-school,Married,>50K.
24,Private,Preschool,Never Married,<=50K.
24,Private,Some-college,Never Married,<=50K.
24,Private,Some-college,Never Married,<=50K.
35,Private,HS-grad,Married,>50K.
30,Private,Bachelors,Never Married,<=50K.
46,Private,Bachelors,Separated,<=50K.
19,Govt,Some-college,Never Married,<=50K.
39,Private,9th,Separated,<=50K.
43,Private,HS-grad,Married,<=50K.
35,Private,HS-grad,Never Married,<=50K.
65,Private,HS-grad,Widowed,<=50K.
34,Private,HS-grad,Divorced,<=50K.
41,Private,Assoc-voc,Married,<=50K.
24,Self,Some-college,Never Married,<=50K.
24,Private,HS-grad,Never Married,<=50K.
34,Self,Masters,Never Married,>50K.
33,Private,HS-grad,Married,>50K.
37,Private,HS-grad,Never Married,<=50K.
39,Self,HS-grad,Married,>50K.
58,Private,HS-grad,Divorced,<=50K.
36,Self,HS-grad,Married,<=50K.
33,Govt,Some-college,Married,<=50K.
42,Govt,Masters,Married,<=50K.
31,Private,Some-college,Never Married,<=50K.
57,Private,HS-grad,Separated,<=50K.
67,Govt,HS-grad,Married,>50K.
23,Private,HS-grad,Divorced,<=50K.
35,Private,Some-college,Married,<=50K.
43,Private,Bachelors,Married,>50K.
39,Self,Some-college,Married,<=50K.
36,Private,HS-grad,Never Married,<=50K.
29,Govt,Assoc-acdm,Divorced,<=50K.
25,Private,HS-grad,Never Married,<=50K.
54,Private,10th,Separated,>50K.
24,Private,HS-grad,Married,<=50K.
50,Self,Bachelors,Married,>50K.
70,Private,10th,Married,<=50K.
61,Private,Bachelors,Divorced,>50K.
51,Govt,Bachelors,Married,<=50K.
38,Self,Masters,Married,<=50K.
51,Private,HS-grad,Divorced,>50K.
28,Private,HS-grad,Never Married,<=50K.
66,Self,Prof-school,Married,>50K.
57,Self,HS-grad,Separated,>50K.
44,Self,Bachelors,Married,>50K.
29,Private,Some-college,Never Married,<=50K.
21,Private,Some-college,Never Married,<=50K.
42,Private,10th,Married,>50K.
74,Private,Prof-school,Married,>50K.
50,Private,Some-college,Divorced,<=50K.
65,Private,HS-grad,Divorced,<=50K.
64,NA,HS-grad,Divorced,<=50K.
44,Private,11th,Separated,<=50K.
34,Private,Assoc-voc,Married,>50K.
17,Private,10th,Never Married,<=50K.
17,NA,10th,Never Married,<=50K.
43,Private,Some-college,Married,<=50K.
32,Private,Assoc-acdm,Divorced,<=50K.
54,Private,Bachelors,Married,>50K.
20,Private,Some-college,Never Married,<=50K.
23,Private,Some-college,Never Married,<=50K.
34,Private,HS-grad,Married,<=50K.
30,Private,Some-college,Never Married,<=50K.
32,Private,7th-8th,Married,<=50K.
40,Private,Bachelors,Married,>50K.
28,Private,Some-college,Never Married,<=50K.
44,Private,HS-grad,Married,>50K.
29,Govt,Assoc-voc,Married,>50K.
28,Private,Doctorate,Never Married,<=50K.
37,Private,Some-college,Married,<=50K.
56,Self,Some-college,Married,<=50K.
27,Private,Bachelors,Never Married,<=50K.
34,Private,HS-grad,Divorced,<=50K.
37,Private,HS-grad,Divorced,<=50K.
66,Self,Bachelors,Married,>50K.
19,Private,HS-grad,Never Married,<=50K.
60,Private,Assoc-voc,Divorced,<=50K.
54,Self,Some-college,Married,<=50K.
47,Private,HS-grad,Married,>50K.
47,Private,Some-college,Divorced,>50K.
48,Self,Assoc-voc,Married,<=50K.
57,NA,HS-grad,Married,<=50K.
50,Self,Some-college,Married,>50K.
62,Private,9th,Widowed,<=50K.
45,Private,Some-college,Married,<=50K.
55,Govt,HS-grad,Married,<=50K.
62,Private,HS-grad,Widowed,<=50K.
25,Private,10th,Married,<=50K.
49,Private,11th,Divorced,<=50K.
32,Govt,Some-college,Never Married,<=50K.
25,Govt,HS-grad,Never Married,<=50K.
39,Private,Some-college,Married,<=50K.
27,Govt,Some-college,Married,<=50K.
43,Private,HS-grad,Married,>50K.
30,Private,HS-grad,Divorced,<=50K.
21,Private,Some-college,Never Married,<=50K.
33,Private,Prof-school,Married,>50K.
33,Private,Some-college,Never Married,<=50K.
33,Private,11th,Never Married,<=50K.
70,Private,7th-8th,Widowed,<=50K.
25,Private,Some-college,Never Married,<=50K.
17,Private,11th,Never Married,<=50K.
20,Private,Some-college,Never Married,<=50K.
19,Private,Some-college,Never Married,<=50K.
71,Govt,Some-college,Married,>50K.
31,Private,Assoc-acdm,Married,<=50K.
26,Private,Bachelors,Married,<=50K.
52,Private,Masters,Married,<=50K.
26,Private,Bachelors,Never Married,<=50K.
38,Private,HS-grad,Divorced,<=50K.
25,Private,Some-college,Never Married,<=50K.
22,Private,Bachelors,Never Married,<=50K.
48,Govt,Some-college,Married,>50K.
53,Private,HS-grad,Married,>50K.
30,Self,Assoc-acdm,Divorced,<=50K.
44,Private,Some-college,Married,>50K.
32,Govt,Bachelors,Married,>50K.
59,Self,11th,Married,<=50K.
49,Private,Some-college,Divorced,<=50K.
65,NA,HS-grad,Married,<=50K.
31,Private,HS-grad,Never Married,>50K.
53,Private,5th-6th,Married,>50K.
44,Private,9th,Never Married,<=50K.
36,Private,Bachelors,Married,>50K.
36,Private,HS-grad,Never Married,<=50K.
37,Private,9th,Married,>50K.
63,NA,Bachelors,Married,>50K.
67,Self,HS-grad,Married,>50K.
29,Private,Bachelors,Never Married,<=50K.
52,Private,HS-grad,Divorced,<=50K.
37,Private,HS-grad,Married,<=50K.
21,Private,Some-college,Never Married,<=50K.
36,Private,Some-college,Divorced,<=50K.
24,Private,HS-grad,Never Married,<=50K.
31,Private,HS-grad,Never Married,<=50K.
54,Govt,HS-grad,Widowed,<=50K.
44,Private,Bachelors,Married,<=50K.
18,Private,Some-college,Never Married,<=50K.
41,Private,HS-grad,Married,<=50K.
37,Self,Masters,Divorced,<=50K.
30,Private,HS-grad,Never Married,<=50K.
26,Govt,Bachelors,Never Married,<=50K.
68,Self,Doctorate,Married,<=50K.
31,Private,Some-college,Married,<=50K.
48,Private,HS-grad,Divorced,<=50K.
80,NA,HS-grad,Married,<=50K.
26,Private,Some-college,Married,<=50K.
63,Private,9th,Married,<=50K.
19,Private,Some-college,Never Married,<=50K.
30,NA,Some-college,Never Married,<=50K.
42,Self,HS-grad,Married,<=50K.
64,Govt,Assoc-acdm,Married,>50K.
32,Private,Bachelors,Never Married,<=50K.
50,Private,HS-grad,Married,<=50K.
73,Private,HS-grad,Married,<=50K.
32,Private,Bachelors,Never Married,<=50K.
53,Private,Some-college,Married,>50K.
58,Private,Bachelors,Divorced,<=50K.
37,Govt,Some-college,Married,>50K.
24,Private,Some-college,Never Married,<=50K.
53,Private,Bachelors,Married,>50K.
23,Private,Some-college,Never Married,<=50K.
42,NA,Assoc-acdm,Never Married,<=50K.
30,Private,HS-grad,Married,<=50K.
38,Private,Bachelors,Never Married,<=50K.
28,Private,HS-grad,Never Married,<=50K.
19,Private,12th,Never Married,<=50K.
45,Private,HS-grad,Married,<=50K.
26,Private,Bachelors,Never Married,<=50K.
33,Private,9th,Never Married,<=50K.
29,Private,HS-grad,Never Married,<=50K.
54,Private,Masters,Married,>50K.
23,Private,Some-college,Never Married,<=50K.
43,Self,HS-grad,Married,>50K.
37,Private,9th,Never Married,<=50K.
31,Private,7th-8th,Married,<=50K.
56,Self,12th,Married,<=50K.
25,Private,11th,Never Married,<=50K.
17,Private,11th,Never Married,<=50K.
37,Private,HS-grad,Widowed,<=50K.
60,Private,Assoc-voc,Married,<=50K.
59,Govt,Bachelors,Married,<=50K.
59,Govt,HS-grad,Married,>50K.
46,Self,Prof-school,Married,>50K.
28,NA,HS-grad,Married,<=50K.
33,NA,HS-grad,Never Married,<=50K.
24,Private,HS-grad,Never Married,<=50K.
29,Private,HS-grad,Married,>50K.
33,Self,Assoc-voc,Divorced,<=50K.
29,NA,HS-grad,Married,<=50K.
23,Govt,Some-college,Never Married,<=50K.
20,Private,Some-college,Never Married,<=50K.
60,Private,HS-grad,Widowed,<=50K.
44,Private,10th,Never Married,<=50K.
18,Private,HS-grad,Never Married,<=50K.
52,Govt,12th,Never Married,<=50K.
31,Private,HS-grad,Divorced,<=50K.
30,Private,Bachelors,Widowed,>50K.
33,Private,HS-grad,Married,<=50K.
20,Private,Some-college,Never Married,<=50K.
27,NA,Bachelors,Married,>50K.
33,Private,Assoc-voc,Separated,<=50K.
25,Private,HS-grad,Never Married,<=50K.
63,Private,HS-grad,Separated,<=50K.
63,Self,Some-college,Widowed,<=50K.
43,Private,HS-grad,Separated,<=50K.
58,Private,11th,Widowed,<=50K.
70,NA,Assoc-voc,Widowed,<=50K.
35,Private,Assoc-voc,Never Married,>50K.
42,Private,Some-college,Married,>50K.
20,Govt,Some-college,Never Married,<=50K.
35,Private,HS-grad,Divorced,<=50K.
62,Private,9th,Married,<=50K.
41,Private,HS-grad,Divorced,<=50K.
43,Self,Bachelors,Married,<=50K.
19,Private,12th,Never Married,<=50K.
46,Private,HS-grad,Never Married,<=50K.
47,Private,Bachelors,Married,>50K.
36,Self,Bachelors,Married,>50K.
45,Private,Assoc-acdm,Never Married,<=50K.
48,Private,10th,Married,<=50K.
29,Private,Assoc-acdm,Never Married,<=50K.
48,Govt,Bachelors,Married,>50K.
36,Private,HS-grad,Divorced,<=50K.
58,Private,11th,Married,<=50K.
43,Private,HS-grad,Never Married,<=50K.
59,Private,Bachelors,Married,<=50K.
42,Private,Bachelors,Married,<=50K.
33,Govt,Assoc-voc,Married,>50K.
23,Govt,Some-college,Never Married,<=50K.
21,Private,Some-college,Never Married,<=50K.
48,Private,5th-6th,Divorced,<=50K.
32,Govt,HS-grad,Married,<=50K.
31,Private,Some-college,Married,>50K.
66,Govt,Masters,Widowed,<=50K.
23,Govt,Bachelors,Never Married,<=50K.
52,Private,Some-college,Married,>50K.
17,Private,11th,Never Married,<=50K.
35,Private,Some-college,Married,>50K.
39,Private,Doctorate,Married,>50K.
21,NA,Some-college,Never Married,<=50K.
24,Private,Some-college,Never Married,<=50K.
45,Private,HS-grad,Married,>50K.
25,Private,HS-grad,Never Married,<=50K.
29,Govt,Bachelors,Never Married,<=50K.
56,Private,Bachelors,Married,>50K.
34,Self,HS-grad,Divorced,<=50K.
64,Govt,HS-grad,Divorced,>50K.
27,Private,HS-grad,Married,<=50K.
47,Private,HS-grad,Divorced,<=50K.
36,Private,Bachelors,Married,>50K.
44,Govt,HS-grad,Divorced,<=50K.
31,Private,HS-grad,Never Married,<=50K.
23,Private,HS-grad,Married,<=50K.
45,Govt,Some-college,Married,>50K.
31,Govt,HS-grad,Never Married,<=50K.
45,Private,10th,Married,<=50K.
42,Private,HS-grad,Never Married,<=50K.
33,Private,Assoc-acdm,Married,>50K.
33,Govt,Masters,Married,<=50K.
30,Self,Some-college,Married,>50K.
25,Private,Some-college,Never Married,<=50K.
33,Private,Masters,Never Married,<=50K.
70,Self,Masters,Married,>50K.
22,Private,9th,Never Married,<=50K.
30,Private,Bachelors,Married,>50K.
46,Private,Assoc-acdm,Married,>50K.
43,Self,12th,Married,<=50K.
37,Private,7th-8th,Never Married,<=50K.
59,Self,Some-college,Married,>50K.
51,Self,HS-grad,Never Married,<=50K.
47,Private,Bachelors,Married,<=50K.
36,Private,Some-college,Married,<=50K.
73,Govt,5th-6th,Married,<=50K.
32,Govt,Masters,Never Married,<=50K.
34,Private,HS-grad,Married,<=50K.
51,Govt,HS-grad,Married,<=50K.
20,Private,HS-grad,Never Married,<=50K.
57,Private,Some-college,Married,<=50K.
19,Private,Some-college,Never Married,<=50K.
45,Private,12th,Married,>50K.
55,Private,10th,Married,<=50K.
60,Private,Some-college,Married,<=50K.
19,Private,HS-grad,Never Married,<=50K.
35,Private,HS-grad,Married,<=50K.
20,Private,HS-grad,Never Married,<=50K.
34,Govt,Bachelors,Never Married,<=50K.
26,Private,Prof-school,Married,>50K.
73,Govt,Some-college,Widowed,<=50K.
27,Private,Masters,Married,<=50K.
37,Self,Assoc-voc,Never Married,<=50K.
73,Self,HS-grad,Married,<=50K.
46,Govt,Assoc-voc,Married,>50K.
36,Govt,HS-grad,Never Married,<=50K.
54,Self,HS-grad,Married,>50K.
49,Private,11th,Married,<=50K.
68,Govt,HS-grad,Married,<=50K.
34,Private,Bachelors,Never Married,<=50K.
30,Private,Assoc-voc,Never Married,<=50K.
28,Private,Bachelors,Never Married,<=50K.
28,Private,11th,Married,>50K.
25,Govt,Some-college,Married,<=50K.
26,Private,Some-college,Never Married,<=50K.
40,Private,Some-college,Married,>50K.
32,Govt,HS-grad,Divorced,<=50K.
60,NA,11th,Married,<=50K.
18,Private,12th,Never Married,<=50K.
36,Private,Bachelors,Married,<=50K.
26,Private,Bachelors,Never Married,<=50K.
24,Private,HS-grad,Never Married,<=50K.
90,Govt,HS-grad,Married,<=50K.
20,Private,Some-college,Never Married,<=50K.
27,Private,Bachelors,Separated,<=50K.
58,Govt,Bachelors,Divorced,<=50K.
37,Private,Masters,Married,>50K.
65,NA,HS-grad,Widowed,<=50K.
28,Private,HS-grad,Never Married,<=50K.
36,Govt,Bachelors,Divorced,<=50K.
45,Govt,HS-grad,Married,>50K.
23,Private,HS-grad,Never Married,<=50K.
69,Govt,HS-grad,Married,<=50K.
58,Self,HS-grad,Married,<=50K.
22,Private,HS-grad,Never Married,<=50K.
58,Self,Bachelors,Married,<=50K.
53,Govt,Some-college,Married,>50K.
44,Self,HS-grad,Married,<=50K.
31,Private,10th,Never Married,<=50K.
46,Private,Bachelors,Divorced,<=50K.
48,Private,HS-grad,Married,<=50K.
46,Govt,Some-college,Separated,<=50K.
43,Private,9th,Never Married,<=50K.
43,Private,Some-college,Divorced,<=50K.
17,Self,10th,Never Married,<=50K.
20,Private,Some-college,Never Married,<=50K.
22,Private,Some-college,Never Married,<=50K.
19,NA,Some-college,Never Married,<=50K.
35,Private,Some-college,Divorced,<=50K.
29,Private,Bachelors,Never Married,<=50K.
18,NA,Some-college,Never Married,<=50K.
25,Private,HS-grad,Never Married,<=50K.
54,Private,10th,Married,<=50K.
23,Private,Some-college,Married,<=50K.
36,Private,5th-6th,Separated,<=50K.
26,Self,HS-grad,Married,<=50K.
25,Govt,HS-grad,Never Married,<=50K.
46,Private,9th,Divorced,<=50K.
41,Private,Some-college,Divorced,<=50K.
31,Private,HS-grad,Never Married,<=50K.
48,Govt,Masters,Married,>50K.
52,Self,Masters,Divorced,<=50K.
22,Govt,HS-grad,Never Married,<=50K.
18,Private,HS-grad,Never Married,<=50K.
46,Private,Some-college,Never Married,<=50K.
34,Govt,Some-college,Never Married,<=50K.
30,Govt,HS-grad,Married,<=50K.
31,Private,11th,Never Married,<=50K.
21,Private,HS-grad,Married,<=50K.
41,Self,HS-grad,Divorced,<=50K.
45,Govt,Bachelors,Married,>50K.
30,Govt,Bachelors,Never Married,<=50K.
21,Private,9th,Never Married,<=50K.
44,Private,Some-college,Divorced,<=50K.
54,Private,11th,Divorced,>50K.
36,Private,HS-grad,Married,>50K.
50,Private,Bachelors,Never Married,>50K.
26,Private,Bachelors,Never Married,<=50K.
47,Govt,Prof-school,Married,<=50K.
36,Private,HS-grad,Never Married,<=50K.
32,Self,Some-college,Married,<=50K.
21,Private,10th,Never Married,<=50K.
30,Private,HS-grad,Married,<=50K.
34,Private,HS-grad,Never Married,<=50K.
51,Private,HS-grad,Married,<=50K.
55,Self,10th,Married,<=50K.
43,Private,Some-college,Married,<=50K.
37,Private,HS-grad,Never Married,<=50K.
28,Govt,Some-college,Never Married,<=50K.
39,Private,Some-college,Married,<=50K.
35,Self,HS-grad,Married,<=50K.
59,NA,Masters,Married,<=50K.
26,Private,HS-grad,Never Married,<=50K.
68,Private,HS-grad,Married,<=50K.
46,Private,Prof-school,Divorced,>50K.
21,Private,HS-grad,Never Married,<=50K.
23,Private,Some-college,Never Married,<=50K.
17,Private,10th,Married,<=50K.
23,Govt,HS-grad,Never Married,<=50K.
34,Private,HS-grad,Widowed,<=50K.
33,Private,Assoc-acdm,Never Married,<=50K.
31,Private,Assoc-acdm,Separated,<=50K.
31,NA,Bachelors,Married,<=50K.
56,Self,HS-grad,Married,<=50K.
21,Private,HS-grad,Never Married,<=50K.
45,Private,HS-grad,Divorced,<=50K.
41,Self,Bachelors,Married,>50K.
26,Private,10th,Divorced,<=50K.
41,Private,11th,Widowed,<=50K.
46,Self,Masters,Married,>50K.
47,Govt,HS-grad,Divorced,<=50K.
43,Self,Prof-school,Married,>50K.
35,Private,HS-grad,Married,<=50K.
44,Self,HS-grad,Divorced,<=50K.
58,Self,Bachelors,Married,>50K.
25,Private,Assoc-acdm,Divorced,<=50K.
44,Private,Assoc-voc,Never Married,<=50K.
57,Private,Some-college,Never Married,<=50K.
24,Private,Some-college,Married,<=50K.
38,Private,Bachelors,Never Married,<=50K.
33,Private,7th-8th,Divorced,<=50K.
25,Private,Some-college,Never Married,<=50K.
33,Private,HS-grad,Married,>50K.
50,Govt,Some-college,Married,>50K.
35,Private,HS-grad,Married,>50K.
36,Private,Bachelors,Divorced,>50K.
27,Private,Some-college,Never Married,<=50K.
22,Private,Assoc-voc,Never Married,<=50K.
30,Private,HS-grad,Married,<=50K.
90,Private,Masters,Never Married,<=50K.
39,Private,HS-grad,Separated,<=50K.
34,Govt,Bachelors,Never Married,<=50K.
39,Private,Bachelors,Married,>50K.
19,Private,Some-college,Never Married,<=50K.
19,Private,10th,Never Married,<=50K.
29,Private,HS-grad,Married,<=50K.
66,Self,Assoc-acdm,Married,<=50K.
38,Private,Some-college,Married,<=50K.
44,Private,5th-6th,Married,<=50K.
34,Self,7th-8th,Never Married,<=50K.
35,Govt,Assoc-acdm,Widowed,<=50K.
29,Govt,Bachelors,Never Married,<=50K.
22,Private,HS-grad,Married,<=50K.
33,NA,Some-college,Never Married,<=50K.
73,Private,Assoc-voc,Widowed,>50K.
35,Govt,Some-college,Married,<=50K.
41,Private,HS-grad,Never Married,<=50K.
27,Self,Some-college,Married,<=50K.
25,Private,HS-grad,Never Married,<=50K.
47,Private,Bachelors,Divorced,>50K.
36,Private,Bachelors,Married,>50K.
36,Private,1st-4th,Widowed,<=50K.
25,Govt,HS-grad,Divorced,<=50K.
37,Private,11th,Divorced,<=50K.
26,Govt,Bachelors,Never Married,<=50K.
53,Private,Some-college,Married,<=50K.
36,Govt,Masters,Married,<=50K.
30,Private,Bachelors,Never Married,>50K.
53,Govt,Some-college,Divorced,<=50K.
37,Self,HS-grad,Married,<=50K.
41,Govt,HS-grad,Divorced,<=50K.
53,Private,Bachelors,Married,<=50K.
23,Private,Some-college,Never Married,<=50K.
28,Private,HS-grad,Married,<=50K.
53,Govt,10th,Married,<=50K.
32,Private,HS-grad,Married,>50K.
33,Private,Bachelors,Never Married,<=50K.
27,Private,HS-grad,Never Married,<=50K.
52,Private,Assoc-voc,Married,>50K.
31,Private,Some-college,Married,<=50K.
27,Private,Assoc-acdm,Never Married,>50K.
44,Private,HS-grad,Married,<=50K.
37,Self,Masters,Married,<=50K.
39,Private,HS-grad,Married,<=50K.
18,Private,12th,Never Married,<=50K.
42,Private,HS-grad,Married,>50K.
49,Private,Bachelors,Married,>50K.
35,Private,HS-grad,Divorced,<=50K.
43,Private,HS-grad,Married,<=50K.
43,Private,Prof-school,Married,>50K.
31,Private,Some-college,Married,>50K.
27,Private,Bachelors,Never Married,<=50K.
46,Govt,Some-college,Divorced,<=50K.
54,Private,HS-grad,Married,<=50K.
37,Private,Some-college,Married,>50K.
53,Govt,Some-college,Married,>50K.
26,Private,Some-college,Never Married,<=50K.
59,Self,Prof-school,Married,>50K.
36,Govt,Some-college,Separated,<=50K.
32,Private,HS-grad,Married,>50K.
53,Govt,Masters,Married,>50K.
26,Private,HS-grad,Never Married,<=50K.
35,Private,HS-grad,Married,>50K.
48,Private,HS-grad,Divorced,<=50K.
30,Govt,Some-college,Separated,<=50K.
38,Private,12th,Married,>50K.
58,Self,HS-grad,Married,>50K.
44,Private,HS-grad,Married,<=50K.
30,Private,Assoc-voc,Separated,<=50K.
68,Self,HS-grad,Married,<=50K.
26,Govt,Bachelors,Never Married,<=50K.
26,Govt,Bachelors,Never Married,<=50K.
41,Private,1st-4th,Married,<=50K.
43,Govt,Bachelors,Married,>50K.
48,Private,Bachelors,Divorced,<=50K.
55,Private,HS-grad,Divorced,<=50K.
50,Self,Some-college,Divorced,<=50K.
41,Private,11th,Married,>50K.
52,Private,HS-grad,Married,<=50K.
24,NA,HS-grad,Married,<=50K.
31,Self,HS-grad,Married,>50K.
54,Govt,Assoc-voc,Married,>50K.
31,Self,Masters,Separated,<=50K.
31,Self,Bachelors,Married,>50K.
47,Private,HS-grad,Married,>50K.
40,Private,Assoc-voc,Married,>50K.
46,Govt,Some-college,Divorced,<=50K.
45,Private,HS-grad,Divorced,<=50K.
39,Private,10th,Never Married,<=50K.
34,Govt,Some-college,Never Married,<=50K.
48,NA,Some-college,Never Married,>50K.
19,NA,Some-college,Never Married,<=50K.
56,Private,Some-college,Never Married,<=50K.
47,Private,HS-grad,Separated,<=50K.
35,Private,Some-college,Married,>50K.
25,Private,Some-college,Married,<=50K.
43,Govt,Bachelors,Separated,<=50K.
59,Private,Bachelors,Married,>50K.
66,NA,7th-8th,Divorced,<=50K.
63,Private,7th-8th,Married,>50K.
32,Private,Some-college,Married,<=50K.
58,NA,Bachelors,Widowed,<=50K.
43,Self,Assoc-voc,Married,>50K.
27,Private,HS-grad,Never Married,<=50K.
21,Private,12th,Never Married,<=50K.
44,Govt,Some-college,Divorced,>50K.
40,Self,HS-grad,Married,<=50K.
65,Private,HS-grad,Widowed,<=50K.
50,Private,Some-college,Married,>50K.
18,NA,HS-grad,Separated,<=50K.
51,Govt,Masters,Never Married,>50K.
44,Govt,Some-college,Divorced,<=50K.
20,Private,Some-college,Never Married,<=50K.
29,Private,Assoc-voc,Never Married,<=50K.
50,Private,Assoc-voc,Married,>50K.
50,Govt,HS-grad,Married,>50K.
43,Private,10th,Married,<=50K.
23,Private,Bachelors,Never Married,<=50K.
41,Private,HS-grad,Married,<=50K.
30,NA,Some-college,Married,<=50K.
58,Self,Bachelors,Married,<=50K.
50,Govt,Assoc-voc,Married,<=50K.
37,Self,Bachelors,Married,>50K.
21,Private,HS-grad,Never Married,<=50K.
33,Private,HS-grad,Married,<=50K.
52,Private,Some-college,Divorced,<=50K.
47,Private,HS-grad,Married,<=50K.
45,Self,Bachelors,Never Married,>50K.
34,Private,Some-college,Married,>50K.
39,Private,Some-college,Married,>50K.
31,Private,Some-college,Divorced,<=50K.
19,NA,Some-college,Never Married,<=50K.
45,Private,Some-college,Divorced,<=50K.
45,Self,Assoc-voc,Married,<=50K.
34,Private,HS-grad,Never Married,<=50K.
27,Private,11th,Married,<=50K.
37,Private,HS-grad,Divorced,<=50K.
20,Private,HS-grad,Never Married,<=50K.
32,Private,Bachelors,Never Married,>50K.
24,Private,1st-4th,Never Married,<=50K.
39,Private,HS-grad,Married,<=50K.
18,Private,Some-college,Never Married,<=50K.
62,Self,Some-college,Married,<=50K.
24,Private,Bachelors,Separated,<=50K.
37,Private,HS-grad,Married,<=50K.
46,Private,Bachelors,Widowed,<=50K.
44,Private,HS-grad,Divorced,<=50K.
53,Private,HS-grad,Never Married,>50K.
25,Private,Bachelors,Never Married,<=50K.
44,Private,Prof-school,Married,<=50K.
24,Private,Bachelors,Never Married,<=50K.
61,Private,HS-grad,Married,<=50K.
45,Govt,Masters,Divorced,<=50K.
33,Self,Some-college,Never Married,<=50K.
48,Private,Bachelors,Married,>50K.
26,Govt,HS-grad,Never Married,<=50K.
40,NA,HS-grad,Divorced,<=50K.
68,Private,Bachelors,Married,>50K.
24,Private,HS-grad,Divorced,<=50K.
25,NA,Bachelors,Married,<=50K.
31,Govt,Bachelors,Never Married,<=50K.
55,Private,Some-college,Divorced,<=50K.
46,Private,Assoc-acdm,Divorced,<=50K.
58,Private,Bachelors,Divorced,<=50K.
56,Private,HS-grad,Widowed,<=50K.
45,Govt,Bachelors,Never Married,>50K.
24,Private,Bachelors,Never Married,>50K.
35,Govt,HS-grad,Divorced,<=50K.
51,Private,HS-grad,Married,>50K.
47,Private,Prof-school,Married,>50K.
17,Private,11th,Never Married,<=50K.
21,Private,10th,Never Married,<=50K.
45,Private,Bachelors,Never Married,>50K.
42,Private,HS-grad,Married,>50K.
56,Private,12th,Widowed,<=50K.
39,Private,HS-grad,Married,<=50K.
31,Private,7th-8th,Never Married,<=50K.
20,Govt,Some-college,Never Married,<=50K.
65,Self,5th-6th,Married,<=50K.
44,Private,Some-college,Married,<=50K.
33,Private,HS-grad,Married,<=50K.
25,Private,Bachelors,Married,>50K.
38,Private,HS-grad,Married,<=50K.
31,Govt,10th,Never Married,<=50K.
33,Self,Bachelors,Married,<=50K.
49,Self,HS-grad,Divorced,<=50K.
28,Private,HS-grad,Never Married,<=50K.
29,Private,HS-grad,Married,<=50K.
23,Private,Assoc-voc,Never Married,<=50K.
37,Self,Bachelors,Married,>50K.
52,Private,Some-college,Never Married,>50K.
27,Private,HS-grad,Never Married,<=50K.
47,Private,Some-college,Married,>50K.
21,Private,HS-grad,Never Married,<=50K.
41,Govt,Bachelors,Married,>50K.
61,Private,Some-college,Married,>50K.
32,Private,Bachelors,Married,>50K.
21,Private,Some-college,Never Married,<=50K.
63,Private,12th,Married,>50K.
34,Private,Some-college,Married,<=50K.
21,Govt,Assoc-acdm,Never Married,<=50K.
44,Private,HS-grad,Divorced,<=50K.
26,Private,Bachelors,Never Married,<=50K.
36,Private,Masters,Married,>50K.
39,Private,Bachelors,Never Married,>50K.
52,Private,HS-grad,Married,<=50K.
44,Self,Bachelors,Married,<=50K.
42,Private,HS-grad,Married,<=50K.
60,NA,HS-grad,Married,>50K.
31,Private,Bachelors,Never Married,<=50K.
30,Private,Some-college,Never Married,<=50K.
23,Private,Some-college,Never Married,<=50K.
81,Govt,1st-4th,Widowed,<=50K.
39,Private,Bachelors,Married,<=50K.
38,Private,10th,Divorced,<=50K.
21,Private,Some-college,Never Married,<=50K.
28,Govt,HS-grad,Married,<=50K.
34,Private,Bachelors,Never Married,<=50K.
47,Private,HS-grad,Never Married,<=50K.
36,Private,HS-grad,Married,<=50K.
27,Private,HS-grad,Never Married,<=50K.
56,Private,Bachelors,Never Married,<=50K.
57,Private,HS-grad,Widowed,<=50K.
42,Govt,Some-college,Divorced,<=50K.
43,Private,HS-grad,Divorced,<=50K.
48,NA,HS-grad,Married,<=50K.
53,Private,HS-grad,Divorced,<=50K.
58,Private,HS-grad,Divorced,<=50K.
19,Private,12th,Never Married,<=50K.
37,Private,HS-grad,Married,>50K.
41,Self,Some-college,Divorced,<=50K.
31,Private,7th-8th,Separated,<=50K.
31,Private,Bachelors,Married,<=50K.
53,Govt,HS-grad,Married,<=50K.
19,Private,Some-college,Never Married,<=50K.
56,Private,Doctorate,Married,>50K.
55,Govt,Some-college,Married,>50K.
51,Private,5th-6th,Married,<=50K.
62,Private,Some-college,Never Married,<=50K.
43,Private,Some-college,Married,>50K.
45,NA,7th-8th,Divorced,<=50K.
28,Govt,HS-grad,Married,<=50K.
46,Private,HS-grad,Married,>50K.
62,Govt,Bachelors,Married,<=50K.
57,Govt,HS-grad,Widowed,<=50K.
60,Govt,Bachelors,Married,>50K.
23,Govt,Some-college,Never Married,<=50K.
47,Private,Some-college,Married,>50K.
21,Private,Some-college,Never Married,<=50K.
51,Private,HS-grad,Married,<=50K.
61,Govt,HS-grad,Married,<=50K.
52,Self,Bachelors,Married,>50K.
76,Private,Bachelors,Married,<=50K.
24,Private,Some-college,Never Married,<=50K.
31,Self,Bachelors,Never Married,<=50K.
43,Private,Bachelors,Married,>50K.
58,Govt,Some-college,Widowed,<=50K.
18,NA,Some-college,Never Married,<=50K.
19,Private,12th,Never Married,<=50K.
44,Private,Some-college,Divorced,<=50K.
41,Govt,Some-college,Never Married,<=50K.
21,Private,Some-college,Never Married,<=50K.
40,Private,HS-grad,Divorced,<=50K.
25,Private,Some-college,Never Married,<=50K.
62,Govt,Doctorate,Widowed,<=50K.
42,Private,HS-grad,Married,<=50K.
35,Private,Assoc-voc,Never Married,<=50K.
19,Private,HS-grad,Never Married,<=50K.
60,Private,HS-grad,Married,<=50K.
20,Private,HS-grad,Never Married,<=50K.
23,Private,Assoc-acdm,Married,<=50K.
18,Private,HS-grad,Never Married,<=50K.
40,Private,Some-college,Married,>50K.
19,Private,Some-college,Never Married,<=50K.
51,Private,HS-grad,Divorced,<=50K.
41,Govt,Bachelors,Married,<=50K.
18,Private,10th,Never Married,<=50K.
41,Private,Some-college,Married,<=50K.
27,Private,Some-college,Never Married,<=50K.
71,Self,1st-4th,Divorced,<=50K.
25,Private,12th,Married,<=50K.
73,Private,HS-grad,Divorced,<=50K.
45,Private,Some-college,Married,<=50K.
25,Private,Some-college,Married,>50K.
50,Private,HS-grad,Married,<=50K.
44,Private,HS-grad,Married,<=50K.
44,Govt,Assoc-voc,Divorced,<=50K.
49,Private,HS-grad,Married,>50K.
44,Self,Some-college,Married,>50K.
42,Govt,HS-grad,Divorced,<=50K.
20,Private,HS-grad,Never Married,<=50K.
66,Private,HS-grad,Widowed,<=50K.
19,Private,Some-college,Never Married,<=50K.
60,Private,Some-college,Married,<=50K.
46,Private,Assoc-voc,Separated,<=50K.
42,Private,Assoc-voc,Divorced,<=50K.
59,Private,Some-college,Divorced,<=50K.
58,Private,Assoc-acdm,Married,>50K.
47,Private,HS-grad,Divorced,<=50K.
58,Private,Some-college,Married,<=50K.
69,NA,Bachelors,Married,>50K.
17,NA,10th,Never Married,<=50K.
19,Private,11th,Never Married,<=50K.
28,Private,Some-college,Married,<=50K.
37,Private,HS-grad,Separated,<=50K.
30,Private,HS-grad,Married,<=50K.
36,Private,Some-college,Divorced,<=50K.
45,Private,11th,Divorced,>50K.
59,Private,7th-8th,Married,<=50K.
45,Private,Some-college,Married,<=50K.
53,Govt,Doctorate,Divorced,>50K.
37,Private,HS-grad,Divorced,<=50K.
26,Private,Some-college,Never Married,<=50K.
53,Govt,9th,Married,<=50K.
44,Govt,HS-grad,Married,<=50K.
27,Private,Bachelors,Never Married,<=50K.
22,Private,Some-college,Never Married,<=50K.
41,Private,HS-grad,Divorced,<=50K.
53,Private,HS-grad,Married,<=50K.
58,Private,HS-grad,Married,<=50K.
34,NA,12th,Separated,<=50K.
32,Private,Bachelors,Married,>50K.
32,Private,Some-college,Married,<=50K.
47,Private,Masters,Married,>50K.
27,Private,HS-grad,Married,<=50K.
25,Private,Some-college,Never Married,<=50K.
40,Private,10th,Divorced,<=50K.
36,Self,Some-college,Married,<=50K.
23,Govt,HS-grad,Never Married,<=50K.
44,Private,9th,Married,<=50K.
19,Private,HS-grad,Never Married,<=50K.
42,Private,Bachelors,Never Married,<=50K.
60,Self,Some-college,Married,<=50K.
41,Private,HS-grad,Married,>50K.
45,Govt,HS-grad,Never Married,<=50K.
67,NA,5th-6th,Married,<=50K.
36,Self,Bachelors,Married,<=50K.
52,Govt,Masters,Divorced,<=50K.
28,Private,Doctorate,Never Married,<=50K.
83,Self,HS-grad,Divorced,<=50K.
17,Private,11th,Never Married,<=50K.
27,Private,Assoc-voc,Never Married,<=50K.
35,Self,Assoc-voc,Never Married,<=50K.
40,Private,Some-college,Never Married,<=50K.
23,Private,Assoc-acdm,Married,<=50K.
51,Govt,11th,Married,<=50K.
51,Private,1st-4th,Married,<=50K.
82,NA,10th,Widowed,<=50K.
28,Private,HS-grad,Never Married,<=50K.
53,Private,HS-grad,Married,>50K.
29,Private,Bachelors,Never Married,<=50K.
19,Private,HS-grad,Never Married,<=50K.
30,Private,Bachelors,Married,<=50K.
23,Private,7th-8th,Never Married,<=50K.
66,Private,Bachelors,Married,>50K.
27,Private,11th,Never Married,<=50K.
35,Private,HS-grad,Married,<=50K.
17,Private,12th,Never Married,<=50K.
27,Private,HS-grad,Never Married,<=50K.
27,Private,Prof-school,Never Married,<=50K.
44,Govt,Bachelors,Married,>50K.
64,Private,HS-grad,Married,<=50K.
62,Self,HS-grad,Widowed,<=50K.
26,Private,Some-college,Married,<=50K.
40,Private,HS-grad,Separated,<=50K.
40,Private,Doctorate,Married,>50K.
35,Private,HS-grad,Divorced,<=50K.
25,Private,Bachelors,Never Married,<=50K.
52,Govt,Some-college,Widowed,<=50K.
46,Private,Some-college,Married,>50K.
30,Private,HS-grad,Married,<=50K.
52,Private,Some-college,Married,>50K.
28,Private,HS-grad,Never Married,<=50K.
17,Private,10th,Never Married,<=50K.
46,Govt,Some-college,Never Married,<=50K.
45,Private,Bachelors,Divorced,>50K.
21,Private,Some-college,Never Married,<=50K.
18,Self,HS-grad,Married,<=50K.
17,Private,11th,Never Married,<=50K.
90,Private,Some-college,Divorced,<=50K.
23,Private,Some-college,Never Married,<=50K.
41,Private,Bachelors,Married,>50K.
19,Self,Some-college,Never Married,<=50K.
69,Private,HS-grad,Married,<=50K.
23,Govt,Assoc-acdm,Never Married,<=50K.
28,Private,Some-college,Never Married,<=50K.
37,Private,Assoc-acdm,Married,>50K.
57,Private,HS-grad,Married,<=50K.
30,Govt,Some-college,Never Married,<=50K.
48,Private,HS-grad,Separated,<=50K.
73,Private,HS-grad,Widowed,<=50K.
25,Private,5th-6th,Never Married,<=50K.
33,Private,Masters,Never Married,>50K.
36,Private,HS-grad,Married,<=50K.
28,Private,HS-grad,Married,<=50K.
57,Private,HS-grad,Divorced,<=50K.
31,Private,Some-college,Never Married,<=50K.
35,NA,9th,Divorced,<=50K.
40,Govt,HS-grad,Divorced,<=50K.
32,Private,Some-college,Never Married,<=50K.
35,NA,Bachelors,Never Married,<=50K.
26,Private,HS-grad,Never Married,<=50K.
27,Self,Some-college,Separated,<=50K.
17,Private,10th,Never Married,<=50K.
29,Private,Some-college,Never Married,<=50K.
18,Private,11th,Never Married,<=50K.
20,Private,Some-college,Never Married,<=50K.
69,NA,HS-grad,Married,<=50K.
18,Govt,Some-college,Never Married,<=50K.
56,Private,HS-grad,Never Married,<=50K.
40,Private,Some-college,Separated,<=50K.
46,Private,Some-college,Divorced,<=50K.
41,Private,12th,Married,<=50K.
53,Private,Some-college,Widowed,<=50K.
50,Private,Masters,Married,>50K.
23,Private,11th,Never Married,<=50K.
40,Private,Bachelors,Married,>50K.
54,Self,Some-college,Married,>50K.
45,Private,Some-college,Divorced,<=50K.
53,Govt,HS-grad,Married,>50K.
17,NA,11th,Never Married,<=50K.
50,Govt,Bachelors,Divorced,>50K.
22,NA,Bachelors,Never Married,<=50K.
30,Private,Bachelors,Never Married,<=50K.
40,Self,Bachelors,Married,<=50K.
36,Govt,Masters,Never Married,<=50K.
25,Self,Assoc-acdm,Never Married,<=50K.
29,Private,HS-grad,Married,<=50K.
29,Private,Bachelors,Never Married,<=50K.
22,Private,Bachelors,Never Married,<=50K.
56,Private,Bachelors,Divorced,<=50K.
60,Govt,Masters,Married,>50K.
37,Private,HS-grad,Married,<=50K.
53,Private,7th-8th,Divorced,<=50K.
23,Govt,Some-college,Never Married,<=50K.
18,Private,HS-grad,Never Married,<=50K.
36,Private,Some-college,Divorced,<=50K.
67,Self,HS-grad,Married,>50K.
31,Private,HS-grad,Never Married,<=50K.
26,Private,Bachelors,Married,>50K.
18,Private,11th,Never Married,<=50K.
45,Govt,Masters,Divorced,<=50K.
64,Private,11th,Married,<=50K.
26,Private,HS-grad,Never Married,<=50K.
53,Private,Some-college,Divorced,<=50K.
27,Private,HS-grad,Never Married,<=50K.
32,Private,Some-college,Divorced,<=50K.
49,Self,HS-grad,Divorced,>50K.
59,Private,10th,Married,>50K.
44,Private,Masters,Married,>50K.
61,Self,HS-grad,Married,<=50K.
41,NA,HS-grad,Divorced,<=50K.
46,Govt,HS-grad,Separated,<=50K.
32,Private,HS-grad,Never Married,<=50K.
29,Private,HS-grad,Never Married,<=50K.
48,Private,Masters,Never Married,<=50K.
32,Private,Some-college,Divorced,<=50K.
21,Private,HS-grad,Never Married,<=50K.
50,Self,Prof-school,Married,>50K.
44,Govt,Masters,Married,>50K.
51,Private,HS-grad,Separated,<=50K.
42,Private,HS-grad,Married,>50K.
27,Private,Bachelors,Never Married,<=50K.
70,Self,HS-grad,Married,<=50K.
33,Private,HS-grad,Divorced,<=50K.
65,Self,HS-grad,Married,>50K.
39,Private,Masters,Never Married,<=50K.
32,Private,HS-grad,Married,<=50K.
30,Private,Some-college,Divorced,<=50K.
43,Self,Some-college,Married,<=50K.
31,Private,9th,Never Married,<=50K.
64,Govt,Bachelors,Divorced,<=50K.
37,Govt,Some-college,Separated,<=50K.
49,Self,HS-grad,Divorced,<=50K.
29,Private,11th,Never Married,<=50K.
35,Govt,HS-grad,Divorced,<=50K.
37,Private,Assoc-acdm,Married,<=50K.
42,Govt,Masters,Married,>50K.
21,NA,Some-college,Never Married,<=50K.
23,Private,Assoc-acdm,Never Married,<=50K.
35,Govt,HS-grad,Never Married,<=50K.
29,Govt,Assoc-voc,Married,>50K.
23,Private,Some-college,Never Married,<=50K.
21,Private,Some-college,Never Married,<=50K.
45,Private,Bachelors,Never Married,<=50K.
24,NA,Bachelors,Never Married,<=50K.
38,Private,HS-grad,Never Married,<=50K.
28,NA,10th,Never Married,<=50K.
23,Private,HS-grad,Never Married,<=50K.
39,Self,Bachelors,Never Married,<=50K.
45,Private,Masters,Married,>50K.
68,Private,Assoc-acdm,Divorced,<=50K.
60,Govt,Assoc-voc,Divorced,>50K.
38,Govt,Doctorate,Married,>50K.
41,Private,12th,Separated,<=50K.
48,Private,HS-grad,Divorced,<=50K.
33,Private,HS-grad,Married,<=50K.
48,Private,Assoc-voc,Married,<=50K.
23,Govt,Some-college,Never Married,<=50K.
26,Private,9th,Married,<=50K.
55,Self,Bachelors,Married,>50K.
35,Govt,Masters,Married,<=50K.
52,Private,Some-college,Married,>50K.
46,Govt,HS-grad,Separated,<=50K.
72,NA,HS-grad,Married,<=50K.
18,Private,HS-grad,Never Married,<=50K.
62,Govt,HS-grad,Divorced,<=50K.
22,Private,Some-college,Never Married,<=50K.
40,Private,Some-college,Married,>50K.
26,Private,Some-college,Married,<=50K.
35,Private,Assoc-acdm,Married,<=50K.
25,Self,HS-grad,Never Married,<=50K.
46,NA,Assoc-voc,Married,>50K.
39,Private,Bachelors,Married,>50K.
41,Private,Some-college,Married,>50K.
59,Private,Bachelors,Married,>50K.
37,Private,HS-grad,Married,<=50K.
38,Private,Some-college,Married,<=50K.
33,Private,Bachelors,Never Married,<=50K.
23,Private,Assoc-acdm,Married,<=50K.
67,Self,Masters,Widowed,>50K.
60,Private,Bachelors,Divorced,>50K.
39,Self,Bachelors,Married,>50K.
32,Self,HS-grad,Married,>50K.
26,Private,Bachelors,Never Married,<=50K.
39,Private,HS-grad,Divorced,<=50K.
28,Private,Some-college,Never Married,<=50K.
29,Private,11th,Divorced,<=50K.
43,Private,Assoc-voc,Married,<=50K.
23,Private,Some-college,Never Married,<=50K.
32,Private,Bachelors,Married,>50K.
33,Self,Some-college,Married,>50K.
45,Private,HS-grad,Divorced,<=50K.
48,Private,HS-grad,Divorced,<=50K.
43,Govt,Prof-school,Married,>50K.
50,Self,HS-grad,Married,>50K.
63,Private,Bachelors,Never Married,>50K.
55,Private,HS-grad,Married,>50K.
22,Private,Bachelors,Never Married,<=50K.
32,Self,HS-grad,Never Married,<=50K.
27,Private,Assoc-acdm,Married,<=50K.
22,Private,Bachelors,Never Married,<=50K.
44,Private,HS-grad,Divorced,<=50K.
34,Private,HS-grad,Separated,<=50K.
28,Private,HS-grad,Never Married,<=50K.
40,Private,Masters,Married,>50K.
45,Private,Some-college,Married,<=50K.
17,Private,10th,Never Married,<=50K.
53,Self,12th,Married,<=50K.
58,Private,Assoc-acdm,Married,>50K.
55,Self,HS-grad,Never Married,<=50K.
44,Govt,Assoc-voc,Never Married,<=50K.
40,Self,HS-grad,Married,<=50K.
58,Self,Masters,Married,<=50K.
38,Private,HS-grad,Married,>50K.
62,Private,9th,Never Married,<=50K.
31,Private,Assoc-voc,Married,<=50K.
31,Private,11th,Married,<=50K.
30,Private,HS-grad,Never Married,<=50K.
37,Private,HS-grad,Divorced,<=50K.
38,Govt,HS-grad,Never Married,<=50K.
58,Govt,12th,Married,<=50K.
30,Private,Bachelors,Married,>50K.
28,Private,Assoc-voc,Never Married,<=50K.
46,Private,Some-college,Divorced,<=50K.
34,Private,Bachelors,Never Married,<=50K.
39,Self,Some-college,Divorced,<=50K.
61,Self,Some-college,Widowed,<=50K.
30,Self,Assoc-voc,Divorced,<=50K.
31,Private,HS-grad,Separated,<=50K.
21,Private,HS-grad,Never Married,<=50K.
50,Private,HS-grad,Married,<=50K.
47,Private,HS-grad,Never Married,<=50K.
20,Private,HS-grad,Never Married,<=50K.
23,Private,Bachelors,Never Married,<=50K.
46,Private,1st-4th,Separated,<=50K.
20,Private,HS-grad,Never Married,<=50K.
33,Private,Bachelors,Married,>50K.
30,Private,Some-college,Never Married,<=50K.
43,Govt,Some-college,Divorced,<=50K.
23,Private,Some-college,Never Married,<=50K.
34,Private,Bachelors,Married,>50K.
25,Private,Some-college,Never Married,<=50K.
50,Private,HS-grad,Married,>50K.
44,Private,Masters,Married,>50K.
26,Private,Some-college,Divorced,<=50K.
35,Private,Doctorate,Never Married,>50K.
48,Self,HS-grad,Divorced,<=50K.
26,Private,HS-grad,Never Married,<=50K.
41,Govt,Masters,Divorced,<=50K.
25,Private,Bachelors,Never Married,<=50K.
33,Private,Assoc-voc,Never Married,<=50K.
24,Private,Bachelors,Married,<=50K.
31,Private,Bachelors,Married,<=50K.
24,Govt,Assoc-acdm,Never Married,<=50K.
41,Private,9th,Never Married,<=50K.
38,Govt,Some-college,Married,<=50K.
19,Private,HS-grad,Never Married,<=50K.
19,Private,HS-grad,Never Married,<=50K.
24,Private,HS-grad,Never Married,<=50K.
59,NA,Bachelors,Married,<=50K.
67,Private,Masters,Married,>50K.
49,Private,10th,Divorced,<=50K.
35,Private,Assoc-voc,Married,>50K.
44,Private,Some-college,Married,>50K.
58,NA,Some-college,Married,>50K.
22,Private,Assoc-acdm,Never Married,<=50K.
21,Govt,Some-college,Never Married,<=50K.
50,Private,Some-college,Married,<=50K.
44,Govt,Assoc-acdm,Married,<=50K.
36,Govt,Some-college,Married,<=50K.
30,Govt,Some-college,Married,>50K.
52,Private,HS-grad,Married,>50K.
35,Self,HS-grad,Married,<=50K.
48,Govt,Assoc-voc,Never Married,<=50K.
23,Private,HS-grad,Married,<=50K.
37,Private,Masters,Never Married,<=50K.
44,Self,Masters,Married,>50K.
44,Private,HS-grad,Married,>50K.
36,Private,Bachelors,Divorced,<=50K.
26,Govt,Some-college,Married,<=50K.
31,Self,Bachelors,Never Married,>50K.
23,NA,HS-grad,Never Married,<=50K.
29,Private,HS-grad,Married,<=50K.
53,Private,HS-grad,Widowed,<=50K.
52,Private,Assoc-voc,Married,<=50K.
55,Private,HS-grad,Married,>50K.
31,Private,10th,Married,<=50K.
19,NA,HS-grad,Never Married,<=50K.
64,NA,HS-grad,Widowed,<=50K.
55,Private,HS-grad,Married,<=50K.
48,Private,Masters,Married,>50K.
20,Private,HS-grad,Never Married,<=50K.
50,Govt,HS-grad,Married,>50K.
45,Self,Bachelors,Married,<=50K.
17,Private,10th,Never Married,<=50K.
38,Private,HS-grad,Divorced,<=50K.
43,Private,HS-grad,Divorced,>50K.
22,Private,HS-grad,Married,<=50K.
63,Private,HS-grad,Divorced,<=50K.
36,Private,Bachelors,Married,<=50K.
56,Private,Bachelors,Married,>50K.
43,Govt,Prof-school,Married,<=50K.
41,Private,Bachelors,Married,>50K.
41,Private,HS-grad,Divorced,<=50K.
36,Private,Bachelors,Divorced,<=50K.
59,Private,Doctorate,Married,>50K.
46,Govt,Assoc-acdm,Married,>50K.
23,Private,Bachelors,Never Married,<=50K.
46,Self,Some-college,Separated,<=50K.
53,Private,Bachelors,Married,>50K.
47,Private,HS-grad,Never Married,<=50K.
46,Govt,Masters,Never Married,<=50K.
47,Private,HS-grad,Married,>50K.
29,Private,HS-grad,Married,>50K.
32,Private,Assoc-voc,Divorced,<=50K.
90,Private,HS-grad,Married,<=50K.
63,Private,Bachelors,Married,<=50K.
23,Private,Assoc-voc,Never Married,<=50K.
76,NA,Bachelors,Married,<=50K.
23,Private,Assoc-voc,Never Married,<=50K.
44,Private,Some-college,Married,>50K.
81,Self,10th,Married,<=50K.
17,Private,10th,Never Married,<=50K.
56,Private,Assoc-voc,Married,>50K.
58,Govt,10th,Married,<=50K.
45,Private,Bachelors,Married,>50K.
25,Private,HS-grad,Married,<=50K.
36,Private,Bachelors,Married,>50K.
32,Private,Assoc-voc,Married,>50K.
25,Private,HS-grad,Never Married,<=50K.
29,Govt,Some-college,Married,>50K.
23,Private,HS-grad,Never Married,<=50K.
41,Private,Masters,Married,>50K.
48,Govt,Bachelors,Married,>50K.
29,Private,HS-grad,Married,<=50K.
27,NA,Masters,Never Married,<=50K.
55,Private,Some-college,Married,<=50K.
30,Private,11th,Married,<=50K.
45,Private,Some-college,Widowed,<=50K.
50,Private,HS-grad,Divorced,<=50K.
22,Private,HS-grad,Never Married,<=50K.
80,Govt,HS-grad,Widowed,<=50K.
30,Private,HS-grad,Married,<=50K.
20,Private,Some-college,Never Married,<=50K.
29,Self,HS-grad,Married,<=50K.
56,Private,Some-college,Married,<=50K.
63,Private,Bachelors,Married,<=50K.
20,Private,HS-grad,Never Married,<=50K.
38,Govt,HS-grad,Married,<=50K.
31,Private,HS-grad,Married,<=50K.
21,Private,Some-college,Never Married,<=50K.
47,Private,10th,Married,>50K.
25,Govt,Bachelors,Never Married,<=50K.
31,Private,Some-college,Separated,<=50K.
28,Private,HS-grad,Never Married,<=50K.
38,Private,HS-grad,Married,<=50K.
30,Govt,Bachelors,Married,<=50K.
39,Self,HS-grad,Married,>50K.
27,Private,Bachelors,Never Married,<=50K.
26,Private,Some-college,Never Married,<=50K.
47,Private,HS-grad,Never Married,<=50K.
27,Self,HS-grad,Never Married,<=50K.
43,Private,Some-college,Married,<=50K.
32,Govt,Bachelors,Never Married,<=50K.
20,Private,Some-college,Never Married,<=50K.
21,Govt,12th,Never Married,<=50K.
32,Private,Assoc-voc,Never Married,<=50K.
37,Private,Assoc-voc,Divorced,<=50K.
45,Private,HS-grad,Married,<=50K.
37,Self,Assoc-acdm,Married,>50K.
54,NA,9th,Divorced,<=50K.
24,Private,Bachelors,Never Married,<=50K.
28,NA,11th,Never Married,<=50K.
23,Private,Some-college,Never Married,<=50K.
54,NA,HS-grad,Married,<=50K.
40,Private,HS-grad,Married,>50K.
38,Private,Some-college,Married,>50K.
71,Private,10th,Married,<=50K.
51,Private,Some-college,Divorced,<=50K.
52,Self,Some-college,Never Married,<=50K.
30,Private,Bachelors,Never Married,<=50K.
34,Private,HS-grad,Married,>50K.
38,Private,10th,Divorced,<=50K.
43,Govt,Assoc-voc,Never Married,>50K.
43,Private,11th,Never Married,<=50K.
36,Govt,Some-college,Never Married,>50K.
24,Govt,Some-college,Never Married,<=50K.
29,NA,1st-4th,Never Married,<=50K.
55,Private,10th,Married,<=50K.
51,Private,Masters,Married,>50K.
43,Govt,HS-grad,Divorced,<=50K.
28,Private,HS-grad,Divorced,<=50K.
54,Private,Assoc-acdm,Married,<=50K.
47,Private,Some-college,Married,>50K.
47,Private,Bachelors,Married,>50K.
47,Private,Some-college,Married,>50K.
38,Private,Some-college,Never Married,<=50K.
60,Self,5th-6th,Married,<=50K.
19,Private,HS-grad,Never Married,<=50K.
22,Private,Some-college,Never Married,<=50K.
55,Govt,Masters,Married,>50K.
44,Private,Some-college,Separated,<=50K.
53,Self,1st-4th,Married,>50K.
44,Govt,Masters,Married,>50K.
28,Govt,Bachelors,Never Married,<=50K.
30,Govt,Some-college,Never Married,<=50K.
39,Govt,HS-grad,Never Married,<=50K.
43,Govt,HS-grad,Divorced,<=50K.
24,Private,Bachelors,Never Married,<=50K.
27,Govt,Assoc-voc,Never Married,<=50K.
64,Self,5th-6th,Married,<=50K.
41,Govt,Some-college,Married,>50K.
28,Private,HS-grad,Never Married,<=50K.
61,Private,HS-grad,Married,<=50K.
27,Private,11th,Divorced,<=50K.
49,Private,Some-college,Divorced,<=50K.
20,Private,Some-college,Married,<=50K.
41,Private,Bachelors,Never Married,<=50K.
28,Govt,HS-grad,Married,<=50K.
36,Private,HS-grad,Divorced,<=50K.
44,Self,Bachelors,Divorced,<=50K.
51,Private,Bachelors,Married,>50K.
40,Private,Some-college,Divorced,<=50K.
19,Private,HS-grad,Never Married,<=50K.
54,Private,Some-college,Married,<=50K.
55,Self,HS-grad,Divorced,<=50K.
57,Private,Assoc-voc,Widowed,<=50K.
29,Private,Some-college,Separated,<=50K.
51,Private,HS-grad,Divorced,<=50K.
44,Private,HS-grad,Divorced,<=50K.
35,Govt,Assoc-voc,Married,<=50K.
40,Private,HS-grad,Divorced,<=50K.
46,Private,7th-8th,Separated,<=50K.
25,Private,Some-college,Married,>50K.
33,Private,Bachelors,Never Married,<=50K.
32,Private,Some-college,Never Married,<=50K.
22,Private,HS-grad,Never Married,<=50K.
39,Private,Some-college,Married,<=50K.
18,Self,HS-grad,Never Married,<=50K.
43,Private,HS-grad,Divorced,<=50K.
46,Private,HS-grad,Never Married,<=50K.
63,Private,Some-college,Married,>50K.
40,NA,Some-college,Married,<=50K.
59,Private,Bachelors,Married,>50K.
40,Govt,Masters,Never Married,<=50K.
23,Private,HS-grad,Never Married,<=50K.
64,NA,HS-grad,Married,<=50K.
36,Private,Assoc-voc,Married,<=50K.
48,Private,HS-grad,Divorced,<=50K.
43,Private,Some-college,Married,>50K.
18,Private,10th,Never Married,<=50K.
17,Private,11th,Never Married,<=50K.
36,Private,Prof-school,Married,<=50K.
53,Private,HS-grad,Married,>50K.
36,Govt,Some-college,Divorced,<=50K.
20,Private,HS-grad,Never Married,<=50K.
22,Private,Bachelors,Never Married,<=50K.
34,Private,Bachelors,Married,>50K.
39,Private,11th,Divorced,<=50K.
57,Private,Some-college,Widowed,<=50K.
30,Private,10th,Divorced,<=50K.
37,Private,Prof-school,Married,>50K.
51,Private,HS-grad,Married,>50K.
38,Private,HS-grad,Never Married,<=50K.
34,Private,HS-grad,Never Married,<=50K.
47,Govt,HS-grad,Married,<=50K.
28,Self,HS-grad,Married,<=50K.
25,Private,10th,Never Married,<=50K.
25,Private,Some-college,Never Married,<=50K.
50,Private,Masters,Married,>50K.
50,Private,HS-grad,Married,>50K.
43,Private,Bachelors,Married,<=50K.
27,Private,HS-grad,Never Married,<=50K.
32,Private,HS-grad,Married,<=50K.
44,Private,10th,Never Married,<=50K.
19,Private,HS-grad,Never Married,<=50K.
53,Self,Some-college,Widowed,>50K.
21,Private,HS-grad,Never Married,<=50K.
26,Private,HS-grad,Never Married,<=50K.
68,Private,HS-grad,Married,<=50K.
31,Private,Some-college,Married,<=50K.
32,Private,Bachelors,Never Married,>50K.
33,Private,Masters,Never Married,<=50K.
49,NA,HS-grad,Never Married,<=50K.
24,Private,11th,Married,<=50K.
30,Private,HS-grad,Married,<=50K.
49,Private,HS-grad,Married,>50K.
18,Private,11th,Never Married,<=50K.
30,Govt,Some-college,Never Married,<=50K.
51,Private,HS-grad,Married,<=50K.
52,Private,Some-college,Married,<=50K.
52,Private,HS-grad,Divorced,<=50K.
23,Govt,HS-grad,Never Married,<=50K.
23,Self,10th,Never Married,<=50K.
36,Private,HS-grad,Married,<=50K.
19,Private,11th,Never Married,<=50K.
53,Self,HS-grad,Married,<=50K.
17,Private,11th,Never Married,<=50K.
69,Private,HS-grad,Widowed,<=50K.
46,Govt,Bachelors,Divorced,<=50K.
33,Private,HS-grad,Separated,<=50K.
40,Private,Some-college,Married,<=50K.
56,Private,Some-college,Married,<=50K.
29,Govt,Masters,Married,<=50K.
41,Private,Some-college,Divorced,<=50K.
22,Private,HS-grad,Married,<=50K.
28,Private,7th-8th,Married,<=50K.
31,Private,Bachelors,Married,<=50K.
35,Private,Bachelors,Never Married,<=50K.
38,Private,Some-college,Married,<=50K.
17,Private,10th,Never Married,<=50K.
39,Private,10th,Married,<=50K.
27,Self,Some-college,Never Married,<=50K.
50,Private,HS-grad,Never Married,<=50K.
56,Govt,HS-grad,Married,<=50K.
80,Self,HS-grad,Married,<=50K.
38,Self,Some-college,Married,<=50K.
52,Govt,HS-grad,Married,>50K.
26,Govt,Bachelors,Never Married,<=50K.
43,Private,HS-grad,Divorced,<=50K.
45,Private,Bachelors,Never Married,<=50K.
41,Self,Assoc-voc,Married,>50K.
30,Private,Assoc-acdm,Divorced,<=50K.
24,Private,Some-college,Married,<=50K.
43,Govt,Some-college,Divorced,<=50K.
44,Private,Bachelors,Married,>50K.
54,Private,HS-grad,Divorced,<=50K.
23,Private,Bachelors,Never Married,>50K.
33,Self,HS-grad,Married,>50K.
18,Private,11th,Never Married,<=50K.
38,Private,Some-college,Separated,<=50K.
41,Self,Assoc-voc,Married,<=50K.
22,NA,12th,Never Married,<=50K.
66,Self,7th-8th,Married,>50K.
70,NA,HS-grad,Married,<=50K.
58,Self,10th,Married,>50K.
60,Self,Masters,Divorced,<=50K.
24,Govt,10th,Never Married,<=50K.
61,Private,11th,Divorced,<=50K.
35,Govt,Bachelors,Married,<=50K.
19,Private,Some-college,Never Married,<=50K.
52,Private,HS-grad,Never Married,<=50K.
38,Self,Bachelors,Married,>50K.
39,Self,HS-grad,Married,<=50K.
33,Self,Bachelors,Married,<=50K.
52,Private,HS-grad,Divorced,<=50K.
41,Private,HS-grad,Separated,<=50K.
37,Private,Some-college,Married,<=50K.
38,Govt,Bachelors,Married,>50K.
27,Private,Some-college,Never Married,<=50K.
38,Private,Masters,Never Married,<=50K.
38,Self,Bachelors,Married,>50K.
49,Self,HS-grad,Married,>50K.
38,Private,Bachelors,Never Married,>50K.
22,Private,HS-grad,Never Married,<=50K.
40,Govt,Assoc-acdm,Married,>50K.
20,Private,HS-grad,Married,<=50K.
34,Govt,Doctorate,Never Married,<=50K.
24,Private,Masters,Never Married,<=50K.
58,Govt,Bachelors,Separated,>50K.
24,Private,Some-college,Never Married,<=50K.
43,Private,HS-grad,Never Married,<=50K.
38,Private,HS-grad,Never Married,<=50K.
42,Private,HS-grad,Married,<=50K.
27,Private,Some-college,Married,<=50K.
18,Private,10th,Never Married,<=50K.
37,Private,HS-grad,Never Married,>50K.
48,Private,HS-grad,Divorced,<=50K.
40,Private,7th-8th,Separated,<=50K.
50,Self,Bachelors,Married,>50K.
57,Private,HS-grad,Separated,<=50K.
36,Govt,Some-college,Married,>50K.
41,Private,HS-grad,Married,<=50K.
90,Private,7th-8th,Married,<=50K.
66,Private,7th-8th,Widowed,<=50K.
34,Self,HS-grad,Married,<=50K.
23,Private,HS-grad,Never Married,<=50K.
35,Private,HS-grad,Married,<=50K.
32,Private,HS-grad,Married,<=50K.
33,Private,Bachelors,Never Married,>50K.
32,Self,Assoc-voc,Married,<=50K.
31,Private,Some-college,Married,<=50K.
32,Self,Some-college,Married,<=50K.
40,Private,HS-grad,Married,<=50K.
27,Self,HS-grad,Never Married,<=50K.
34,Govt,HS-grad,Never Married,<=50K.
35,Private,Assoc-voc,Married,>50K.
29,Private,Some-college,Married,<=50K.
41,Private,HS-grad,Separated,<=50K.
33,Govt,Doctorate,Married,>50K.
22,NA,HS-grad,Married,<=50K.
52,Private,Bachelors,Married,>50K.
20,Private,HS-grad,Married,<=50K.
18,Govt,11th,Never Married,<=50K.
63,Private,Bachelors,Married,>50K.
49,Private,7th-8th,Divorced,<=50K.
58,Private,HS-grad,Married,<=50K.
23,Self,HS-grad,Divorced,<=50K.
59,Private,HS-grad,Married,>50K.
49,Self,Some-college,Married,<=50K.
23,Govt,Bachelors,Never Married,<=50K.
17,NA,10th,Never Married,<=50K.
20,Private,11th,Never Married,<=50K.
36,Private,Assoc-voc,Married,>50K.
64,Private,Some-college,Widowed,<=50K.
34,Private,Some-college,Never Married,<=50K.
63,Private,Assoc-acdm,Married,<=50K.
51,Private,HS-grad,Never Married,<=50K.
40,Govt,Some-college,Divorced,<=50K.
55,Private,9th,Married,<=50K.
35,Private,HS-grad,Divorced,<=50K.
30,Private,Bachelors,Never Married,<=50K.
47,NA,Bachelors,Married,<=50K.
29,Private,10th,Never Married,<=50K.
17,NA,11th,Never Married,<=50K.
32,Self,Prof-school,Married,>50K.
55,Private,Bachelors,Married,<=50K.
47,Govt,Some-college,Divorced,>50K.
50,Private,Bachelors,Divorced,<=50K.
42,Private,HS-grad,Married,>50K.
32,Self,Some-college,Married,>50K.
60,Private,Assoc-acdm,Married,<=50K.
53,Private,HS-grad,Married,<=50K.
58,Private,Bachelors,Widowed,>50K.
45,Private,Bachelors,Never Married,<=50K.
31,Private,HS-grad,Never Married,<=50K.
32,Self,HS-grad,Never Married,<=50K.
37,Private,Some-college,Divorced,<=50K.
28,Private,Some-college,Never Married,<=50K.
26,Private,12th,Never Married,<=50K.
47,Self,HS-grad,Married,>50K.
34,Private,Some-college,Married,>50K.
42,Private,HS-grad,Divorced,<=50K.
48,Private,Bachelors,Married,>50K.
32,Private,HS-grad,Never Married,<=50K.
35,Private,Assoc-voc,Married,>50K.
46,Govt,Doctorate,Married,>50K.
38,Private,Some-college,Married,<=50K.
49,NA,HS-grad,Married,<=50K.
35,Private,Bachelors,Married,>50K.
61,NA,HS-grad,Divorced,<=50K.
45,Private,Assoc-acdm,Divorced,<=50K.
31,Private,Bachelors,Never Married,<=50K.
52,Self,Some-college,Married,>50K.
20,Private,Some-college,Never Married,<=50K.
64,NA,11th,Married,<=50K.
20,NA,Some-college,Never Married,<=50K.
24,Private,Masters,Never Married,<=50K.
29,Private,Assoc-voc,Married,>50K.
23,Private,Bachelors,Never Married,<=50K.
34,Govt,HS-grad,Married,<=50K.
54,Private,Masters,Widowed,<=50K.
21,Private,Some-college,Never Married,<=50K.
23,Private,Bachelors,Never Married,<=50K.
79,Private,7th-8th,Widowed,<=50K.
55,Private,Masters,Married,>50K.
42,NA,HS-grad,Married,<=50K.
60,Private,HS-grad,Divorced,<=50K.
37,Private,Assoc-acdm,Divorced,<=50K.
47,Private,HS-grad,Divorced,<=50K.
20,Govt,Some-college,Never Married,<=50K.
53,Private,Bachelors,Never Married,<=50K.
34,Private,HS-grad,Married,<=50K.
43,Private,Some-college,Divorced,<=50K.
24,Self,Some-college,Married,<=50K.
23,Private,HS-grad,Never Married,<=50K.
29,Private,Assoc-voc,Never Married,<=50K.
58,Private,Some-college,Divorced,<=50K.
55,NA,Assoc-acdm,Married,>50K.
40,Private,Masters,Never Married,<=50K.
43,Govt,Some-college,Married,<=50K.
25,Govt,Masters,Never Married,<=50K.
23,Govt,Bachelors,Never Married,<=50K.
34,Self,HS-grad,Married,<=50K.
26,Private,Some-college,Separated,<=50K.
60,Private,Doctorate,Never Married,>50K.
39,Private,HS-grad,Married,>50K.
21,Private,HS-grad,Never Married,<=50K.
45,Private,HS-grad,Married,<=50K.
33,Private,Some-college,Never Married,<=50K.
26,Private,Bachelors,Never Married,>50K.
39,Private,Some-college,Divorced,<=50K.
29,Private,Assoc-acdm,Never Married,>50K.
29,NA,Some-college,Never Married,<=50K.
52,Private,11th,Married,<=50K.
34,Private,Bachelors,Married,>50K.
24,Private,HS-grad,Never Married,<=50K.
77,Self,Doctorate,Married,>50K.
34,Self,Masters,Married,<=50K.
53,Self,9th,Married,<=50K.
31,Private,HS-grad,Separated,<=50K.
58,Private,HS-grad,Divorced,<=50K.
50,Self,Masters,Married,>50K.
32,Private,HS-grad,Married,<=50K.
57,Private,HS-grad,Divorced,<=50K.
32,Private,HS-grad,Never Married,<=50K.
77,Private,9th,Married,<=50K.
37,Self,Some-college,Never Married,<=50K.
51,Private,HS-grad,Married,<=50K.
33,Self,Assoc-acdm,Divorced,<=50K.
53,Govt,HS-grad,Married,<=50K.
32,Private,HS-grad,Divorced,<=50K.
30,Private,Some-college,Married,<=50K.
19,Private,Some-college,Never Married,<=50K.
33,Private,Bachelors,Married,<=50K.
31,Private,Assoc-voc,Never Married,<=50K.
28,Private,Some-college,Never Married,<=50K.
19,Private,12th,Never Married,<=50K.
27,Private,HS-grad,Married,<=50K.
21,Private,5th-6th,Married,<=50K.
24,Private,Bachelors,Never Married,<=50K.
46,Private,HS-grad,Divorced,<=50K.
31,Private,Bachelors,Never Married,<=50K.
60,Private,Some-college,Married,>50K.
21,Private,10th,Separated,<=50K.
38,NA,11th,Never Married,<=50K.
31,Private,Assoc-voc,Divorced,<=50K.
26,Private,Bachelors,Married,>50K.
46,Private,HS-grad,Divorced,<=50K.
25,Self,HS-grad,Married,>50K.
23,Govt,Some-college,Never Married,<=50K.
53,Self,Masters,Married,>50K.
42,NA,Masters,Married,>50K.
29,Private,HS-grad,Married,<=50K.
45,Private,Some-college,Married,>50K.
70,Private,Bachelors,Divorced,<=50K.
55,Self,Bachelors,Married,>50K.
40,Govt,Doctorate,Married,>50K.
17,Private,10th,Never Married,<=50K.
18,Private,HS-grad,Never Married,<=50K.
34,Private,Masters,Never Married,>50K.
41,Private,Some-college,Divorced,<=50K.
28,Private,Bachelors,Never Married,<=50K.
23,Govt,HS-grad,Never Married,<=50K.
32,Private,Some-college,Never Married,<=50K.
56,Private,7th-8th,Married,<=50K.
36,Private,HS-grad,Divorced,<=50K.
26,Private,HS-grad,Never Married,<=50K.
62,Private,Bachelors,Widowed,<=50K.
35,Private,Assoc-acdm,Divorced,<=50K.
25,Govt,Bachelors,Never Married,<=50K.
28,Private,HS-grad,Married,<=50K.
21,Private,Some-college,Never Married,<=50K.
31,Private,10th,Married,<=50K.
23,Private,Assoc-acdm,Never Married,<=50K.
58,Self,Bachelors,Married,>50K.
55,Govt,Masters,Married,>50K.
54,Private,HS-grad,Married,<=50K.
33,Private,HS-grad,Married,<=50K.
28,Private,11th,Married,>50K.
40,Private,11th,Married,<=50K.
33,Self,Bachelors,Married,>50K.
27,Private,Prof-school,Never Married,<=50K.
55,Private,HS-grad,Divorced,<=50K.
53,Private,HS-grad,Separated,<=50K.
23,Private,12th,Never Married,<=50K.
66,Private,HS-grad,Widowed,<=50K.
34,Self,Assoc-voc,Married,>50K.
39,Private,10th,Divorced,<=50K.
21,Private,Some-college,Never Married,<=50K.
26,Private,Some-college,Married,<=50K.
21,Private,HS-grad,Never Married,<=50K.
59,Private,HS-grad,Married,<=50K.
61,Private,10th,Married,<=50K.
30,Private,Bachelors,Married,>50K.
22,Private,Assoc-voc,Married,<=50K.
47,Private,HS-grad,Divorced,<=50K.
50,Private,HS-grad,Divorced,<=50K.
67,Private,Bachelors,Divorced,<=50K.
59,Govt,10th,Married,<=50K.
35,Private,Assoc-acdm,Never Married,>50K.
56,Self,Some-college,Married,>50K.
28,Private,HS-grad,Never Married,<=50K.
34,Private,HS-grad,Divorced,<=50K.
63,Private,10th,Widowed,<=50K.
48,Private,Some-college,Married,<=50K.
41,Govt,Some-college,Married,>50K.
26,Private,Some-college,Never Married,<=50K.
47,Private,10th,Married,<=50K.
29,Self,Assoc-voc,Married,<=50K.
30,Private,HS-grad,Never Married,<=50K.
19,Private,HS-grad,Never Married,<=50K.
27,Private,Bachelors,Never Married,<=50K.
59,Self,HS-grad,Married,<=50K.
19,Private,HS-grad,Never Married,<=50K.
45,Private,9th,Married,<=50K.
37,Private,HS-grad,Never Married,<=50K.
44,Govt,Doctorate,Married,<=50K.
34,Govt,Bachelors,Married,<=50K.
30,Private,Bachelors,Never Married,<=50K.
30,Private,Bachelors,Married,>50K.
56,Private,11th,Separated,<=50K.
19,Private,HS-grad,Never Married,<=50K.
37,Private,7th-8th,Married,<=50K.
45,Private,Masters,Married,>50K.
21,Private,Some-college,Never Married,<=50K.
34,Self,HS-grad,Married,<=50K.
27,Private,Bachelors,Married,<=50K.
44,Govt,Masters,Never Married,<=50K.
33,Private,Bachelors,Never Married,<=50K.
32,Private,Some-college,Never Married,<=50K.
37,Private,Some-college,Married,<=50K.
26,Private,Bachelors,Never Married,<=50K.
49,Private,HS-grad,Married,<=50K.
20,Private,Some-college,Never Married,<=50K.
37,Private,Some-college,Married,<=50K.
22,Private,5th-6th,Married,<=50K.
44,Private,Bachelors,Never Married,<=50K.
30,Govt,HS-grad,Married,<=50K.
55,Govt,HS-grad,Married,<=50K.
36,Private,11th,Married,<=50K.
29,Private,12th,Never Married,<=50K.
19,NA,Some-college,Never Married,<=50K.
45,Govt,Assoc-voc,Married,<=50K.
38,Self,Bachelors,Married,>50K.
42,Private,Some-college,Never Married,<=50K.
27,Private,Assoc-voc,Never Married,<=50K.
20,Private,Some-college,Never Married,<=50K.
43,Private,Bachelors,Married,<=50K.
21,Private,HS-grad,Never Married,<=50K.
33,Private,Bachelors,Never Married,<=50K.
36,Self,HS-grad,Married,>50K.
34,Private,12th,Married,<=50K.
72,Private,7th-8th,Widowed,<=50K.
54,Private,Some-college,Married,>50K.
30,Private,HS-grad,Married,>50K.
63,Private,HS-grad,Married,<=50K.
36,Private,Bachelors,Married,>50K.
25,Private,Bachelors,Never Married,<=50K.
72,NA,Assoc-acdm,Widowed,<=50K.
55,Private,HS-grad,Divorced,<=50K.
44,Private,Some-college,Married,>50K.
41,Private,HS-grad,Never Married,<=50K.
20,NA,Some-college,Never Married,<=50K.
47,Private,Assoc-acdm,Married,>50K.
71,NA,Some-college,Married,<=50K.
41,Private,Bachelors,Never Married,>50K.
35,Private,HS-grad,Married,<=50K.
18,Private,HS-grad,Never Married,<=50K.
23,Private,HS-grad,Divorced,<=50K.
57,Private,Bachelors,Married,<=50K.
56,Self,1st-4th,Never Married,<=50K.
25,Self,Some-college,Never Married,<=50K.
64,NA,Assoc-voc,Married,<=50K.
35,Self,Bachelors,Never Married,<=50K.
61,Private,Assoc-voc,Married,<=50K.
36,Govt,Bachelors,Divorced,<=50K.
18,Private,12th,Never Married,<=50K.
21,Private,Some-college,Married,<=50K.
43,NA,Assoc-acdm,Divorced,<=50K.
32,Govt,HS-grad,Married,<=50K.
52,Private,12th,Married,>50K.
48,Private,HS-grad,Married,<=50K.
40,Private,Bachelors,Divorced,<=50K.
35,Private,HS-grad,Married,>50K.
22,NA,Some-college,Separated,<=50K.
42,Private,HS-grad,Divorced,<=50K.
60,NA,7th-8th,Widowed,<=50K.
34,Private,Some-college,Married,<=50K.
27,Private,Assoc-acdm,Married,<=50K.
47,Self,Bachelors,Never Married,<=50K.
65,Self,9th,Married,<=50K.
61,Self,Masters,Widowed,<=50K.
18,Private,Some-college,Never Married,<=50K.
49,NA,HS-grad,Married,<=50K.
48,Private,Doctorate,Married,>50K.
26,Private,Some-college,Never Married,<=50K.
30,Private,Bachelors,Never Married,<=50K.
68,Self,HS-grad,Married,>50K.
23,Private,HS-grad,Married,<=50K.
65,Self,HS-grad,Married,<=50K.
32,Private,Bachelors,Married,<=50K.
44,Private,Masters,Married,>50K.
48,Govt,Masters,Married,>50K.
24,Private,Assoc-voc,Never Married,<=50K.
58,Private,Some-college,Never Married,<=50K.
32,Govt,Some-college,Married,<=50K.
54,Private,Masters,Divorced,>50K.
35,Private,Masters,Never Married,>50K.
35,Private,Assoc-acdm,Divorced,<=50K.
24,Private,HS-grad,Never Married,<=50K.
50,Private,HS-grad,Married,>50K.
38,Self,HS-grad,Separated,<=50K.
57,Govt,HS-grad,Married,>50K.
38,Private,Some-college,Never Married,<=50K.
49,Private,HS-grad,Never Married,<=50K.
25,Private,Bachelors,Never Married,<=50K.
56,Private,Some-college,Married,<=50K.
32,Private,11th,Divorced,<=50K.
22,Private,Bachelors,Never Married,<=50K.
23,NA,Some-college,Never Married,<=50K.
33,Private,HS-grad,Married,<=50K.
42,Private,Some-college,Divorced,<=50K.
62,Self,HS-grad,Married,<=50K.
24,NA,9th,Never Married,<=50K.
26,Govt,Bachelors,Never Married,<=50K.
46,Private,Some-college,Divorced,>50K.
33,Private,Bachelors,Separated,>50K.
65,NA,HS-grad,Married,>50K.
65,Unemp,HS-grad,Married,<=50K.
46,Private,Some-college,Married,>50K.
43,Govt,Assoc-voc,Divorced,<=50K.
43,Private,HS-grad,Married,>50K.
35,Private,10th,Married,<=50K.
48,Private,HS-grad,Widowed,<=50K.
55,Govt,Bachelors,Married,>50K.
45,Private,Assoc-voc,Married,<=50K.
56,Private,Bachelors,Married,<=50K.
59,Govt,Masters,Never Married,<=50K.
56,Govt,HS-grad,Married,<=50K.
21,Private,HS-grad,Never Married,<=50K.
26,Private,11th,Married,<=50K.
38,Private,HS-grad,Never Married,<=50K.
27,Private,Some-college,Never Married,<=50K.
48,Self,7th-8th,Married,>50K.
37,Govt,Masters,Married,>50K.
63,Self,HS-grad,Married,<=50K.
27,Govt,HS-grad,Never Married,>50K.
20,Private,Some-college,Never Married,<=50K.
26,Private,Masters,Married,>50K.
21,NA,10th,Never Married,<=50K.
51,Self,Assoc-acdm,Married,<=50K.
28,Private,Assoc-acdm,Married,>50K.
39,Private,Assoc-voc,Divorced,<=50K.
35,Private,Masters,Married,>50K.
21,NA,Some-college,Never Married,<=50K.
65,Private,7th-8th,Married,<=50K.
54,Govt,Assoc-voc,Married,<=50K.
39,Private,7th-8th,Never Married,<=50K.
24,Private,Some-college,Never Married,<=50K.
36,Private,Bachelors,Never Married,<=50K.
70,NA,Some-college,Married,>50K.
52,Private,HS-grad,Divorced,>50K.
64,Private,HS-grad,Married,<=50K.
43,Private,Some-college,Divorced,<=50K.
44,Private,Assoc-voc,Never Married,<=50K.
47,Govt,HS-grad,Separated,<=50K.
32,Private,12th,Married,<=50K.
20,Private,Some-college,Never Married,<=50K.
33,Private,Some-college,Never Married,<=50K.
52,Private,HS-grad,Divorced,<=50K.
49,Private,7th-8th,Married,<=50K.
31,Private,HS-grad,Married,<=50K.
62,Self,HS-grad,Never Married,<=50K.
44,Private,Some-college,Divorced,<=50K.
28,Govt,HS-grad,Married,<=50K.
68,Govt,Masters,Widowed,>50K.
40,Govt,Some-college,Never Married,<=50K.
46,Private,7th-8th,Never Married,<=50K.
22,Private,HS-grad,Never Married,<=50K.
37,Self,Bachelors,Divorced,<=50K.
62,Private,Masters,Never Married,<=50K.
37,Private,Bachelors,Married,>50K.
35,Private,HS-grad,Never Married,>50K.
44,Private,HS-grad,Married,<=50K.
41,Private,Assoc-voc,Married,>50K.
36,Govt,Bachelors,Divorced,<=50K.
26,Private,Bachelors,Divorced,<=50K.
48,Govt,HS-grad,Married,>50K.
21,Private,HS-grad,Never Married,<=50K.
39,Private,Prof-school,Married,>50K.
38,Private,Assoc-voc,Divorced,>50K.
44,Private,Assoc-voc,Married,>50K.
56,Private,10th,Married,>50K.
25,Private,9th,Never Married,<=50K.
32,Govt,Bachelors,Never Married,<=50K.
47,Private,Some-college,Never Married,>50K.
26,Private,Some-college,Never Married,<=50K.
31,Private,Bachelors,Never Married,>50K.
23,Private,Assoc-voc,Never Married,<=50K.
41,Govt,Some-college,Divorced,>50K.
55,Self,Some-college,Married,<=50K.
23,Private,Some-college,Divorced,<=50K.
45,Private,HS-grad,Married,>50K.
42,Govt,Bachelors,Married,<=50K.
29,Private,Some-college,Never Married,<=50K.
48,Private,Masters,Married,<=50K.
36,Private,Some-college,Divorced,<=50K.
52,Self,Bachelors,Married,>50K.
46,Private,Assoc-voc,Divorced,<=50K.
34,Private,Some-college,Never Married,<=50K.
27,Govt,Assoc-acdm,Never Married,<=50K.
18,Private,HS-grad,Never Married,<=50K.
18,Private,Some-college,Never Married,<=50K.
42,Private,7th-8th,Married,<=50K.
64,NA,Some-college,Married,<=50K.
36,Private,Masters,Married,>50K.
20,NA,11th,Never Married,<=50K.
52,Self,Prof-school,Married,>50K.
44,Self,Bachelors,Married,>50K.
53,Private,Some-college,Married,>50K.
36,Private,Bachelors,Married,>50K.
27,Private,Bachelors,Never Married,<=50K.
52,Private,HS-grad,Married,<=50K.
60,Self,Masters,Married,<=50K.
41,Private,Assoc-acdm,Married,>50K.
64,Self,Prof-school,Married,>50K.
25,Private,1st-4th,Never Married,<=50K.
63,Private,7th-8th,Married,<=50K.
54,Govt,Assoc-voc,Divorced,<=50K.
21,Private,HS-grad,Never Married,<=50K.
27,Private,Bachelors,Never Married,<=50K.
63,Self,Masters,Married,<=50K.
37,Private,HS-grad,Divorced,<=50K.
22,Private,HS-grad,Never Married,<=50K.
54,Private,7th-8th,Married,<=50K.
54,Private,10th,Divorced,<=50K.
60,Govt,HS-grad,Married,<=50K.
19,Private,11th,Never Married,<=50K.
25,Govt,HS-grad,Divorced,<=50K.
51,Govt,HS-grad,Married,<=50K.
47,Govt,HS-grad,Never Married,<=50K.
44,Self,10th,Never Married,<=50K.
18,NA,Some-college,Never Married,<=50K.
57,Private,HS-grad,Widowed,<=50K.
22,Private,Some-college,Never Married,<=50K.
36,Govt,Some-college,Divorced,<=50K.
33,NA,HS-grad,Married,<=50K.
39,Private,Some-college,Married,<=50K.
49,Private,Doctorate,Married,>50K.
41,Private,HS-grad,Married,<=50K.
35,Private,Some-college,Married,<=50K.
40,Self,Assoc-acdm,Divorced,<=50K.
30,Private,Bachelors,Never Married,<=50K.
25,Private,HS-grad,Never Married,<=50K.
25,Private,Some-college,Married,>50K.
37,Private,Masters,Married,>50K.
53,Self,Prof-school,Divorced,>50K.
34,Self,Assoc-acdm,Never Married,<=50K.
22,Private,HS-grad,Never Married,<=50K.
18,Private,HS-grad,Never Married,<=50K.
52,NA,Masters,Married,>50K.
45,Private,HS-grad,Divorced,<=50K.
19,Private,Some-college,Never Married,<=50K.
33,Self,Bachelors,Married,<=50K.
45,Govt,Some-college,Married,<=50K.
43,Govt,Bachelors,Married,>50K.
40,Private,HS-grad,Married,<=50K.
41,Self,Bachelors,Married,>50K.
25,Private,HS-grad,Married,<=50K.
22,Private,Bachelors,Never Married,<=50K.
52,Private,Some-college,Never Married,<=50K.
45,Govt,Some-college,Married,>50K.
32,Govt,Doctorate,Never Married,<=50K.
26,Private,Bachelors,Never Married,<=50K.
24,Private,Some-college,Divorced,<=50K.
37,Private,HS-grad,Divorced,<=50K.
49,Private,HS-grad,Divorced,<=50K.
43,Govt,Masters,Married,<=50K.
35,Private,HS-grad,Never Married,<=50K.
37,Private,Prof-school,Married,>50K.
17,Private,11th,Never Married,<=50K.
48,Private,HS-grad,Married,>50K.
40,NA,Masters,Divorced,<=50K.
26,Private,Some-college,Never Married,<=50K.
35,Private,Bachelors,Married,>50K.
21,Private,Some-college,Never Married,<=50K.
54,Private,10th,Divorced,<=50K.
40,Private,Bachelors,Divorced,<=50K.
51,Private,Some-college,Separated,<=50K.
60,Self,HS-grad,Married,<=50K.
22,Private,Some-college,Never Married,<=50K.
20,Private,HS-grad,Never Married,<=50K.
21,Private,11th,Never Married,<=50K.
21,Private,Some-college,Never Married,<=50K.
43,Private,Some-college,Divorced,<=50K.
36,Private,Bachelors,Married,>50K.
65,Govt,HS-grad,Married,>50K.
48,Private,HS-grad,Married,>50K.
37,Private,Masters,Separated,>50K.
20,Private,12th,Never Married,<=50K.
41,Govt,HS-grad,Divorced,<=50K.
55,Self,9th,Married,<=50K.
39,Govt,Bachelors,Divorced,<=50K.
41,Govt,Some-college,Married,>50K.
80,Private,Assoc-voc,Married,<=50K.
59,Govt,10th,Married,<=50K.
52,Private,11th,Married,>50K.
39,Private,Bachelors,Married,>50K.
56,Self,Some-college,Married,<=50K.
69,Govt,HS-grad,Widowed,<=50K.
49,Private,Bachelors,Married,>50K.
33,Private,HS-grad,Married,<=50K.
28,Self,HS-grad,Married,>50K.
49,Private,Some-college,Married,>50K.
51,Govt,HS-grad,Married,<=50K.
42,Private,Some-college,Divorced,<=50K.
66,Private,HS-grad,Widowed,<=50K.
44,Private,Assoc-voc,Separated,>50K.
26,Private,HS-grad,Divorced,<=50K.
43,Private,Some-college,Divorced,<=50K.
28,Private,10th,Never Married,<=50K.
25,NA,Bachelors,Never Married,<=50K.
17,Private,11th,Never Married,<=50K.
52,Private,Bachelors,Married,>50K.
34,NA,HS-grad,Separated,<=50K.
24,Private,Some-college,Never Married,<=50K.
41,NA,Bachelors,Married,<=50K.
65,Private,Some-college,Widowed,<=50K.
36,Self,Some-college,Married,>50K.
19,Private,HS-grad,Never Married,<=50K.
43,Private,Some-college,Married,<=50K.
39,Govt,Masters,Married,>50K.
48,Private,11th,Married,>50K.
50,Govt,Assoc-voc,Married,>50K.
21,Private,Some-college,Never Married,<=50K.
36,Private,HS-grad,Never Married,<=50K.
33,Private,HS-grad,Married,<=50K.
50,Govt,Bachelors,Married,<=50K.
49,Govt,Masters,Married,>50K.
34,Private,Bachelors,Never Married,<=50K.
70,Self,Doctorate,Married,>50K.
39,Private,HS-grad,Divorced,<=50K.
44,Private,Some-college,Divorced,<=50K.
32,Private,Bachelors,Married,>50K.
40,Private,9th,Never Married,<=50K.
46,Private,HS-grad,Married,>50K.
21,NA,Some-college,Never Married,<=50K.
40,Private,Bachelors,Married,>50K.
47,Private,11th,Divorced,<=50K.
19,Private,HS-grad,Never Married,<=50K.
22,Private,Some-college,Never Married,<=50K.
20,Private,Some-college,Never Married,<=50K.
46,Govt,Bachelors,Divorced,>50K.
41,Private,Bachelors,Married,>50K.
17,Private,10th,Never Married,<=50K.
41,Private,HS-grad,Married,<=50K.
28,Private,HS-grad,Separated,<=50K.
20,NA,Some-college,Never Married,<=50K.
24,Private,HS-grad,Never Married,<=50K.
33,Private,Some-college,Married,<=50K.
44,Govt,Some-college,Married,>50K.
26,Self,HS-grad,Never Married,<=50K.
47,Self,Assoc-voc,Married,>50K.
24,Private,HS-grad,Married,<=50K.
58,Govt,Bachelors,Married,>50K.
41,Private,HS-grad,Married,<=50K.
38,Self,7th-8th,Married,>50K.
21,Private,Some-college,Never Married,<=50K.
33,Private,Some-college,Never Married,<=50K.
23,NA,Some-college,Never Married,<=50K.
40,Private,10th,Divorced,<=50K.
47,Govt,HS-grad,Divorced,<=50K.
41,Private,Bachelors,Divorced,<=50K.
38,Private,Bachelors,Married,<=50K.
50,Private,7th-8th,Divorced,<=50K.
45,Private,HS-grad,Married,<=50K.
65,NA,Bachelors,Married,>50K.
33,Private,HS-grad,Never Married,<=50K.
34,Govt,Assoc-acdm,Never Married,<=50K.
65,Private,Masters,Divorced,<=50K.
24,Private,11th,Never Married,<=50K.
26,Private,Bachelors,Never Married,<=50K.
55,Private,HS-grad,Divorced,<=50K.
66,Private,Bachelors,Divorced,<=50K.
43,Govt,Bachelors,Married,<=50K.
37,Private,Bachelors,Never Married,<=50K.
22,Private,HS-grad,Married,<=50K.
21,Private,11th,Married,<=50K.
69,NA,Prof-school,Married,<=50K.
27,Private,Masters,Never Married,<=50K.
48,Private,HS-grad,Married,>50K.
24,Private,Bachelors,Never Married,<=50K.
18,Unemp,11th,Never Married,<=50K.
53,Govt,HS-grad,Widowed,<=50K.
26,Private,HS-grad,Married,<=50K.
60,Private,Some-college,Married,>50K.
21,Private,Some-college,Never Married,<=50K.
39,Private,5th-6th,Married,<=50K.
45,Private,Some-college,Married,>50K.
76,Self,HS-grad,Married,<=50K.
19,Private,Some-college,Never Married,<=50K.
34,Private,Some-college,Married,>50K.
54,Private,Some-college,Divorced,<=50K.
23,Private,Bachelors,Never Married,<=50K.
44,Govt,7th-8th,Divorced,<=50K.
27,Private,Some-college,Divorced,<=50K.
23,Private,12th,Never Married,<=50K.
37,Self,HS-grad,Married,<=50K.
41,Private,HS-grad,Married,>50K.
21,Govt,Some-college,Never Married,<=50K.
37,Govt,HS-grad,Married,>50K.
63,Private,HS-grad,Never Married,<=50K.
35,Private,11th,Married,<=50K.
47,Private,9th,Married,<=50K.
41,Private,Some-college,Never Married,<=50K.
50,Self,HS-grad,Divorced,<=50K.
26,Self,HS-grad,Never Married,<=50K.
36,Govt,Some-college,Married,>50K.
47,Private,Some-college,Married,>50K.
51,Private,Some-college,Divorced,<=50K.
41,Private,HS-grad,Divorced,<=50K.
40,Private,Prof-school,Married,>50K.
32,Private,Bachelors,Married,<=50K.
37,Govt,Bachelors,Married,>50K.
40,Self,Bachelors,Divorced,<=50K.
56,Private,Bachelors,Married,<=50K.
50,Private,HS-grad,Married,<=50K.
28,Private,9th,Married,<=50K.
28,Private,HS-grad,Married,<=50K.
19,Self,11th,Never Married,<=50K.
44,Private,HS-grad,Married,<=50K.
42,Self,Prof-school,Divorced,>50K.
47,Private,Some-college,Married,>50K.
31,Private,Some-college,Married,<=50K.
61,Private,11th,Married,>50K.
21,Private,Some-college,Never Married,<=50K.
26,Private,Bachelors,Married,>50K.
58,Private,HS-grad,Married,>50K.
35,Private,Bachelors,Married,<=50K.
35,Private,Assoc-voc,Never Married,<=50K.
29,Govt,Assoc-acdm,Never Married,<=50K.
40,Private,Masters,Married,>50K.
33,Private,Bachelors,Married,>50K.
38,Self,Some-college,Divorced,<=50K.
50,Self,Assoc-voc,Never Married,<=50K.
66,Private,Some-college,Married,>50K.
36,Govt,Some-college,Married,>50K.
33,Private,11th,Never Married,<=50K.
55,Govt,Masters,Married,>50K.
46,Private,HS-grad,Married,<=50K.
36,Private,Assoc-acdm,Never Married,<=50K.
41,NA,12th,Divorced,<=50K.
30,Private,HS-grad,Divorced,<=50K.
29,Private,12th,Never Married,<=50K.
60,NA,Some-college,Widowed,<=50K.
24,Private,HS-grad,Separated,<=50K.
42,Self,Some-college,Separated,<=50K.
26,Private,HS-grad,Separated,<=50K.
37,Private,Bachelors,Married,<=50K.
27,Private,5th-6th,Never Married,<=50K.
26,Private,HS-grad,Married,<=50K.
23,Private,Assoc-voc,Never Married,<=50K.
60,Private,Masters,Married,>50K.
49,Govt,HS-grad,Divorced,<=50K.
46,Private,Some-college,Married,<=50K.
21,Private,HS-grad,Never Married,<=50K.
48,Self,Prof-school,Married,<=50K.
70,Self,9th,Divorced,<=50K.
44,Govt,Masters,Never Married,<=50K.
58,Private,Bachelors,Married,<=50K.
41,Private,Assoc-acdm,Divorced,<=50K.
54,Private,7th-8th,Divorced,<=50K.
42,Self,Masters,Divorced,>50K.
28,Private,10th,Divorced,<=50K.
65,Private,11th,Married,<=50K.
35,Self,HS-grad,Married,<=50K.
82,Private,5th-6th,Widowed,<=50K.
48,Self,Some-college,Married,>50K.
44,Private,Doctorate,Married,>50K.
68,Private,Masters,Never Married,<=50K.
42,Private,HS-grad,Married,<=50K.
24,Private,HS-grad,Never Married,<=50K.
54,Private,Some-college,Married,<=50K.
22,Private,Some-college,Never Married,<=50K.
43,Self,Some-college,Married,<=50K.
17,Private,9th,Never Married,<=50K.
46,Self,HS-grad,Divorced,<=50K.
59,Private,Some-college,Married,>50K.
37,Private,HS-grad,Married,<=50K.
70,NA,HS-grad,Married,<=50K.
57,Self,HS-grad,Married,>50K.
47,NA,HS-grad,Married,<=50K.
31,Private,HS-grad,Never Married,<=50K.
23,Private,HS-grad,Never Married,<=50K.
17,Private,12th,Never Married,<=50K.
63,Private,Preschool,Married,<=50K.
44,Private,Prof-school,Divorced,>50K.
30,Private,Prof-school,Married,>50K.
23,Private,Some-college,Never Married,<=50K.
44,Private,Masters,Married,>50K.
24,Private,Some-college,Never Married,<=50K.
34,Private,Some-college,Never Married,<=50K.
37,Private,Some-college,Married,<=50K.
24,Private,11th,Never Married,<=50K.
32,Private,HS-grad,Divorced,<=50K.
42,Self,HS-grad,Married,<=50K.
20,Private,Some-college,Never Married,<=50K.
34,Govt,Some-college,Married,>50K.
37,Private,Some-college,Never Married,<=50K.
47,Govt,HS-grad,Divorced,<=50K.
25,Private,9th,Never Married,<=50K.
36,Self,HS-grad,Married,>50K.
60,Private,HS-grad,Married,<=50K.
64,Self,HS-grad,Married,<=50K.
32,Govt,Bachelors,Married,<=50K.
33,Govt,10th,Married,<=50K.
71,Private,Bachelors,Never Married,<=50K.
55,Govt,Some-college,Divorced,<=50K.
85,Self,HS-grad,Widowed,<=50K.
57,Self,7th-8th,Married,<=50K.
39,Private,Prof-school,Married,>50K.
25,Private,Some-college,Never Married,<=50K.
58,Private,Some-college,Married,>50K.
57,Private,HS-grad,Married,<=50K.
30,Private,Assoc-voc,Divorced,<=50K.
19,Private,11th,Divorced,<=50K.
40,Private,Some-college,Married,>50K.
28,Private,HS-grad,Never Married,<=50K.
43,Govt,Bachelors,Married,<=50K.
40,NA,HS-grad,Married,>50K.
19,Private,HS-grad,Never Married,<=50K.
24,Private,HS-grad,Never Married,<=50K.
34,Private,Bachelors,Never Married,>50K.
22,Private,HS-grad,Never Married,<=50K.
64,Self,Assoc-voc,Married,<=50K.
55,NA,7th-8th,Married,<=50K.
26,Private,11th,Married,<=50K.
80,Private,HS-grad,Married,<=50K.
79,Govt,Doctorate,Widowed,<=50K.
58,Self,Bachelors,Married,>50K.
43,Private,Bachelors,Divorced,<=50K.
43,Private,HS-grad,Married,>50K.
46,Private,HS-grad,Divorced,<=50K.
35,Private,HS-grad,Married,>50K.
51,Private,Assoc-voc,Married,<=50K.
52,Govt,Masters,Divorced,>50K.
43,Self,Bachelors,Married,>50K.
68,Private,Some-college,Widowed,<=50K.
34,Govt,Bachelors,Married,>50K.
37,Private,Bachelors,Married,>50K.
22,Private,HS-grad,Never Married,<=50K.
32,Private,HS-grad,Married,<=50K.
65,Self,10th,Married,<=50K.
28,Private,Some-college,Never Married,<=50K.
37,Private,HS-grad,Married,<=50K.
40,Self,Bachelors,Never Married,<=50K.
40,Private,11th,Never Married,<=50K.
52,Private,HS-grad,Separated,<=50K.
35,Private,Some-college,Married,<=50K.
62,Self,5th-6th,Married,<=50K.
49,Private,Assoc-voc,Married,<=50K.
49,Private,HS-grad,Divorced,<=50K.
47,Private,Bachelors,Married,>50K.
45,Private,HS-grad,Separated,<=50K.
37,Private,1st-4th,Married,<=50K.
36,Govt,Assoc-voc,Married,>50K.
36,Private,10th,Married,<=50K.
44,Private,Bachelors,Married,>50K.
51,Govt,Masters,Married,>50K.
25,Govt,Some-college,Married,<=50K.
28,Self,HS-grad,Never Married,<=50K.
57,Private,HS-grad,Widowed,<=50K.
46,Private,HS-grad,Married,<=50K.
59,Private,10th,Married,>50K.
28,Private,11th,Married,<=50K.
25,Private,HS-grad,Divorced,<=50K.
35,Private,HS-grad,Married,<=50K.
27,Private,Assoc-acdm,Married,>50K.
29,Private,Bachelors,Married,>50K.
43,Govt,HS-grad,Divorced,<=50K.
38,Govt,HS-grad,Never Married,<=50K.
26,Private,Some-college,Never Married,<=50K.
55,NA,Masters,Married,>50K.
36,Private,HS-grad,Separated,<=50K.
37,Private,Some-college,Married,>50K.
23,NA,HS-grad,Never Married,<=50K.
34,Private,HS-grad,Married,<=50K.
41,Private,11th,Married,<=50K.
44,Private,Assoc-voc,Separated,<=50K.
48,Self,Assoc-voc,Divorced,<=50K.
35,Govt,HS-grad,Married,>50K.
43,Govt,Bachelors,Divorced,<=50K.
57,Govt,Bachelors,Married,>50K.
44,Govt,HS-grad,Married,<=50K.
28,Private,HS-grad,Never Married,<=50K.
55,Private,10th,Widowed,<=50K.
52,Private,HS-grad,Married,<=50K.
30,Private,HS-grad,Separated,<=50K.
31,Private,Doctorate,Married,>50K.
21,NA,Some-college,Never Married,<=50K.
50,Self,Prof-school,Married,>50K.
43,Self,Bachelors,Married,>50K.
33,Private,HS-grad,Never Married,<=50K.
23,Govt,Assoc-voc,Married,<=50K.
35,Private,Bachelors,Married,>50K.
18,Private,Some-college,Never Married,<=50K.
21,NA,Some-college,Never Married,<=50K.
33,Govt,Bachelors,Married,>50K.
30,Govt,Bachelors,Never Married,<=50K.
21,Private,Some-college,Never Married,<=50K.
36,Govt,Bachelors,Married,>50K.
38,Private,Some-college,Married,<=50K.
33,Private,Masters,Married,>50K.
24,Private,Assoc-voc,Married,<=50K.
24,Private,Some-college,Married,<=50K.
39,Private,Some-college,Divorced,<=50K.
43,Private,HS-grad,Married,<=50K.
43,Self,Bachelors,Married,<=50K.
62,NA,Masters,Married,>50K.
30,Govt,Bachelors,Never Married,<=50K.
25,Private,11th,Married,<=50K.
45,Private,HS-grad,Married,<=50K.
22,Private,Some-college,Never Married,<=50K.
73,Private,Bachelors,Married,>50K.
26,Private,Some-college,Married,>50K.
24,Private,HS-grad,Never Married,<=50K.
18,Private,12th,Never Married,<=50K.
35,Private,Bachelors,Married,>50K.
22,Private,Some-college,Separated,<=50K.
28,Private,Some-college,Married,<=50K.
38,Private,Some-college,Married,<=50K.
68,NA,Doctorate,Married,<=50K.
40,Govt,HS-grad,Married,<=50K.
32,Private,Some-college,Married,>50K.
42,Private,HS-grad,Married,>50K.
31,Govt,HS-grad,Married,<=50K.
33,Private,Bachelors,Married,<=50K.
54,Self,Bachelors,Divorced,<=50K.
63,Private,HS-grad,Divorced,<=50K.
67,Self,Bachelors,Married,<=50K.
47,Private,HS-grad,Divorced,<=50K.
67,Self,Bachelors,Widowed,<=50K.
33,Private,HS-grad,Married,<=50K.
33,Govt,HS-grad,Separated,<=50K.
25,Govt,Bachelors,Married,<=50K.
25,Private,Some-college,Never Married,<=50K.
35,Private,Some-college,Divorced,<=50K.
54,Private,HS-grad,Married,>50K.
35,Self,HS-grad,Married,>50K.
18,Private,11th,Never Married,<=50K.
54,NA,HS-grad,Divorced,<=50K.
30,Private,11th,Married,<=50K.
29,Private,10th,Never Married,<=50K.
41,Private,Bachelors,Married,>50K.
40,Private,Assoc-acdm,Married,>50K.
46,Private,Some-college,Married,>50K.
39,Private,Assoc-acdm,Married,<=50K.
42,Private,Bachelors,Married,>50K.
49,Self,Bachelors,Married,>50K.
23,Private,Some-college,Never Married,<=50K.
34,Private,7th-8th,Married,<=50K.
42,Self,HS-grad,Married,<=50K.
31,Private,Some-college,Married,>50K.
72,NA,HS-grad,Married,<=50K.
31,Private,Assoc-voc,Married,>50K.
90,Private,Masters,Married,>50K.
27,Self,Bachelors,Never Married,<=50K.
18,NA,HS-grad,Never Married,<=50K.
30,Self,HS-grad,Never Married,>50K.
27,Govt,HS-grad,Never Married,<=50K.
27,Self,11th,Married,<=50K.
28,Private,HS-grad,Never Married,<=50K.
40,Private,HS-grad,Never Married,<=50K.
43,Govt,Masters,Separated,<=50K.
26,Private,HS-grad,Married,<=50K.
48,Self,Assoc-voc,Married,<=50K.
41,Private,Assoc-acdm,Married,<=50K.
32,Private,HS-grad,Married,<=50K.
23,Private,HS-grad,Never Married,<=50K.
35,Private,11th,Married,<=50K.
42,Private,Some-college,Married,<=50K.
27,Govt,Bachelors,Never Married,<=50K.
34,Private,HS-grad,Married,<=50K.
25,Private,Bachelors,Never Married,<=50K.
46,Govt,Bachelors,Never Married,>50K.
34,Private,Some-college,Married,<=50K.
39,Private,HS-grad,Widowed,<=50K.
33,Private,HS-grad,Never Married,<=50K.
25,Private,Bachelors,Never Married,<=50K.
45,Private,Assoc-voc,Divorced,<=50K.
46,Private,Bachelors,Divorced,<=50K.
23,Private,HS-grad,Divorced,<=50K.
37,Private,Some-college,Never Married,<=50K.
39,Private,Masters,Married,>50K.
38,Self,HS-grad,Married,>50K.
35,Self,Some-college,Married,<=50K.
49,Self,Bachelors,Married,>50K.
37,Private,Assoc-acdm,Married,>50K.
45,Private,HS-grad,Divorced,<=50K.
71,Private,12th,Never Married,<=50K.
44,Private,Bachelors,Married,>50K.
19,NA,Some-college,Never Married,<=50K.
38,Private,Assoc-voc,Never Married,<=50K.
42,Govt,HS-grad,Married,<=50K.
29,Private,Assoc-voc,Married,>50K.
48,Private,11th,Married,<=50K.
56,Self,Assoc-voc,Married,>50K.
32,Govt,HS-grad,Married,<=50K.
19,Private,HS-grad,Never Married,<=50K.
57,Self,Some-college,Separated,<=50K.
55,Private,10th,Never Married,<=50K.
48,NA,11th,Separated,<=50K.
46,Self,12th,Married,<=50K.
36,Private,9th,Separated,<=50K.
66,Private,Bachelors,Married,>50K.
26,Private,HS-grad,Never Married,<=50K.
58,Self,Assoc-voc,Married,>50K.
62,Private,Bachelors,Married,>50K.
31,Private,Bachelors,Never Married,<=50K.
77,NA,Assoc-voc,Married,<=50K.
25,Private,HS-grad,Married,<=50K.
38,Private,Bachelors,Married,<=50K.
33,Private,Bachelors,Divorced,<=50K.
51,Govt,Some-college,Divorced,<=50K.
20,Private,Assoc-voc,Never Married,<=50K.
40,Govt,HS-grad,Married,<=50K.
20,Private,10th,Never Married,<=50K.
41,Govt,Some-college,Divorced,<=50K.
44,Private,12th,Divorced,<=50K.
35,Private,HS-grad,Married,<=50K.
35,Self,HS-grad,Married,<=50K.
46,Govt,Some-college,Never Married,<=50K.
24,Private,Some-college,Never Married,<=50K.
18,Private,Some-college,Never Married,<=50K.
37,Private,HS-grad,Married,<=50K.
58,Private,Doctorate,Never Married,<=50K.
55,Private,Assoc-voc,Married,<=50K.
68,Private,HS-grad,Never Married,<=50K.
41,Private,Bachelors,Married,>50K.
50,Private,Masters,Married,>50K.
48,Private,HS-grad,Married,<=50K.
42,NA,Some-college,Never Married,<=50K.
45,Private,HS-grad,Married,<=50K.
43,Private,Some-college,Married,<=50K.
37,Private,Some-college,Married,<=50K.
43,Private,Bachelors,Married,>50K.
36,Private,HS-grad,Divorced,<=50K.
60,Private,HS-grad,Married,<=50K.
27,Private,HS-grad,Divorced,<=50K.
36,Private,Bachelors,Married,>50K.
47,Govt,Assoc-acdm,Married,<=50K.
33,Private,Some-college,Never Married,<=50K.
19,Govt,12th,Never Married,<=50K.
33,Private,Bachelors,Never Married,<=50K.
34,Private,Bachelors,Married,>50K.
33,Private,HS-grad,Divorced,<=50K.
57,Private,Some-college,Divorced,<=50K.
59,Private,Masters,Never Married,>50K.
36,Private,HS-grad,Married,<=50K.
60,Private,Assoc-acdm,Married,>50K.
33,Govt,Assoc-voc,Married,<=50K.
41,Private,Bachelors,Never Married,<=50K.
20,Self,Some-college,Never Married,<=50K.
28,Govt,Bachelors,Never Married,<=50K.
24,Govt,Masters,Never Married,<=50K.
31,Private,12th,Never Married,<=50K.
38,Private,HS-grad,Married,<=50K.
40,Private,Bachelors,Divorced,<=50K.
55,Govt,Bachelors,Married,<=50K.
49,Private,HS-grad,Married,<=50K.
33,Private,HS-grad,Divorced,<=50K.
52,Private,5th-6th,Never Married,<=50K.
24,Govt,Bachelors,Never Married,<=50K.
46,Private,Bachelors,Divorced,<=50K.
20,Private,Some-college,Never Married,<=50K.
50,Private,5th-6th,Married,<=50K.
22,Private,HS-grad,Never Married,<=50K.
32,Self,Some-college,Married,<=50K.
46,Private,HS-grad,Married,>50K.
62,NA,HS-grad,Married,<=50K.
39,Private,Some-college,Married,>50K.
26,Private,Some-college,Never Married,<=50K.
20,Private,Some-college,Never Married,<=50K.
37,Self,Some-college,Married,<=50K.
40,Private,Some-college,Divorced,<=50K.
22,Private,Some-college,Never Married,<=50K.
32,Private,Bachelors,Never Married,>50K.
41,Private,Some-college,Divorced,<=50K.
24,Private,Assoc-acdm,Married,<=50K.
40,Private,HS-grad,Married,<=50K.
37,Govt,Prof-school,Married,>50K.
42,Private,Masters,Married,>50K.
56,Private,9th,Widowed,<=50K.
20,Private,Some-college,Never Married,<=50K.
55,Govt,HS-grad,Divorced,<=50K.
29,Private,HS-grad,Never Married,<=50K.
37,Private,HS-grad,Divorced,<=50K.
61,Self,Bachelors,Married,<=50K.
26,Private,Bachelors,Never Married,<=50K.
49,Self,Some-college,Divorced,<=50K.
18,Govt,7th-8th,Never Married,<=50K.
30,Private,9th,Never Married,<=50K.
24,Private,HS-grad,Never Married,<=50K.
24,Govt,HS-grad,Married,<=50K.
37,Private,HS-grad,Never Married,<=50K.
37,Govt,HS-grad,Divorced,<=50K.
36,Private,Some-college,Married,<=50K.
40,Private,HS-grad,Married,<=50K.
44,Self,HS-grad,Married,<=50K.
43,Self,HS-grad,Married,<=50K.
19,Private,Some-college,Never Married,<=50K.
50,Private,Masters,Married,<=50K.
17,NA,10th,Never Married,<=50K.
39,Private,HS-grad,Married,<=50K.
43,Private,HS-grad,Divorced,<=50K.
43,Private,HS-grad,Married,<=50K.
40,Private,Masters,Never Married,>50K.
31,Govt,Some-college,Never Married,<=50K.
25,Private,Bachelors,Divorced,<=50K.
30,Govt,Bachelors,Never Married,<=50K.
55,Private,9th,Married,<=50K.
55,Private,7th-8th,Married,<=50K.
29,Private,Some-college,Married,<=50K.
28,Private,Bachelors,Never Married,>50K.
30,Private,HS-grad,Married,<=50K.
33,Private,HS-grad,Married,<=50K.
23,Private,HS-grad,Never Married,<=50K.
71,Private,11th,Never Married,<=50K.
22,NA,Some-college,Married,<=50K.
21,Private,Some-college,Never Married,<=50K.
62,NA,HS-grad,Married,<=50K.
22,NA,Some-college,Married,<=50K.
49,Private,HS-grad,Married,<=50K.
31,Private,Assoc-acdm,Married,<=50K.
27,Private,Assoc-acdm,Never Married,<=50K.
27,Private,Masters,Married,>50K.
26,Private,Some-college,Never Married,<=50K.
30,NA,Some-college,Married,<=50K.
17,Private,10th,Never Married,<=50K.
26,Private,Some-college,Never Married,<=50K.
45,Private,HS-grad,Divorced,<=50K.
50,Private,HS-grad,Married,>50K.
31,Private,HS-grad,Never Married,<=50K.
51,Private,Assoc-acdm,Never Married,<=50K.
56,Private,9th,Widowed,<=50K.
24,Govt,Bachelors,Never Married,<=50K.
29,Private,12th,Never Married,<=50K.
26,Private,Some-college,Never Married,<=50K.
51,Private,Some-college,Married,<=50K.
32,Govt,HS-grad,Married,<=50K.
47,Govt,Bachelors,Married,>50K.
30,Private,HS-grad,Never Married,<=50K.
41,NA,11th,Widowed,<=50K.
49,Govt,Some-college,Married,<=50K.
40,Private,Some-college,Married,>50K.
62,Private,HS-grad,Married,>50K.
43,Self,Bachelors,Married,<=50K.
76,Private,5th-6th,Never Married,<=50K.
40,NA,Masters,Married,>50K.
35,Private,Bachelors,Married,>50K.
27,Private,HS-grad,Never Married,<=50K.
54,Self,Bachelors,Married,>50K.
55,Self,HS-grad,Married,<=50K.
21,Private,Some-college,Never Married,<=50K.
20,Private,Some-college,Never Married,<=50K.
39,Private,HS-grad,Separated,<=50K.
26,Private,Bachelors,Never Married,>50K.
20,Private,HS-grad,Never Married,<=50K.
28,Private,HS-grad,Married,<=50K.
56,Govt,Some-college,Separated,<=50K.
39,Private,12th,Married,<=50K.
44,Govt,Bachelors,Married,>50K.
55,Private,HS-grad,Married,>50K.
54,Self,HS-grad,Married,<=50K.
30,Private,Bachelors,Never Married,>50K.
34,Govt,HS-grad,Married,>50K.
42,Private,HS-grad,Never Married,<=50K.
50,Self,Some-college,Separated,<=50K.
34,Govt,Some-college,Married,>50K.
23,Private,Assoc-voc,Never Married,<=50K.
27,NA,Bachelors,Never Married,<=50K.
81,NA,Bachelors,Widowed,<=50K.
47,Private,11th,Never Married,<=50K.
57,Private,5th-6th,Married,<=50K.
65,NA,Assoc-voc,Married,>50K.
33,Private,Masters,Never Married,<=50K.
37,Private,HS-grad,Divorced,<=50K.
53,Private,Bachelors,Never Married,<=50K.
27,Govt,Bachelors,Never Married,<=50K.
47,Private,HS-grad,Married,>50K.
42,Private,Assoc-acdm,Married,<=50K.
39,Private,Some-college,Never Married,>50K.
58,Govt,Bachelors,Married,<=50K.
20,Private,HS-grad,Never Married,<=50K.
19,Private,HS-grad,Never Married,<=50K.
39,Private,HS-grad,Married,<=50K.
51,Private,HS-grad,Divorced,<=50K.
52,Private,HS-grad,Divorced,<=50K.
53,Private,Some-college,Never Married,>50K.
50,Private,Some-college,Married,<=50K.
36,Private,HS-grad,Divorced,<=50K.
30,Private,Bachelors,Never Married,<=50K.
30,Private,Some-college,Never Married,<=50K.
50,Private,HS-grad,Married,>50K.
76,Private,7th-8th,Widowed,<=50K.
46,Self,Bachelors,Married,>50K.
24,Private,Some-college,Never Married,<=50K.
26,Private,HS-grad,Married,<=50K.
56,Self,Prof-school,Married,>50K.
50,Private,Bachelors,Married,>50K.
22,Private,Some-college,Married,<=50K.
23,Govt,Bachelors,Never Married,<=50K.
51,Private,HS-grad,Married,<=50K.
58,Private,10th,Married,<=50K.
38,Private,9th,Married,<=50K.
45,Private,Some-college,Married,>50K.
55,Self,HS-grad,Widowed,<=50K.
45,Private,Some-college,Married,>50K.
42,Private,Some-college,Divorced,<=50K.
44,Govt,Bachelors,Married,>50K.
60,Private,Bachelors,Married,>50K.
27,Private,Some-college,Never Married,<=50K.
25,Govt,Some-college,Married,>50K.
61,NA,Bachelors,Divorced,<=50K.
43,Private,HS-grad,Married,>50K.
44,Govt,Assoc-voc,Never Married,<=50K.
63,Private,7th-8th,Widowed,<=50K.
46,Govt,Masters,Never Married,<=50K.
47,Private,Some-college,Married,<=50K.
37,Private,Some-college,Divorced,<=50K.
43,Private,HS-grad,Separated,<=50K.
46,Private,Masters,Married,>50K.
48,NA,10th,Married,<=50K.
61,Self,Assoc-acdm,Married,<=50K.
53,Govt,HS-grad,Married,>50K.
79,NA,7th-8th,Married,<=50K.
44,Private,HS-grad,Never Married,<=50K.
54,Private,HS-grad,Married,<=50K.
22,Private,Some-college,Never Married,<=50K.
47,Govt,HS-grad,Married,>50K.
18,Private,HS-grad,Never Married,<=50K.
25,Private,10th,Married,<=50K.
24,Private,Some-college,Never Married,<=50K.
37,Govt,Bachelors,Married,>50K.
51,Private,Some-college,Divorced,>50K.
35,Self,HS-grad,Married,>50K.
59,Private,Some-college,Never Married,<=50K.
46,Private,Some-college,Married,<=50K.
45,Govt,Assoc-voc,Married,>50K.
19,Private,HS-grad,Never Married,<=50K.
22,Private,HS-grad,Never Married,<=50K.
41,Private,Bachelors,Married,<=50K.
33,Self,HS-grad,Married,<=50K.
26,Govt,HS-grad,Never Married,<=50K.
22,Private,Some-college,Married,<=50K.
29,Self,HS-grad,Married,>50K.
22,Private,HS-grad,Never Married,<=50K.
34,Private,Assoc-acdm,Married,<=50K.
23,Private,12th,Married,<=50K.
20,Private,HS-grad,Married,<=50K.
25,Private,Bachelors,Never Married,<=50K.
59,Private,HS-grad,Married,>50K.
44,Private,Some-college,Married,<=50K.
55,Private,Some-college,Married,<=50K.
77,Self,Some-college,Widowed,<=50K.
42,Private,Masters,Married,>50K.
47,Private,HS-grad,Married,>50K.
42,Private,Some-college,Married,<=50K.
45,Private,Some-college,Married,<=50K.
23,Private,HS-grad,Married,<=50K.
60,NA,9th,Married,<=50K.
23,Private,Some-college,Never Married,<=50K.
52,Private,HS-grad,Married,<=50K.
49,Private,HS-grad,Married,>50K.
20,Private,Some-college,Never Married,<=50K.
20,Private,HS-grad,Never Married,<=50K.
23,Govt,HS-grad,Never Married,<=50K.
30,Private,Some-college,Divorced,<=50K.
45,Private,HS-grad,Married,>50K.
30,Private,Prof-school,Widowed,<=50K.
17,Private,9th,Never Married,<=50K.
22,Private,HS-grad,Never Married,<=50K.
25,Private,Bachelors,Never Married,<=50K.
52,Private,Some-college,Married,>50K.
40,Private,Some-college,Married,>50K.
18,NA,10th,Never Married,<=50K.
58,Private,HS-grad,Married,<=50K.
30,Private,HS-grad,Married,<=50K.
59,Private,10th,Married,<=50K.
29,Private,Some-college,Never Married,<=50K.
26,Private,Assoc-voc,Divorced,<=50K.
39,Govt,Bachelors,Widowed,<=50K.
33,Private,Bachelors,Married,>50K.
21,NA,Some-college,Never Married,<=50K.
22,Private,Some-college,Never Married,<=50K.
25,Private,Some-college,Married,<=50K.
19,NA,Some-college,Never Married,<=50K.
44,Private,Some-college,Separated,<=50K.
35,Private,HS-grad,Divorced,<=50K.
40,Private,HS-grad,Married,<=50K.
19,Private,11th,Never Married,<=50K.
37,Private,HS-grad,Married,>50K.
32,Private,Assoc-voc,Married,<=50K.
52,Self,HS-grad,Divorced,<=50K.
36,Private,HS-grad,Married,<=50K.
38,Private,Some-college,Divorced,<=50K.
57,Govt,Bachelors,Divorced,<=50K.
22,Govt,Some-college,Never Married,<=50K.
80,NA,HS-grad,Married,<=50K.
20,Private,Some-college,Never Married,<=50K.
40,Private,11th,Separated,<=50K.
36,Self,Bachelors,Married,<=50K.
27,Private,HS-grad,Divorced,<=50K.
52,Private,HS-grad,Married,<=50K.
43,Private,HS-grad,Separated,<=50K.
35,Private,HS-grad,Married,<=50K.
29,Private,HS-grad,Married,<=50K.
27,Private,Some-college,Never Married,<=50K.
24,NA,HS-grad,Married,<=50K.
49,Govt,Masters,Married,>50K.
26,Self,Some-college,Separated,<=50K.
47,Private,HS-grad,Divorced,<=50K.
20,Private,Some-college,Never Married,<=50K.
19,Private,HS-grad,Never Married,<=50K.
34,Private,Masters,Never Married,<=50K.
20,Private,HS-grad,Never Married,<=50K.
23,Private,11th,Separated,<=50K.
25,Private,Bachelors,Never Married,<=50K.
21,Private,HS-grad,Never Married,<=50K.
25,Private,HS-grad,Never Married,<=50K.
63,Govt,Some-college,Married,<=50K.
25,Private,Bachelors,Never Married,<=50K.
28,Private,HS-grad,Never Married,<=50K.
39,Private,Masters,Never Married,>50K.
28,Private,Some-college,Never Married,<=50K.
30,Private,Bachelors,Married,>50K.
41,Govt,Assoc-voc,Divorced,<=50K.
52,Govt,Assoc-acdm,Divorced,<=50K.
36,Private,HS-grad,Married,<=50K.
47,Private,Bachelors,Married,>50K.
27,Private,9th,Never Married,<=50K.
32,Govt,Some-college,Married,<=50K.
52,Private,HS-grad,Married,>50K.
50,Private,HS-grad,Married,<=50K.
21,Private,Some-college,Never Married,<=50K.
60,Private,HS-grad,Divorced,<=50K.
47,Private,11th,Married,<=50K.
54,Self,HS-grad,Married,>50K.
32,Govt,Masters,Never Married,<=50K.
61,Private,Some-college,Married,<=50K.
21,Private,HS-grad,Never Married,<=50K.
29,Self,Some-college,Married,>50K.
36,Govt,HS-grad,Never Married,<=50K.
38,Govt,HS-grad,Married,<=50K.
59,Private,10th,Widowed,<=50K.
43,Private,Some-college,Married,<=50K.
19,Private,11th,Never Married,<=50K.
42,Private,Bachelors,Married,<=50K.
33,Private,Some-college,Married,<=50K.
47,Private,HS-grad,Married,<=50K.
51,Private,HS-grad,Married,>50K.
28,Private,Some-college,Never Married,<=50K.
61,Private,Some-college,Divorced,<=50K.
23,Private,Bachelors,Never Married,<=50K.
31,Private,9th,Married,<=50K.
38,Self,11th,Divorced,<=50K.
21,Private,9th,Never Married,<=50K.
22,Private,HS-grad,Never Married,<=50K.
35,Private,Masters,Married,>50K.
53,Govt,Bachelors,Married,>50K.
40,Private,HS-grad,Married,>50K.
36,Private,HS-grad,Married,>50K.
33,Self,HS-grad,Married,<=50K.
23,Private,HS-grad,Never Married,<=50K.
51,Govt,HS-grad,Married,>50K.
31,Private,HS-grad,Never Married,<=50K.
28,Govt,HS-grad,Separated,<=50K.
26,Self,Bachelors,Divorced,<=50K.
32,Private,Bachelors,Divorced,>50K.
43,Private,Bachelors,Never Married,>50K.
19,Private,HS-grad,Never Married,<=50K.
46,Private,11th,Divorced,<=50K.
49,Govt,Doctorate,Married,>50K.
31,Private,10th,Never Married,<=50K.
45,Private,Bachelors,Married,>50K.
41,Private,5th-6th,Married,<=50K.
22,Private,Some-college,Never Married,<=50K.
25,Private,Bachelors,Never Married,<=50K.
46,Private,Prof-school,Separated,>50K.
44,Self,Some-college,Married,<=50K.
25,Private,HS-grad,Married,<=50K.
30,Private,Bachelors,Never Married,<=50K.
54,Private,Bachelors,Married,>50K.
34,Private,Bachelors,Married,>50K.
34,NA,HS-grad,Never Married,<=50K.
30,Private,Bachelors,Married,>50K.
21,Private,Assoc-voc,Never Married,<=50K.
27,Private,Bachelors,Never Married,<=50K.
29,Private,Some-college,Never Married,<=50K.
60,Self,Some-college,Married,>50K.
36,Self,Masters,Married,<=50K.
27,Private,Masters,Never Married,<=50K.
57,Self,Some-college,Married,<=50K.
24,Private,1st-4th,Married,<=50K.
63,Private,Some-college,Divorced,<=50K.
29,Private,Bachelors,Married,>50K.
34,Private,Bachelors,Married,<=50K.
27,Private,HS-grad,Never Married,<=50K.
31,Private,Assoc-voc,Divorced,<=50K.
31,Private,Bachelors,Married,<=50K.
55,Private,Some-college,Divorced,<=50K.
64,Govt,HS-grad,Married,<=50K.
20,Private,HS-grad,Never Married,<=50K.
44,Self,HS-grad,Married,>50K.
35,Private,11th,Divorced,<=50K.
41,Govt,Some-college,Divorced,<=50K.
38,Private,Some-college,Divorced,<=50K.
21,Private,Some-college,Never Married,<=50K.
64,Govt,Bachelors,Married,>50K.
42,Private,7th-8th,Never Married,<=50K.
31,Private,Some-college,Married,>50K.
42,Self,Assoc-acdm,Married,<=50K.
35,Private,Assoc-acdm,Married,>50K.
36,Govt,Some-college,Divorced,>50K.
23,Private,12th,Never Married,<=50K.
20,Private,Some-college,Never Married,<=50K.
26,Govt,Bachelors,Never Married,<=50K.
56,Govt,Bachelors,Never Married,<=50K.
40,Private,Assoc-acdm,Divorced,<=50K.
19,Private,11th,Never Married,<=50K.
33,Private,HS-grad,Never Married,<=50K.
45,Govt,Assoc-acdm,Never Married,<=50K.
41,Private,HS-grad,Married,>50K.
29,Private,HS-grad,Married,<=50K.
46,Govt,Masters,Married,>50K.
48,Private,Assoc-acdm,Married,<=50K.
38,Private,HS-grad,Married,<=50K.
29,Private,Some-college,Never Married,<=50K.
35,Private,HS-grad,Married,<=50K.
59,Govt,Bachelors,Married,<=50K.
27,Private,HS-grad,Married,<=50K.
43,Private,Some-college,Married,>50K.
70,Private,Bachelors,Married,<=50K.
30,Private,HS-grad,Never Married,<=50K.
24,Private,Some-college,Married,>50K.
76,Govt,HS-grad,Married,<=50K.
25,Private,HS-grad,Separated,<=50K.
39,Private,Assoc-acdm,Never Married,<=50K.
36,Govt,Bachelors,Divorced,<=50K.
23,Private,12th,Never Married,<=50K.
60,Private,7th-8th,Divorced,<=50K.
20,NA,Some-college,Never Married,<=50K.
54,Private,1st-4th,Married,>50K.
20,Private,Some-college,Never Married,<=50K.
22,Govt,HS-grad,Never Married,<=50K.
24,Private,Bachelors,Never Married,<=50K.
41,Private,HS-grad,Married,<=50K.
35,Private,Some-college,Married,<=50K.
23,Private,5th-6th,Never Married,<=50K.
54,Govt,Doctorate,Married,>50K.
17,Private,11th,Never Married,<=50K.
43,Private,HS-grad,Never Married,<=50K.
33,Private,12th,Divorced,<=50K.
30,Private,Prof-school,Never Married,<=50K.
38,Govt,Some-college,Divorced,>50K.
54,Self,HS-grad,Married,<=50K.
39,Private,HS-grad,Never Married,<=50K.
32,Private,Some-college,Separated,<=50K.
61,Govt,7th-8th,Married,<=50K.
24,NA,Assoc-voc,Married,<=50K.
22,Private,Bachelors,Never Married,<=50K.
34,Private,HS-grad,Married,>50K.
18,Private,10th,Never Married,<=50K.
20,Private,HS-grad,Never Married,<=50K.
53,Govt,HS-grad,Divorced,<=50K.
32,Private,Some-college,Never Married,<=50K.
68,Self,Some-college,Married,<=50K.
28,Private,Some-college,Separated,<=50K.
28,Private,Some-college,Married,<=50K.
54,Private,Some-college,Married,>50K.
21,NA,Some-college,Never Married,<=50K.
52,Private,Bachelors,Separated,<=50K.
25,Private,Some-college,Married,<=50K.
30,Private,Masters,Married,>50K.
33,Private,Some-college,Never Married,<=50K.
49,Private,Bachelors,Never Married,<=50K.
58,Private,7th-8th,Widowed,<=50K.
45,Private,Assoc-voc,Married,>50K.
67,Private,7th-8th,Married,<=50K.
42,Govt,Bachelors,Divorced,<=50K.
69,Self,HS-grad,Married,>50K.
61,Private,HS-grad,Divorced,<=50K.
34,Private,Some-college,Married,<=50K.
28,Private,Some-college,Married,<=50K.
19,Private,HS-grad,Never Married,<=50K.
31,Self,Some-college,Married,<=50K.
32,Govt,Some-college,Never Married,<=50K.
76,NA,Prof-school,Married,<=50K.
53,Private,Assoc-acdm,Never Married,<=50K.
46,Private,HS-grad,Never Married,<=50K.
43,Self,7th-8th,Married,<=50K.
48,NA,HS-grad,Married,>50K.
39,Private,Some-college,Married,>50K.
59,Private,7th-8th,Divorced,<=50K.
19,Private,Some-college,Never Married,<=50K.
40,Private,Some-college,Married,>50K.
63,Self,10th,Married,<=50K.
44,NA,Some-college,Divorced,<=50K.
46,Private,Some-college,Divorced,<=50K.
22,Private,10th,Never Married,<=50K.
36,Private,Assoc-acdm,Never Married,<=50K.
57,Private,Some-college,Married,>50K.
58,Private,HS-grad,Never Married,<=50K.
25,NA,Bachelors,Never Married,<=50K.
59,Private,Some-college,Married,>50K.
36,Private,HS-grad,Married,<=50K.
29,Private,Masters,Married,<=50K.
49,Self,Bachelors,Divorced,<=50K.
42,Private,Assoc-acdm,Married,>50K.
43,Govt,Some-college,Married,<=50K.
46,Private,HS-grad,Married,<=50K.
43,Govt,Some-college,Never Married,<=50K.
40,Private,Assoc-acdm,Divorced,<=50K.
43,Private,12th,Married,<=50K.
48,Private,HS-grad,Widowed,<=50K.
26,Private,HS-grad,Never Married,<=50K.
30,Private,Assoc-voc,Married,<=50K.
58,Private,Some-college,Married,>50K.
43,Private,HS-grad,Divorced,<=50K.
53,Govt,HS-grad,Married,<=50K.
74,Govt,Some-college,Separated,<=50K.
64,NA,Some-college,Widowed,<=50K.
45,Private,Bachelors,Married,>50K.
32,Govt,5th-6th,Never Married,<=50K.
23,NA,10th,Never Married,<=50K.
38,Private,Some-college,Married,>50K.
42,Self,Bachelors,Married,>50K.
24,Govt,Some-college,Never Married,<=50K.
63,Private,HS-grad,Married,<=50K.
25,Govt,Some-college,Never Married,<=50K.
37,Private,Some-college,Married,<=50K.
28,Self,HS-grad,Married,<=50K.
31,Private,Some-college,Married,<=50K.
46,Private,Prof-school,Married,>50K.
44,Private,Bachelors,Divorced,>50K.
42,Govt,Masters,Never Married,>50K.
45,Private,Doctorate,Separated,>50K.
52,Private,Bachelors,Divorced,<=50K.
40,Private,Bachelors,Married,>50K.
26,Private,HS-grad,Never Married,<=50K.
55,Private,Bachelors,Separated,<=50K.
17,Private,10th,Never Married,<=50K.
27,Private,Some-college,Married,<=50K.
71,Self,Some-college,Married,>50K.
35,Private,Bachelors,Married,<=50K.
17,Private,10th,Never Married,<=50K.
26,Private,HS-grad,Married,>50K.
22,Private,Some-college,Never Married,<=50K.
51,Private,Bachelors,Married,>50K.
33,Private,Some-college,Married,<=50K.
41,Govt,Assoc-acdm,Married,>50K.
50,Private,Masters,Married,>50K.
26,Private,HS-grad,Married,<=50K.
21,Private,HS-grad,Never Married,<=50K.
53,Private,HS-grad,Married,>50K.
32,Self,HS-grad,Married,>50K.
19,Private,Some-college,Never Married,<=50K.
22,Private,Bachelors,Never Married,<=50K.
58,Private,HS-grad,Married,>50K.
47,Govt,Bachelors,Married,>50K.
51,Self,Some-college,Married,>50K.
42,Govt,Bachelors,Married,>50K.
28,Private,Bachelors,Never Married,<=50K.
29,Private,HS-grad,Married,<=50K.
50,Private,HS-grad,Married,>50K.
22,Private,Some-college,Never Married,<=50K.
47,Self,Some-college,Divorced,<=50K.
60,Private,Some-college,Widowed,<=50K.
46,Self,HS-grad,Married,>50K.
58,Self,Bachelors,Married,>50K.
62,Private,Some-college,Widowed,<=50K.
47,Private,Masters,Married,>50K.
59,Private,HS-grad,Widowed,<=50K.
41,Private,HS-grad,Separated,<=50K.
31,Private,HS-grad,Married,<=50K.
18,Private,HS-grad,Never Married,<=50K.
64,Self,HS-grad,Married,<=50K.
51,Self,HS-grad,Married,<=50K.
47,Self,Bachelors,Never Married,<=50K.
68,Private,Bachelors,Widowed,>50K.
32,Private,HS-grad,Married,<=50K.
39,Private,9th,Married,<=50K.
37,Private,Assoc-acdm,Divorced,<=50K.
29,Private,HS-grad,Never Married,<=50K.
44,Private,HS-grad,Married,<=50K.
46,Private,Prof-school,Married,>50K.
40,Self,9th,Married,>50K.
19,NA,HS-grad,Never Married,<=50K.
65,NA,HS-grad,Married,<=50K.
52,Govt,Bachelors,Married,>50K.
40,Private,Bachelors,Married,>50K.
61,Private,9th,Divorced,<=50K.
30,Private,HS-grad,Married,<=50K.
61,Self,11th,Married,<=50K.
33,Private,Assoc-voc,Married,>50K.
32,Govt,Bachelors,Married,>50K.
32,Private,Assoc-acdm,Never Married,<=50K.
32,Self,Bachelors,Divorced,>50K.
37,Private,HS-grad,Divorced,<=50K.
53,Private,11th,Married,<=50K.
51,Self,Masters,Married,>50K.
29,Private,Assoc-voc,Never Married,<=50K.
48,Private,HS-grad,Married,<=50K.
69,Private,HS-grad,Never Married,>50K.
28,Private,Masters,Never Married,<=50K.
55,Govt,Bachelors,Widowed,>50K.
45,Private,Assoc-voc,Married,>50K.
18,Private,Some-college,Never Married,<=50K.
60,Private,7th-8th,Married,<=50K.
38,Private,HS-grad,Divorced,<=50K.
19,Private,Some-college,Never Married,<=50K.
18,Private,11th,Never Married,<=50K.
33,Private,Some-college,Married,<=50K.
33,Private,Some-college,Divorced,<=50K.
29,Private,Masters,Never Married,<=50K.
37,Private,Some-college,Married,<=50K.
50,Private,HS-grad,Married,>50K.
19,NA,Some-college,Never Married,<=50K.
28,Private,10th,Widowed,<=50K.
43,NA,Bachelors,Married,>50K.
23,Private,Some-college,Never Married,<=50K.
47,Private,7th-8th,Married,<=50K.
21,Private,Some-college,Never Married,<=50K.
19,Private,Some-college,Never Married,<=50K.
47,Govt,Bachelors,Married,>50K.
36,Govt,Masters,Married,>50K.
62,Self,Bachelors,Married,>50K.
65,Private,HS-grad,Married,>50K.
46,Self,Prof-school,Married,>50K.
35,Private,11th,Never Married,<=50K.
50,Private,9th,Married,<=50K.
20,Private,Some-college,Never Married,<=50K.
17,Private,11th,Never Married,<=50K.
33,Private,Some-college,Married,<=50K.
57,NA,Some-college,Divorced,<=50K.
53,Self,Bachelors,Married,<=50K.
47,Self,Bachelors,Married,>50K.
62,Self,Masters,Married,<=50K.
35,Private,HS-grad,Divorced,<=50K.
27,Private,Bachelors,Never Married,<=50K.
23,Private,HS-grad,Never Married,<=50K.
27,Private,Masters,Never Married,<=50K.
39,Private,Assoc-voc,Divorced,<=50K.
25,Private,Bachelors,Married,<=50K.
24,Private,Some-college,Never Married,<=50K.
23,Private,HS-grad,Married,<=50K.
29,Private,Bachelors,Married,>50K.
30,Private,Bachelors,Married,<=50K.
34,Private,HS-grad,Separated,<=50K.
32,Private,10th,Separated,<=50K.
18,Private,11th,Never Married,<=50K.
20,Private,Assoc-voc,Never Married,<=50K.
38,Govt,Bachelors,Married,>50K.
18,Private,12th,Never Married,<=50K.
41,Private,9th,Married,<=50K.
21,Private,Assoc-voc,Never Married,<=50K.
36,Govt,HS-grad,Married,>50K.
61,Private,Some-college,Divorced,<=50K.
30,Private,Some-college,Married,<=50K.
26,Private,Some-college,Married,>50K.
27,Private,Bachelors,Married,>50K.
45,Private,HS-grad,Married,>50K.
47,Private,HS-grad,Divorced,<=50K.
19,Private,Some-college,Never Married,<=50K.
29,Private,HS-grad,Never Married,<=50K.
51,Self,HS-grad,Married,>50K.
34,Govt,Assoc-acdm,Married,<=50K.
42,Self,HS-grad,Married,<=50K.
26,Private,5th-6th,Never Married,<=50K.
20,Govt,Some-college,Never Married,<=50K.
43,Private,Assoc-acdm,Never Married,>50K.
20,Private,Some-college,Never Married,<=50K.
27,Private,HS-grad,Married,<=50K.
46,Govt,Some-college,Married,>50K.
39,Private,HS-grad,Never Married,<=50K.
33,Private,Some-college,Never Married,<=50K.
42,Private,Assoc-voc,Married,<=50K.
23,Private,HS-grad,Never Married,<=50K.
29,Private,Bachelors,Married,>50K.
27,Private,HS-grad,Never Married,<=50K.
43,Self,HS-grad,Divorced,<=50K.
23,Private,Some-college,Never Married,<=50K.
40,Govt,Masters,Divorced,<=50K.
35,Govt,Some-college,Married,>50K.
30,Private,HS-grad,Never Married,<=50K.
59,Private,11th,Married,<=50K.
65,Self,Some-college,Married,<=50K.
28,Private,Masters,Married,<=50K.
79,Private,Bachelors,Married,<=50K.
43,Govt,Masters,Married,>50K.
54,Private,7th-8th,Married,<=50K.
27,Private,HS-grad,Married,<=50K.
30,Private,Bachelors,Married,>50K.
22,NA,Bachelors,Never Married,<=50K.
34,Private,HS-grad,Married,<=50K.
18,Private,11th,Never Married,<=50K.
40,Self,Assoc-voc,Married,>50K.
28,Private,9th,Married,<=50K.
18,Private,HS-grad,Never Married,<=50K.
46,Private,Some-college,Married,<=50K.
23,Private,HS-grad,Never Married,<=50K.
77,NA,Some-college,Married,<=50K.
41,Govt,Masters,Married,>50K.
48,Private,Some-college,Divorced,>50K.
29,Private,Bachelors,Never Married,<=50K.
41,Private,11th,Divorced,<=50K.
41,Private,9th,Separated,<=50K.
34,Private,Assoc-acdm,Married,<=50K.
49,Self,Assoc-acdm,Divorced,<=50K.
49,Private,HS-grad,Separated,<=50K.
30,Private,HS-grad,Never Married,<=50K.
28,Private,Bachelors,Never Married,<=50K.
62,Govt,Bachelors,Married,<=50K.
41,Private,Some-college,Married,<=50K.
20,Private,Some-college,Never Married,<=50K.
61,Private,Preschool,Married,<=50K.
30,Private,Bachelors,Never Married,<=50K.
29,Govt,Prof-school,Never Married,<=50K.
50,Private,Masters,Divorced,<=50K.
44,Govt,HS-grad,Married,>50K.
25,Private,Bachelors,Married,>50K.
62,Private,Assoc-voc,Divorced,<=50K.
57,Private,Some-college,Widowed,<=50K.
35,Private,Bachelors,Never Married,<=50K.
26,Private,Bachelors,Never Married,<=50K.
60,Private,7th-8th,Married,<=50K.
22,Private,Some-college,Married,<=50K.
62,Govt,Masters,Separated,<=50K.
26,Private,HS-grad,Never Married,<=50K.
26,Private,Some-college,Never Married,<=50K.
44,Private,Bachelors,Married,>50K.
32,Private,Bachelors,Never Married,<=50K.
66,Self,Bachelors,Married,<=50K.
24,Private,Preschool,Never Married,<=50K.
19,Private,Some-college,Never Married,<=50K.
54,Self,Bachelors,Married,>50K.
37,Private,HS-grad,Never Married,<=50K.
38,Private,Bachelors,Married,>50K.
37,Self,Bachelors,Married,<=50K.
22,NA,Some-college,Never Married,<=50K.
34,Private,Some-college,Married,<=50K.
35,Self,HS-grad,Divorced,<=50K.
42,Govt,Masters,Married,<=50K.
47,Govt,Bachelors,Married,>50K.
29,Self,Bachelors,Divorced,<=50K.
34,Private,HS-grad,Never Married,<=50K.
38,Self,Bachelors,Married,>50K.
62,Self,HS-grad,Divorced,<=50K.
35,Private,HS-grad,Married,<=50K.
37,Private,HS-grad,Married,<=50K.
47,Private,HS-grad,Married,<=50K.
37,Private,Some-college,Married,<=50K.
22,Private,Assoc-voc,Never Married,<=50K.
60,Self,11th,Married,>50K.
31,Private,Some-college,Married,<=50K.
74,NA,10th,Married,<=50K.
63,Private,HS-grad,Married,<=50K.
30,Private,11th,Married,<=50K.
44,NA,HS-grad,Married,<=50K.
40,Self,Prof-school,Married,>50K.
35,Self,Some-college,Married,<=50K.
50,Govt,Some-college,Married,<=50K.
18,Private,Some-college,Never Married,<=50K.
33,Private,Assoc-voc,Married,<=50K.
59,Self,7th-8th,Married,<=50K.
17,Private,11th,Never Married,<=50K.
47,Private,HS-grad,Married,>50K.
51,NA,Some-college,Divorced,<=50K.
26,Private,Bachelors,Never Married,<=50K.
32,Govt,Some-college,Married,>50K.
55,Private,HS-grad,Married,<=50K.
36,Govt,Some-college,Never Married,<=50K.
54,Private,HS-grad,Married,>50K.
19,NA,HS-grad,Never Married,<=50K.
32,Private,Masters,Never Married,>50K.
52,Govt,Doctorate,Married,>50K.
39,Private,HS-grad,Married,<=50K.
39,Govt,HS-grad,Never Married,<=50K.
59,Self,HS-grad,Married,>50K.
55,Govt,Bachelors,Divorced,<=50K.
54,Self,HS-grad,Married,>50K.
31,Private,HS-grad,Married,<=50K.
19,NA,11th,Never Married,<=50K.
30,Private,HS-grad,Married,<=50K.
47,Govt,Bachelors,Married,<=50K.
31,Private,Assoc-acdm,Divorced,<=50K.
32,Self,Bachelors,Divorced,<=50K.
33,Private,Assoc-voc,Never Married,<=50K.
31,Private,HS-grad,Divorced,<=50K.
32,Private,HS-grad,Married,<=50K.
46,Private,HS-grad,Married,<=50K.
29,Private,HS-grad,Married,<=50K.
41,Govt,HS-grad,Married,<=50K.
39,Private,HS-grad,Married,>50K.
34,Private,HS-grad,Married,>50K.
23,Private,Bachelors,Never Married,<=50K.
53,Self,Masters,Married,>50K.
45,Self,HS-grad,Married,<=50K.
34,NA,Bachelors,Married,>50K.
47,Private,HS-grad,Divorced,<=50K.
24,NA,7th-8th,Married,<=50K.
42,Private,Masters,Divorced,>50K.
53,Private,Some-college,Married,<=50K.
38,Self,HS-grad,Divorced,<=50K.
26,Private,HS-grad,Never Married,<=50K.
18,Private,11th,Never Married,<=50K.
43,Private,10th,Separated,<=50K.
26,Private,Bachelors,Never Married,<=50K.
47,Private,Bachelors,Divorced,<=50K.
26,Private,Assoc-voc,Married,>50K.
21,NA,Some-college,Married,<=50K.
32,Govt,Some-college,Divorced,<=50K.
48,Self,Doctorate,Married,>50K.
39,Private,Masters,Divorced,>50K.
58,Self,Bachelors,Married,<=50K.
55,Self,7th-8th,Never Married,<=50K.
40,Private,HS-grad,Never Married,<=50K.
33,Private,HS-grad,Divorced,<=50K.
74,Self,Doctorate,Married,>50K.
49,Self,HS-grad,Widowed,<=50K.
56,Self,11th,Widowed,>50K.
29,Private,Bachelors,Never Married,>50K.
25,Private,Assoc-acdm,Never Married,<=50K.
57,Private,12th,Married,<=50K.
29,Private,HS-grad,Married,<=50K.
28,Private,HS-grad,Never Married,<=50K.
59,Private,HS-grad,Married,>50K.
30,Private,Bachelors,Never Married,>50K.
28,NA,HS-grad,Never Married,<=50K.
19,Private,Some-college,Never Married,<=50K.
40,Private,Some-college,Never Married,<=50K.
28,Private,Some-college,Never Married,<=50K.
48,NA,Bachelors,Married,>50K.
20,Private,Some-college,Never Married,<=50K.
58,Private,Bachelors,Married,>50K.
19,Private,Some-college,Never Married,<=50K.
75,NA,HS-grad,Widowed,<=50K.
24,Govt,Bachelors,Never Married,<=50K.
31,Private,HS-grad,Married,<=50K.
28,Self,HS-grad,Divorced,<=50K.
41,Private,HS-grad,Married,<=50K.
23,Govt,Some-college,Never Married,<=50K.
46,Private,HS-grad,Married,>50K.
33,Private,12th,Never Married,<=50K.
34,Private,Some-college,Married,<=50K.
47,Govt,Bachelors,Divorced,<=50K.
81,Private,HS-grad,Married,>50K.
45,Private,HS-grad,Widowed,<=50K.
35,Private,HS-grad,Never Married,<=50K.
59,Self,Bachelors,Widowed,>50K.
46,Govt,Bachelors,Married,>50K.
39,Private,HS-grad,Married,<=50K.
23,Private,Some-college,Never Married,<=50K.
25,Private,Assoc-acdm,Never Married,<=50K.
37,Private,1st-4th,Never Married,<=50K.
49,Self,Some-college,Married,>50K.
25,Private,HS-grad,Married,<=50K.
32,Private,Bachelors,Married,>50K.
34,Govt,Some-college,Never Married,<=50K.
40,Private,Bachelors,Married,>50K.
33,Private,HS-grad,Divorced,<=50K.
78,NA,7th-8th,Married,<=50K.
31,Private,Bachelors,Married,>50K.
61,Private,Some-college,Divorced,<=50K.
22,Private,HS-grad,Married,<=50K.
29,Private,Assoc-voc,Married,<=50K.
37,Private,HS-grad,Separated,<=50K.
35,Private,11th,Divorced,<=50K.
52,Self,Masters,Married,>50K.
37,NA,HS-grad,Divorced,<=50K.
18,Private,11th,Never Married,<=50K.
37,Private,10th,Married,<=50K.
46,Private,Prof-school,Married,>50K.
25,NA,11th,Never Married,<=50K.
47,Govt,Bachelors,Married,>50K.
55,Private,Bachelors,Married,>50K.
32,Private,Some-college,Married,<=50K.
25,Self,Some-college,Divorced,<=50K.
50,Govt,HS-grad,Widowed,<=50K.
18,Private,12th,Never Married,<=50K.
25,Private,9th,Never Married,<=50K.
23,Private,Bachelors,Never Married,<=50K.
51,NA,HS-grad,Married,<=50K.
47,Self,HS-grad,Married,<=50K.
37,Private,HS-grad,Never Married,<=50K.
37,Private,Some-college,Divorced,>50K.
27,Private,5th-6th,Never Married,<=50K.
19,Private,11th,Never Married,<=50K.
52,Govt,12th,Married,<=50K.
25,Self,Assoc-voc,Married,<=50K.
17,NA,12th,Never Married,<=50K.
21,Private,HS-grad,Never Married,<=50K.
41,Self,Assoc-voc,Married,<=50K.
55,Private,HS-grad,Married,>50K.
20,NA,10th,Separated,<=50K.
24,Private,Some-college,Married,<=50K.
41,Govt,Bachelors,Married,>50K.
23,Private,Some-college,Never Married,<=50K.
33,Private,HS-grad,Married,<=50K.
29,Private,Bachelors,Never Married,>50K.
50,Govt,Some-college,Married,<=50K.
37,Self,11th,Married,<=50K.
48,Private,Assoc-voc,Married,>50K.
19,Govt,Some-college,Never Married,<=50K.
40,Private,Some-college,Divorced,<=50K.
30,Private,HS-grad,Never Married,<=50K.
65,Private,11th,Married,<=50K.
44,Govt,Bachelors,Married,<=50K.
32,Private,Bachelors,Divorced,<=50K.
41,Private,Some-college,Married,>50K.
28,Private,7th-8th,Married,<=50K.
44,Govt,Assoc-voc,Married,>50K.
39,Govt,Assoc-acdm,Divorced,<=50K.
59,Private,HS-grad,Widowed,<=50K.
31,Private,Masters,Married,>50K.
34,Private,HS-grad,Divorced,<=50K.
20,Private,HS-grad,Never Married,<=50K.
33,Private,Bachelors,Married,<=50K.
52,Private,Doctorate,Married,>50K.
31,Private,Assoc-acdm,Divorced,<=50K.
39,Private,HS-grad,Married,<=50K.
35,Private,HS-grad,Married,<=50K.
37,Self,HS-grad,Married,<=50K.
44,Self,Prof-school,Married,>50K.
28,Private,Assoc-acdm,Never Married,<=50K.
17,Private,11th,Never Married,<=50K.
23,Private,Bachelors,Never Married,<=50K.
35,Private,HS-grad,Married,>50K.
19,Private,Some-college,Never Married,<=50K.
30,Private,HS-grad,Married,<=50K.
27,Private,Bachelors,Never Married,<=50K.
29,NA,HS-grad,Never Married,<=50K.
27,Private,Assoc-voc,Never Married,>50K.
37,Private,HS-grad,Married,>50K.
44,Private,Assoc-voc,Married,>50K.
34,Private,Bachelors,Married,>50K.
43,Private,HS-grad,Separated,<=50K.
41,Private,HS-grad,Divorced,<=50K.
34,Self,HS-grad,Never Married,<=50K.
23,Private,Some-college,Never Married,<=50K.
51,Private,HS-grad,Married,<=50K.
24,Private,Assoc-acdm,Never Married,<=50K.
38,Self,HS-grad,Married,>50K.
24,Private,HS-grad,Married,<=50K.
53,Self,Doctorate,Married,>50K.
33,Private,Some-college,Married,>50K.
24,Private,HS-grad,Never Married,<=50K.
45,Private,Masters,Married,>50K.
31,Private,11th,Divorced,<=50K.
38,Govt,Some-college,Widowed,<=50K.
28,Private,Bachelors,Married,>50K.
38,Private,Assoc-voc,Married,>50K.
25,Private,Bachelors,Never Married,<=50K.
29,Private,Some-college,Never Married,<=50K.
29,Private,HS-grad,Never Married,<=50K.
48,Private,HS-grad,Married,>50K.
24,Private,Assoc-voc,Never Married,<=50K.
31,Private,HS-grad,Never Married,<=50K.
36,Private,Some-college,Divorced,<=50K.
62,Private,Bachelors,Married,>50K.
25,Private,Bachelors,Never Married,<=50K.
55,Private,HS-grad,Divorced,<=50K.
21,Private,Some-college,Never Married,<=50K.
60,Private,9th,Married,<=50K.
41,Private,Assoc-acdm,Divorced,<=50K.
43,Govt,HS-grad,Married,<=50K.
30,Private,HS-grad,Married,>50K.
47,Private,Some-college,Married,<=50K.
50,Private,HS-grad,Married,<=50K.
41,Self,HS-grad,Married,>50K.
23,Private,HS-grad,Never Married,<=50K.
38,NA,7th-8th,Divorced,<=50K.
30,Private,Assoc-acdm,Never Married,<=50K.
35,Private,HS-grad,Divorced,<=50K.
25,Private,Some-college,Divorced,<=50K.
61,Private,Prof-school,Married,<=50K.
71,NA,HS-grad,Married,<=50K.
35,Govt,HS-grad,Divorced,<=50K.
35,Govt,HS-grad,Divorced,<=50K.
38,Private,HS-grad,Married,<=50K.
27,Self,Assoc-voc,Never Married,<=50K.
51,Private,1st-4th,Widowed,<=50K.
55,Self,Assoc-acdm,Divorced,<=50K.
45,Private,Bachelors,Married,<=50K.
33,Private,Assoc-voc,Married,<=50K.
25,Govt,Some-college,Never Married,<=50K.
52,Private,Doctorate,Married,>50K.
46,Private,Some-college,Divorced,<=50K.
34,Private,Some-college,Married,<=50K.
52,Govt,Bachelors,Married,<=50K.
47,Private,Some-college,Divorced,<=50K.
46,Private,Bachelors,Divorced,<=50K.
36,Self,Some-college,Married,>50K.
69,NA,7th-8th,Married,<=50K.
34,Private,Some-college,Married,>50K.
36,Private,HS-grad,Never Married,<=50K.
31,Private,HS-grad,Never Married,<=50K.
31,Self,HS-grad,Married,>50K.
38,Govt,Bachelors,Married,<=50K.
57,Govt,Some-college,Divorced,<=50K.
24,Private,Assoc-acdm,Never Married,<=50K.
37,Private,HS-grad,Divorced,<=50K.
69,Self,Some-college,Married,>50K.
39,Private,Masters,Married,>50K.
38,Private,Assoc-voc,Divorced,<=50K.
34,Govt,HS-grad,Never Married,<=50K.
21,Private,HS-grad,Never Married,<=50K.
21,Private,Some-college,Never Married,<=50K.
61,Private,HS-grad,Married,<=50K.
35,Private,HS-grad,Married,<=50K.
29,Private,Some-college,Never Married,<=50K.
18,NA,10th,Never Married,<=50K.
41,Govt,HS-grad,Divorced,<=50K.
42,Private,12th,Married,>50K.
52,Private,Masters,Divorced,>50K.
38,Private,12th,Never Married,<=50K.
51,Self,HS-grad,Married,<=50K.
55,Private,HS-grad,Married,<=50K.
20,Private,Some-college,Never Married,<=50K.
23,Private,Some-college,Never Married,<=50K.
24,Private,Assoc-acdm,Married,<=50K.
48,Private,Bachelors,Divorced,<=50K.
22,Private,HS-grad,Never Married,<=50K.
22,Govt,Some-college,Never Married,<=50K.
28,Private,Some-college,Never Married,<=50K.
28,Private,Masters,Married,>50K.
34,Private,Bachelors,Married,>50K.
25,Private,HS-grad,Never Married,<=50K.
48,Private,HS-grad,Divorced,<=50K.
32,Govt,HS-grad,Married,<=50K.
31,Private,9th,Never Married,<=50K.
65,NA,HS-grad,Widowed,<=50K.
56,Govt,Some-college,Divorced,<=50K.
22,Self,Assoc-voc,Never Married,<=50K.
27,Private,Bachelors,Never Married,<=50K.
27,Govt,HS-grad,Never Married,<=50K.
30,Govt,Masters,Married,<=50K.
33,Private,Some-college,Never Married,<=50K.
50,Private,Bachelors,Married,>50K.
19,Private,Some-college,Never Married,<=50K.
42,Private,HS-grad,Married,<=50K.
37,Govt,HS-grad,Married,<=50K.
26,Private,HS-grad,Never Married,<=50K.
32,NA,12th,Never Married,<=50K.
43,Private,Some-college,Separated,<=50K.
47,Private,HS-grad,Divorced,<=50K.
26,Private,Bachelors,Married,>50K.
24,Private,Some-college,Never Married,<=50K.
34,Private,11th,Divorced,<=50K.
33,Self,HS-grad,Married,<=50K.
35,Private,Masters,Never Married,>50K.
57,Private,HS-grad,Married,>50K.
45,Private,HS-grad,Married,<=50K.
42,Private,Some-college,Separated,<=50K.
25,Private,Bachelors,Never Married,<=50K.
56,Private,HS-grad,Married,>50K.
25,Private,HS-grad,Never Married,<=50K.
23,Private,Bachelors,Never Married,<=50K.
35,Govt,Some-college,Married,<=50K.
28,Private,9th,Never Married,<=50K.
41,Private,Assoc-acdm,Married,>50K.
26,Private,HS-grad,Never Married,<=50K.
37,Private,HS-grad,Divorced,<=50K.
22,Private,HS-grad,Never Married,<=50K.
30,Private,Bachelors,Divorced,<=50K.
42,Private,Bachelors,Separated,<=50K.
38,Private,Assoc-voc,Divorced,<=50K.
49,Private,Preschool,Married,<=50K.
27,Private,Bachelors,Married,>50K.
43,Govt,HS-grad,Married,>50K.
68,NA,Some-college,Married,<=50K.
41,Private,HS-grad,Married,<=50K.
25,Private,HS-grad,Never Married,<=50K.
23,Private,Bachelors,Never Married,<=50K.
68,Private,Bachelors,Married,>50K.
17,Private,10th,Never Married,<=50K.
45,Self,Bachelors,Never Married,<=50K.
45,Private,Assoc-voc,Divorced,>50K.
30,Private,Some-college,Married,>50K.
49,Govt,Some-college,Divorced,<=50K.
42,Private,Some-college,Married,>50K.
29,Private,HS-grad,Never Married,<=50K.
21,Govt,Some-college,Never Married,<=50K.
20,Private,Some-college,Never Married,<=50K.
59,Private,11th,Divorced,<=50K.
26,Private,10th,Married,<=50K.
25,Private,Masters,Never Married,<=50K.
33,Private,HS-grad,Married,>50K.
35,Private,HS-grad,Divorced,<=50K.
45,Govt,HS-grad,Married,>50K.
66,Private,Some-college,Married,<=50K.
67,NA,5th-6th,Widowed,<=50K.
33,Private,Assoc-acdm,Never Married,<=50K.
38,Private,HS-grad,Married,<=50K.
72,Private,HS-grad,Married,<=50K.
21,Private,Some-college,Never Married,<=50K.
39,Private,Some-college,Married,<=50K.
41,Private,HS-grad,Married,>50K.
22,Private,Some-college,Never Married,<=50K.
49,Self,Some-college,Married,>50K.
24,Private,Bachelors,Never Married,<=50K.
25,Private,11th,Married,<=50K.
26,Private,Some-college,Married,<=50K.
50,Private,HS-grad,Divorced,<=50K.
23,Private,HS-grad,Never Married,<=50K.
41,Private,10th,Divorced,<=50K.
60,Private,HS-grad,Divorced,<=50K.
67,NA,HS-grad,Divorced,<=50K.
77,Govt,Bachelors,Married,<=50K.
62,Private,Some-college,Divorced,<=50K.
22,Private,Some-college,Never Married,<=50K.
37,Private,Some-college,Divorced,<=50K.
17,Private,11th,Never Married,<=50K.
52,Govt,Masters,Never Married,>50K.
31,Private,HS-grad,Never Married,<=50K.
23,Govt,Bachelors,Never Married,<=50K.
27,Self,HS-grad,Never Married,<=50K.
38,Self,Some-college,Married,<=50K.
23,Private,10th,Never Married,<=50K.
22,Govt,Some-college,Never Married,<=50K.
61,Self,HS-grad,Married,<=50K.
55,Private,5th-6th,Married,<=50K.
23,Private,Some-college,Never Married,<=50K.
39,Private,5th-6th,Married,<=50K.
38,Govt,Doctorate,Married,>50K.
25,Private,Some-college,Never Married,<=50K.
25,Private,Bachelors,Never Married,<=50K.
66,Private,Some-college,Married,<=50K.
30,Private,Some-college,Married,<=50K.
32,Private,HS-grad,Never Married,<=50K.
43,Private,Some-college,Married,>50K.
18,Private,7th-8th,Never Married,<=50K.
20,Private,11th,Never Married,<=50K.
20,Private,HS-grad,Never Married,<=50K.
34,Private,Masters,Divorced,<=50K.
33,Private,Assoc-acdm,Married,<=50K.
40,Private,HS-grad,Married,<=50K.
33,Private,HS-grad,Married,>50K.
30,Private,HS-grad,Never Married,<=50K.
41,Govt,Preschool,Never Married,<=50K.
20,Private,Some-college,Never Married,<=50K.
40,Self,Bachelors,Married,>50K.
44,Self,Bachelors,Divorced,<=50K.
50,Private,5th-6th,Married,<=50K.
38,NA,Prof-school,Divorced,<=50K.
30,Govt,HS-grad,Married,<=50K.
45,Private,Some-college,Divorced,<=50K.
25,Private,Bachelors,Never Married,<=50K.
22,NA,Some-college,Never Married,<=50K.
25,Private,Some-college,Married,<=50K.
63,NA,Bachelors,Married,<=50K.
55,Govt,HS-grad,Married,>50K.
26,Private,Some-college,Never Married,<=50K.
22,Private,Some-college,Never Married,<=50K.
41,Self,HS-grad,Divorced,<=50K.
21,Private,Assoc-voc,Never Married,<=50K.
39,Private,HS-grad,Married,<=50K.
82,NA,Assoc-voc,Widowed,<=50K.
18,Private,11th,Never Married,<=50K.
60,Private,11th,Divorced,<=50K.
22,Private,Some-college,Never Married,<=50K.
39,Govt,Some-college,Never Married,>50K.
34,Private,HS-grad,Married,<=50K.
50,Govt,Masters,Divorced,<=50K.
53,Private,Some-college,Divorced,<=50K.
27,Private,HS-grad,Never Married,<=50K.
37,Private,Some-college,Married,<=50K.
25,Private,HS-grad,Married,<=50K.
33,Private,Some-college,Married,<=50K.
34,Govt,Bachelors,Married,<=50K.
35,Private,Assoc-voc,Never Married,<=50K.
51,Private,Some-college,Married,>50K.
33,Private,10th,Married,<=50K.
57,Self,HS-grad,Married,>50K.
25,NA,Some-college,Never Married,<=50K.
56,Private,7th-8th,Married,<=50K.
34,Private,Bachelors,Divorced,>50K.
36,Private,Bachelors,Never Married,<=50K.
46,Private,HS-grad,Married,>50K.
55,Private,HS-grad,Married,>50K.
88,Self,Prof-school,Married,<=50K.
60,Self,Some-college,Married,<=50K.
40,Self,Masters,Separated,<=50K.
21,Private,Some-college,Never Married,<=50K.
46,Private,HS-grad,Married,<=50K.
56,Private,Doctorate,Married,<=50K.
36,Self,HS-grad,Divorced,<=50K.
67,Self,Some-college,Married,<=50K.
35,Private,Some-college,Married,<=50K.
20,Private,Some-college,Never Married,<=50K.
34,Private,HS-grad,Married,<=50K.
23,Private,HS-grad,Never Married,<=50K.
19,NA,HS-grad,Never Married,<=50K.
19,Private,Some-college,Never Married,<=50K.
25,Private,Some-college,Never Married,<=50K.
53,Private,HS-grad,Married,<=50K.
18,NA,Some-college,Never Married,<=50K.
31,Self,HS-grad,Married,<=50K.
33,Private,7th-8th,Married,<=50K.
33,Govt,Some-college,Divorced,<=50K.
45,Self,Prof-school,Divorced,>50K.
35,Private,Some-college,Divorced,<=50K.
20,NA,HS-grad,Never Married,<=50K.
36,Private,11th,Married,<=50K.
36,Private,HS-grad,Married,<=50K.
51,Self,HS-grad,Married,<=50K.
45,NA,Masters,Married,<=50K.
45,Govt,Prof-school,Divorced,>50K.
24,Private,5th-6th,Never Married,<=50K.
28,Private,Assoc-voc,Never Married,<=50K.
63,Private,11th,Married,<=50K.
35,Private,HS-grad,Married,>50K.
25,Self,Bachelors,Married,<=50K.
36,Private,Assoc-voc,Married,>50K.
44,Private,HS-grad,Never Married,<=50K.
49,Self,HS-grad,Divorced,<=50K.
52,Private,1st-4th,Married,<=50K.
27,Private,Bachelors,Never Married,<=50K.
35,Private,Some-college,Never Married,<=50K.
51,Private,Bachelors,Married,>50K.
49,Private,7th-8th,Married,<=50K.
35,Govt,Bachelors,Married,>50K.
28,Private,Some-college,Divorced,<=50K.
37,Private,Some-college,Divorced,<=50K.
65,Private,Bachelors,Divorced,<=50K.
24,Private,Bachelors,Never Married,<=50K.
30,Govt,Assoc-acdm,Never Married,<=50K.
38,Private,HS-grad,Married,<=50K.
58,Self,HS-grad,Married,>50K.
57,Private,Masters,Married,>50K.
40,Private,Bachelors,Married,>50K.
42,Private,Some-college,Divorced,<=50K.
31,Self,HS-grad,Married,>50K.
17,Private,12th,Never Married,<=50K.
42,Private,Some-college,Divorced,<=50K.
25,Private,Masters,Never Married,<=50K.
40,Private,Some-college,Married,>50K.
65,NA,Prof-school,Never Married,>50K.
29,Private,Masters,Never Married,<=50K.
31,Private,Bachelors,Married,>50K.
71,Govt,Masters,Widowed,<=50K.
34,Private,Bachelors,Never Married,<=50K.
25,Private,HS-grad,Married,<=50K.
40,Private,HS-grad,Married,<=50K.
67,Private,Some-college,Widowed,<=50K.
40,Private,HS-grad,Married,>50K.
18,Private,HS-grad,Never Married,<=50K.
38,Private,Bachelors,Married,>50K.
38,Private,11th,Married,<=50K.
42,Private,HS-grad,Married,<=50K.
36,Govt,HS-grad,Separated,<=50K.
23,Self,1st-4th,Married,<=50K.
56,Private,HS-grad,Married,<=50K.
36,Private,Some-college,Married,>50K.
22,Private,Some-college,Never Married,<=50K.
39,Private,12th,Divorced,<=50K.
36,Govt,Prof-school,Divorced,<=50K.
44,Private,Some-college,Married,>50K.
38,Private,11th,Divorced,<=50K.
19,NA,Some-college,Never Married,<=50K.
37,Private,10th,Married,<=50K.
57,Govt,HS-grad,Divorced,<=50K.
54,Private,12th,Married,<=50K.
18,Self,Some-college,Never Married,<=50K.
22,NA,Some-college,Never Married,<=50K.
63,Self,7th-8th,Married,<=50K.
38,Self,HS-grad,Married,<=50K.
26,Private,11th,Married,<=50K.
40,Private,11th,Divorced,<=50K.
20,Private,HS-grad,Never Married,<=50K.
39,Private,10th,Married,<=50K.
28,Private,HS-grad,Never Married,<=50K.
30,Private,Some-college,Married,>50K.
42,Private,HS-grad,Divorced,<=50K.
42,Private,HS-grad,Divorced,<=50K.
21,Private,HS-grad,Never Married,<=50K.
40,Private,Some-college,Divorced,<=50K.
36,Private,11th,Never Married,<=50K.
67,Private,Some-college,Divorced,<=50K.
65,Private,Some-college,Divorced,<=50K.
50,Govt,Bachelors,Divorced,<=50K.
18,Private,10th,Never Married,<=50K.
31,Private,HS-grad,Never Married,<=50K.
36,Self,Some-college,Married,>50K.
20,Private,HS-grad,Never Married,<=50K.
34,Private,HS-grad,Married,<=50K.
24,Private,HS-grad,Married,<=50K.
38,Govt,HS-grad,Divorced,<=50K.
17,Private,10th,Never Married,<=50K.
52,Unemp,HS-grad,Married,<=50K.
34,Private,Masters,Never Married,>50K.
30,NA,HS-grad,Married,<=50K.
49,Private,Prof-school,Married,<=50K.
45,Private,9th,Never Married,<=50K.
46,Private,Bachelors,Married,>50K.
34,Self,Bachelors,Married,>50K.
21,Self,12th,Married,<=50K.
17,Private,11th,Never Married,<=50K.
23,Private,Some-college,Never Married,<=50K.
32,Private,Some-college,Married,<=50K.
22,Private,Some-college,Never Married,<=50K.
48,Govt,HS-grad,Married,>50K.
27,Govt,Bachelors,Never Married,<=50K.
43,Private,Masters,Never Married,<=50K.
44,Private,HS-grad,Married,<=50K.
55,Private,Some-college,Married,>50K.
31,Private,HS-grad,Never Married,<=50K.
34,Private,HS-grad,Never Married,<=50K.
34,Private,HS-grad,Divorced,<=50K.
37,Private,Bachelors,Divorced,<=50K.
21,Private,Some-college,Never Married,<=50K.
35,Private,Assoc-voc,Married,<=50K.
28,Private,Some-college,Divorced,<=50K.
62,Private,HS-grad,Divorced,<=50K.
40,Govt,Some-college,Married,<=50K.
34,Private,Bachelors,Never Married,<=50K.
32,Private,Masters,Never Married,<=50K.
70,Private,Some-college,Widowed,<=50K.
23,Private,HS-grad,Married,<=50K.
30,Private,HS-grad,Never Married,<=50K.
57,Private,HS-grad,Married,<=50K.
34,Self,Prof-school,Married,>50K.
24,Private,10th,Married,<=50K.
41,Govt,Bachelors,Married,>50K.
38,Self,7th-8th,Married,<=50K.
48,Private,Assoc-acdm,Divorced,<=50K.
43,Private,Bachelors,Married,<=50K.
18,Private,Some-college,Never Married,<=50K.
35,Private,Bachelors,Married,>50K.
42,Private,HS-grad,Divorced,<=50K.
30,Private,Some-college,Divorced,<=50K.
42,Private,Bachelors,Married,>50K.
48,Private,Some-college,Divorced,<=50K.
70,Private,HS-grad,Divorced,<=50K.
37,Private,9th,Divorced,<=50K.
51,Private,Assoc-voc,Separated,<=50K.
35,Private,HS-grad,Married,<=50K.
59,Self,Bachelors,Married,>50K.
57,Private,Bachelors,Married,>50K.
26,Private,HS-grad,Never Married,<=50K.
26,Private,5th-6th,Separated,<=50K.
19,Private,HS-grad,Never Married,<=50K.
34,Private,HS-grad,Divorced,<=50K.
56,Private,Bachelors,Never Married,>50K.
25,Private,Bachelors,Never Married,<=50K.
46,Self,Prof-school,Married,>50K.
22,Private,HS-grad,Married,<=50K.
32,Private,Assoc-voc,Divorced,<=50K.
72,Self,Some-college,Married,<=50K.
36,Private,HS-grad,Married,<=50K.
28,Private,HS-grad,Married,>50K.
76,NA,9th,Widowed,<=50K.
37,Private,HS-grad,Married,<=50K.
42,Private,Bachelors,Married,>50K.
44,Private,Some-college,Married,<=50K.
33,Private,Some-college,Married,>50K.
53,Govt,Doctorate,Married,<=50K.
28,Private,Some-college,Never Married,<=50K.
69,Private,Bachelors,Married,<=50K.
20,Private,Some-college,Never Married,<=50K.
33,Private,Some-college,Never Married,<=50K.
47,Private,HS-grad,Married,>50K.
50,Govt,HS-grad,Married,>50K.
22,Private,Some-college,Never Married,<=50K.
20,Private,HS-grad,Never Married,<=50K.
42,Govt,Bachelors,Never Married,<=50K.
23,Private,HS-grad,Never Married,<=50K.
24,NA,HS-grad,Separated,<=50K.
32,Private,Some-college,Divorced,<=50K.
41,Private,Bachelors,Widowed,<=50K.
35,Private,HS-grad,Married,<=50K.
40,Private,Masters,Married,>50K.
25,Private,Some-college,Never Married,<=50K.
34,Govt,Doctorate,Married,<=50K.
23,Private,Assoc-voc,Never Married,<=50K.
30,Govt,Masters,Married,>50K.
55,Govt,Masters,Widowed,<=50K.
26,Private,Masters,Never Married,<=50K.
42,NA,HS-grad,Married,<=50K.
39,Private,Masters,Never Married,<=50K.
52,Private,HS-grad,Married,>50K.
42,Private,Some-college,Separated,<=50K.
25,Private,Bachelors,Never Married,<=50K.
27,Private,Bachelors,Never Married,<=50K.
30,Self,7th-8th,Never Married,<=50K.
23,Govt,Bachelors,Never Married,>50K.
47,Self,Bachelors,Married,>50K.
58,NA,Bachelors,Divorced,<=50K.
18,Private,HS-grad,Never Married,<=50K.
52,Private,Some-college,Divorced,<=50K.
24,Private,HS-grad,Never Married,<=50K.
58,Self,HS-grad,Married,>50K.
35,Private,HS-grad,Never Married,<=50K.
31,Private,Assoc-voc,Never Married,<=50K.
46,Private,Some-college,Married,>50K.
43,Private,Masters,Married,>50K.
21,Private,HS-grad,Never Married,<=50K.
52,Private,Some-college,Married,<=50K.
24,Private,Bachelors,Never Married,<=50K.
22,Private,HS-grad,Never Married,<=50K.
39,Private,Some-college,Married,<=50K.
34,Govt,HS-grad,Married,<=50K.
58,Private,Bachelors,Married,>50K.
26,Private,Bachelors,Never Married,<=50K.
29,Private,HS-grad,Married,<=50K.
67,NA,Bachelors,Married,<=50K.
28,Private,Assoc-acdm,Married,<=50K.
62,Govt,Some-college,Married,<=50K.
54,Private,5th-6th,Married,>50K.
36,Private,Some-college,Married,<=50K.
18,Private,12th,Never Married,<=50K.
25,Private,Assoc-voc,Married,<=50K.
48,Private,Some-college,Never Married,<=50K.
56,Private,10th,Married,<=50K.
30,Private,Prof-school,Never Married,<=50K.
41,Govt,HS-grad,Divorced,<=50K.
59,Private,HS-grad,Divorced,>50K.
36,Private,11th,Married,<=50K.
30,Private,HS-grad,Divorced,<=50K.
27,Private,HS-grad,Never Married,<=50K.
19,NA,HS-grad,Never Married,<=50K.
30,Private,Bachelors,Never Married,<=50K.
47,Private,Assoc-voc,Divorced,<=50K.
39,Private,HS-grad,Married,>50K.
31,Private,HS-grad,Married,<=50K.
44,Private,Assoc-acdm,Divorced,<=50K.
37,Private,HS-grad,Never Married,<=50K.
28,Private,Some-college,Married,<=50K.
38,Private,HS-grad,Married,<=50K.
26,Private,HS-grad,Divorced,<=50K.
44,Private,Some-college,Married,>50K.
40,Private,Some-college,Married,<=50K.
53,Govt,HS-grad,Married,>50K.
31,Private,Some-college,Married,<=50K.
18,Private,HS-grad,Never Married,<=50K.
43,Self,HS-grad,Married,<=50K.
30,Private,HS-grad,Never Married,<=50K.
19,Govt,HS-grad,Never Married,<=50K.
36,Private,HS-grad,Married,<=50K.
19,NA,Some-college,Never Married,<=50K.
25,Private,Masters,Never Married,<=50K.
36,Private,11th,Married,<=50K.
22,Private,Some-college,Never Married,<=50K.
42,Govt,Bachelors,Married,<=50K.
33,Govt,Some-college,Never Married,<=50K.
38,Private,HS-grad,Never Married,<=50K.
21,NA,Some-college,Married,<=50K.
33,Govt,HS-grad,Married,<=50K.
52,Self,HS-grad,Divorced,<=50K.
30,Private,Some-college,Never Married,<=50K.
18,Govt,Some-college,Never Married,<=50K.
24,Govt,Some-college,Married,<=50K.
17,Private,10th,Never Married,<=50K.
48,Private,Some-college,Never Married,<=50K.
66,NA,7th-8th,Married,<=50K.
46,Govt,Some-college,Divorced,<=50K.
55,Private,HS-grad,Divorced,>50K.
28,Private,Bachelors,Never Married,<=50K.
33,Private,HS-grad,Divorced,<=50K.
44,Private,HS-grad,Married,<=50K.
43,Private,HS-grad,Divorced,<=50K.
42,Private,Some-college,Never Married,<=50K.
39,Private,Assoc-voc,Divorced,<=50K.
23,Private,10th,Never Married,<=50K.
20,Govt,Some-college,Never Married,<=50K.
29,Private,Some-college,Divorced,>50K.
54,Self,Some-college,Married,<=50K.
34,Private,Assoc-voc,Never Married,<=50K.
30,Private,Bachelors,Married,>50K.
59,Private,11th,Married,<=50K.
40,Private,7th-8th,Divorced,<=50K.
37,Private,HS-grad,Separated,<=50K.
45,Private,HS-grad,Married,<=50K.
55,Self,Masters,Married,>50K.
49,Govt,Some-college,Married,>50K.
67,NA,Masters,Married,<=50K.
49,Self,Assoc-acdm,Divorced,<=50K.
30,Govt,HS-grad,Married,>50K.
56,Govt,Some-college,Divorced,<=50K.
29,Private,Some-college,Never Married,<=50K.
33,Private,HS-grad,Married,<=50K.
25,Private,Some-college,Never Married,<=50K.
28,Private,Assoc-voc,Married,>50K.
23,Private,HS-grad,Never Married,<=50K.
39,Self,HS-grad,Married,<=50K.
37,Self,Bachelors,Married,>50K.
39,Private,Masters,Never Married,>50K.
32,Govt,Bachelors,Married,>50K.
26,Private,Bachelors,Never Married,<=50K.
57,Govt,Some-college,Divorced,<=50K.
36,Private,9th,Married,>50K.
30,Private,Bachelors,Married,>50K.
27,Private,HS-grad,Married,<=50K.
21,Private,Some-college,Never Married,<=50K.
22,Private,HS-grad,Married,<=50K.
43,Govt,HS-grad,Married,<=50K.
20,Private,Some-college,Never Married,<=50K.
30,Private,HS-grad,Married,>50K.
57,Private,Masters,Married,>50K.
42,Private,Assoc-voc,Separated,<=50K.
29,Private,Assoc-voc,Divorced,<=50K.
44,Govt,HS-grad,Married,>50K.
28,Private,Assoc-acdm,Divorced,<=50K.
42,Private,HS-grad,Married,>50K.
26,Private,Bachelors,Never Married,<=50K.
29,Private,Some-college,Divorced,<=50K.
42,Private,Bachelors,Divorced,<=50K.
30,Private,HS-grad,Married,<=50K.
21,Govt,Some-college,Never Married,<=50K.
59,Private,HS-grad,Married,>50K.
21,NA,Some-college,Never Married,<=50K.
56,Private,HS-grad,Divorced,<=50K.
39,Private,Preschool,Never Married,<=50K.
21,Private,Some-college,Never Married,<=50K.
48,Private,Bachelors,Married,>50K.
35,Govt,HS-grad,Married,<=50K.
43,Private,Bachelors,Separated,>50K.
23,Private,Assoc-voc,Never Married,<=50K.
17,NA,10th,Never Married,<=50K.
41,Private,Bachelors,Married,>50K.
35,Self,Masters,Married,<=50K.
22,Private,Some-college,Never Married,<=50K.
53,Private,HS-grad,Divorced,<=50K.
42,Private,Some-college,Never Married,<=50K.
36,Private,HS-grad,Separated,<=50K.
44,Govt,Bachelors,Married,<=50K.
27,Private,Bachelors,Married,>50K.
39,Self,HS-grad,Married,<=50K.
59,Private,9th,Married,<=50K.
34,Govt,Some-college,Never Married,<=50K.
17,Private,12th,Never Married,<=50K.
31,Private,HS-grad,Married,<=50K.
59,Private,Some-college,Married,<=50K.
39,Private,Some-college,Married,<=50K.
46,Govt,Bachelors,Married,>50K.
31,Private,HS-grad,Married,<=50K.
27,Private,Bachelors,Never Married,<=50K.
18,Private,11th,Never Married,<=50K.
46,Private,Some-college,Married,>50K.
55,Private,Bachelors,Married,>50K.
48,Private,Bachelors,Divorced,<=50K.
53,Private,HS-grad,Married,<=50K.
44,Self,Bachelors,Married,>50K.
43,Private,Some-college,Married,<=50K.
50,Private,HS-grad,Separated,<=50K.
56,Private,7th-8th,Divorced,<=50K.
27,Private,HS-grad,Married,<=50K.
20,Private,HS-grad,Never Married,<=50K.
18,Govt,10th,Never Married,<=50K.
34,Private,HS-grad,Married,>50K.
38,Private,Some-college,Divorced,<=50K.
40,Self,Bachelors,Married,<=50K.
55,Private,Some-college,Divorced,<=50K.
35,Self,HS-grad,Married,>50K.
26,Private,HS-grad,Never Married,<=50K.
54,Govt,Bachelors,Married,>50K.
22,Private,HS-grad,Never Married,<=50K.
52,Govt,HS-grad,Divorced,<=50K.
33,Private,10th,Separated,<=50K.
42,Private,Masters,Married,>50K.
19,Unemp,HS-grad,Never Married,<=50K.
45,Private,Some-college,Divorced,<=50K.
53,Self,HS-grad,Married,<=50K.
46,Private,HS-grad,Divorced,<=50K.
25,Private,Some-college,Married,<=50K.
90,Private,Bachelors,Never Married,<=50K.
33,Private,HS-grad,Never Married,<=50K.
45,Private,Some-college,Divorced,<=50K.
47,Private,HS-grad,Married,>50K.
38,Govt,Masters,Never Married,<=50K.
35,NA,Prof-school,Never Married,>50K.
37,Private,HS-grad,Married,<=50K.
53,Govt,Masters,Married,>50K.
56,Private,Bachelors,Married,>50K.
18,Private,11th,Never Married,<=50K.
44,Private,HS-grad,Married,<=50K.
50,Private,Some-college,Divorced,<=50K.
26,Private,Bachelors,Never Married,<=50K.
36,Private,Some-college,Never Married,<=50K.
37,Private,11th,Divorced,<=50K.
32,Private,Bachelors,Never Married,<=50K.
38,Self,Assoc-acdm,Married,<=50K.
62,Private,HS-grad,Divorced,<=50K.
46,Private,HS-grad,Married,<=50K.
41,Private,HS-grad,Never Married,<=50K.
37,Private,HS-grad,Married,<=50K.
27,Private,Some-college,Never Married,<=50K.
38,Private,Assoc-acdm,Married,<=50K.
35,Private,12th,Never Married,<=50K.
34,Private,Bachelors,Never Married,<=50K.
50,Private,HS-grad,Married,<=50K.
28,Private,Some-college,Married,>50K.
67,Govt,Bachelors,Divorced,<=50K.
34,Self,Some-college,Married,<=50K.
19,Private,Some-college,Never Married,<=50K.
23,Private,HS-grad,Never Married,<=50K.
50,Private,HS-grad,Married,>50K.
45,Govt,Masters,Married,>50K.
17,Private,12th,Never Married,<=50K.
59,NA,HS-grad,Married,>50K.
25,Private,HS-grad,Never Married,<=50K.
21,Private,Some-college,Never Married,<=50K.
50,Private,Prof-school,Married,>50K.
17,Private,10th,Never Married,<=50K.
63,Private,HS-grad,Widowed,<=50K.
31,Govt,Masters,Never Married,<=50K.
45,Private,HS-grad,Divorced,<=50K.
25,Private,HS-grad,Never Married,<=50K.
20,Private,12th,Never Married,<=50K.
31,Private,Some-college,Never Married,<=50K.
42,Private,Doctorate,Married,<=50K.
56,Private,Some-college,Married,>50K.
47,Private,HS-grad,Never Married,<=50K.
69,Private,HS-grad,Divorced,<=50K.
42,Private,Bachelors,Married,<=50K.
19,Private,HS-grad,Never Married,<=50K.
56,Self,Some-college,Married,<=50K.
33,Private,Bachelors,Married,>50K.
61,Govt,Masters,Widowed,<=50K.
38,Private,HS-grad,Divorced,<=50K.
50,Self,HS-grad,Married,>50K.
39,Private,Some-college,Divorced,>50K.
35,Self,HS-grad,Married,<=50K.
27,Private,Some-college,Divorced,<=50K.
40,Self,Some-college,Married,>50K.
59,Govt,Doctorate,Married,>50K.
20,NA,Some-college,Never Married,<=50K.
42,Govt,HS-grad,Married,>50K.
59,Private,Some-college,Separated,<=50K.
54,Self,Doctorate,Married,>50K.
38,Private,Some-college,Married,>50K.
53,Private,Bachelors,Married,<=50K.
20,Private,Some-college,Never Married,<=50K.
54,Govt,Some-college,Married,>50K.
41,Self,Masters,Never Married,>50K.
33,Govt,HS-grad,Divorced,<=50K.
35,Private,HS-grad,Widowed,<=50K.
22,Private,HS-grad,Never Married,<=50K.
45,Self,Bachelors,Married,>50K.
29,Private,Masters,Never Married,<=50K.
56,Self,Masters,Divorced,<=50K.
23,Private,Bachelors,Never Married,<=50K.
30,Private,HS-grad,Never Married,<=50K.
17,Private,11th,Never Married,<=50K.
35,Govt,Some-college,Separated,<=50K.
25,Private,1st-4th,Never Married,<=50K.
42,Govt,Assoc-voc,Married,>50K.
42,Private,HS-grad,Never Married,<=50K.
19,Private,HS-grad,Never Married,<=50K.
32,Private,Assoc-acdm,Never Married,<=50K.
44,Private,Some-college,Divorced,<=50K.
53,Private,Some-college,Married,>50K.
47,Self,Bachelors,Widowed,<=50K.
24,Private,Some-college,Never Married,<=50K.
30,Govt,Some-college,Married,>50K.
42,Private,HS-grad,Separated,<=50K.
19,Private,HS-grad,Never Married,<=50K.
37,Self,11th,Never Married,<=50K.
26,Self,10th,Married,<=50K.
25,Govt,HS-grad,Never Married,<=50K.
52,Private,Some-college,Married,<=50K.
50,Govt,HS-grad,Married,<=50K.
40,Private,Prof-school,Married,>50K.
32,Private,HS-grad,Married,<=50K.
37,Private,HS-grad,Married,<=50K.
42,Govt,Masters,Never Married,<=50K.
47,Private,HS-grad,Married,<=50K.
47,Private,Some-college,Married,<=50K.
28,Private,Bachelors,Married,>50K.
27,Private,Bachelors,Married,<=50K.
61,Self,HS-grad,Married,<=50K.
47,Private,5th-6th,Married,<=50K.
30,Private,Assoc-acdm,Never Married,<=50K.
54,Private,HS-grad,Married,>50K.
56,Govt,Prof-school,Married,>50K.
69,Private,Some-college,Widowed,<=50K.
30,Private,HS-grad,Married,>50K.
36,Private,Some-college,Married,>50K.
42,Self,11th,Married,<=50K.
45,Govt,Bachelors,Married,>50K.
39,Private,Bachelors,Married,>50K.
26,Private,11th,Divorced,<=50K.
28,Govt,Bachelors,Married,>50K.
31,Private,Masters,Married,>50K.
32,Private,5th-6th,Separated,<=50K.
51,Private,HS-grad,Never Married,<=50K.
29,Private,HS-grad,Married,<=50K.
38,Govt,Masters,Never Married,<=50K.
64,Private,Some-college,Widowed,<=50K.
26,Govt,Some-college,Never Married,<=50K.
68,Private,5th-6th,Married,<=50K.
32,Private,HS-grad,Married,<=50K.
29,Private,Some-college,Never Married,<=50K.
51,NA,1st-4th,Separated,<=50K.
21,Private,HS-grad,Never Married,<=50K.
26,NA,10th,Separated,<=50K.
33,Govt,Bachelors,Married,<=50K.
26,Private,HS-grad,Never Married,<=50K.
52,Private,HS-grad,Married,<=50K.
31,Private,HS-grad,Married,<=50K.
29,Govt,HS-grad,Never Married,<=50K.
19,Private,Some-college,Never Married,<=50K.
51,Private,HS-grad,Married,<=50K.
45,Private,9th,Separated,<=50K.
20,Private,HS-grad,Married,<=50K.
40,Private,Some-college,Never Married,<=50K.
43,Private,Doctorate,Married,>50K.
52,Govt,Some-college,Married,<=50K.
46,Private,Some-college,Divorced,<=50K.
24,Private,HS-grad,Married,<=50K.
20,Private,9th,Never Married,<=50K.
38,Self,Bachelors,Married,<=50K.
44,Private,Bachelors,Never Married,<=50K.
24,Private,Bachelors,Never Married,<=50K.
32,Govt,Prof-school,Married,>50K.
49,Private,7th-8th,Never Married,<=50K.
36,Private,Masters,Never Married,<=50K.
31,Private,HS-grad,Separated,<=50K.
46,NA,5th-6th,Married,<=50K.
46,Private,Some-college,Divorced,<=50K.
46,Govt,Some-college,Married,>50K.
29,Private,HS-grad,Married,<=50K.
37,Private,HS-grad,Married,<=50K.
44,NA,7th-8th,Married,<=50K.
28,NA,Some-college,Never Married,<=50K.
28,Self,Bachelors,Never Married,<=50K.
48,Private,HS-grad,Widowed,<=50K.
52,Private,11th,Divorced,<=50K.
19,Private,HS-grad,Never Married,<=50K.
31,Self,Bachelors,Married,>50K.
47,Private,Bachelors,Married,>50K.
37,Private,HS-grad,Married,<=50K.
22,NA,Some-college,Never Married,<=50K.
46,Private,Assoc-acdm,Married,>50K.
51,Self,HS-grad,Married,>50K.
50,Private,Masters,Married,>50K.
38,Private,7th-8th,Married,<=50K.
40,Govt,HS-grad,Married,<=50K.
58,Private,Some-college,Divorced,<=50K.
36,Private,HS-grad,Married,>50K.
26,Govt,Bachelors,Never Married,<=50K.
17,NA,12th,Never Married,<=50K.
49,Private,10th,Divorced,<=50K.
39,Govt,Masters,Married,>50K.
46,Private,Bachelors,Married,>50K.
26,Private,HS-grad,Separated,<=50K.
40,Govt,Masters,Never Married,<=50K.
53,Govt,Doctorate,Married,>50K.
60,Self,Some-college,Married,<=50K.
28,Private,HS-grad,Married,<=50K.
22,NA,Some-college,Never Married,<=50K.
31,Private,HS-grad,Married,<=50K.
45,Private,HS-grad,Divorced,>50K.
34,Private,HS-grad,Divorced,<=50K.
27,Govt,Masters,Never Married,<=50K.
40,Private,Some-college,Divorced,<=50K.
68,Private,HS-grad,Widowed,<=50K.
51,Private,HS-grad,Married,<=50K.
55,Private,HS-grad,Married,<=50K.
43,Private,Assoc-acdm,Married,>50K.
23,Govt,Bachelors,Never Married,<=50K.
48,Private,HS-grad,Married,<=50K.
42,Self,Some-college,Married,<=50K.
51,Self,HS-grad,Never Married,>50K.
32,Private,HS-grad,Married,<=50K.
34,Private,Some-college,Married,>50K.
31,Govt,HS-grad,Married,>50K.
71,NA,7th-8th,Divorced,<=50K.
17,Private,10th,Never Married,<=50K.
37,Private,HS-grad,Married,>50K.
26,Private,12th,Married,<=50K.
17,Private,11th,Never Married,<=50K.
34,Private,Bachelors,Married,>50K.
46,Private,11th,Married,>50K.
33,Private,HS-grad,Married,<=50K.
41,Govt,Masters,Married,>50K.
59,Private,10th,Married,<=50K.
50,Self,HS-grad,Married,>50K.
46,Private,HS-grad,Married,<=50K.
45,Private,Masters,Divorced,<=50K.
27,Private,HS-grad,Never Married,<=50K.
31,Private,Bachelors,Married,<=50K.
32,Private,HS-grad,Divorced,<=50K.
28,Private,HS-grad,Married,<=50K.
32,Private,Bachelors,Married,>50K.
36,Private,Assoc-acdm,Never Married,<=50K.
39,Self,Assoc-voc,Married,>50K.
23,Private,HS-grad,Never Married,<=50K.
44,Private,HS-grad,Married,>50K.
37,Private,Some-college,Married,<=50K.
36,Private,7th-8th,Married,<=50K.
45,Private,11th,Married,<=50K.
43,Govt,HS-grad,Married,>50K.
49,Private,Prof-school,Never Married,>50K.
37,Private,HS-grad,Married,>50K.
26,Private,HS-grad,Never Married,<=50K.
34,Private,Prof-school,Married,>50K.
51,Private,Some-college,Married,>50K.
24,Private,Some-college,Never Married,<=50K.
67,Self,Bachelors,Married,<=50K.
40,Private,HS-grad,Married,>50K.
32,Private,HS-grad,Married,>50K.
21,Private,Some-college,Never Married,<=50K.
39,Self,Some-college,Married,>50K.
33,Private,11th,Married,<=50K.
48,Private,HS-grad,Divorced,<=50K.
21,Private,Some-college,Never Married,<=50K.
68,Self,Assoc-voc,Widowed,>50K.
24,Private,HS-grad,Never Married,<=50K.
24,Private,11th,Never Married,<=50K.
23,Private,Bachelors,Never Married,<=50K.
40,Private,HS-grad,Married,<=50K.
48,Private,Bachelors,Married,>50K.
42,Self,HS-grad,Married,<=50K.
45,Govt,Bachelors,Never Married,<=50K.
31,Private,HS-grad,Married,>50K.
53,Private,Assoc-voc,Married,<=50K.
25,Private,Bachelors,Never Married,<=50K.
32,Private,Some-college,Married,<=50K.
34,Private,11th,Married,<=50K.
41,Self,Bachelors,Married,>50K.
57,Govt,HS-grad,Divorced,<=50K.
25,Private,10th,Never Married,<=50K.
40,Private,Some-college,Married,<=50K.
17,Private,11th,Never Married,<=50K.
17,Private,9th,Never Married,<=50K.
82,Self,Some-college,Widowed,<=50K.
40,Private,Assoc-acdm,Divorced,<=50K.
26,Private,Some-college,Never Married,<=50K.
37,Private,Some-college,Divorced,<=50K.
25,Private,10th,Married,<=50K.
65,Private,10th,Married,>50K.
39,Private,Bachelors,Divorced,<=50K.
36,Self,HS-grad,Married,<=50K.
37,Self,HS-grad,Married,<=50K.
23,Private,HS-grad,Never Married,<=50K.
34,Private,HS-grad,Married,>50K.
63,Self,Bachelors,Married,<=50K.
59,Private,HS-grad,Widowed,<=50K.
49,Self,Some-college,Married,<=50K.
62,NA,9th,Never Married,<=50K.
17,Private,11th,Never Married,<=50K.
28,Private,10th,Married,<=50K.
45,Govt,Bachelors,Married,<=50K.
40,Self,Bachelors,Married,<=50K.
45,Private,HS-grad,Married,<=50K.
20,Private,9th,Never Married,<=50K.
19,NA,10th,Never Married,<=50K.
59,Govt,Bachelors,Married,>50K.
41,Private,HS-grad,Divorced,<=50K.
49,Govt,Some-college,Divorced,>50K.
37,Private,Assoc-voc,Divorced,>50K.
31,Self,HS-grad,Married,<=50K.
21,Private,Some-college,Never Married,<=50K.
27,Private,Bachelors,Never Married,<=50K.
20,NA,HS-grad,Never Married,<=50K.
51,Private,HS-grad,Divorced,<=50K.
46,Private,1st-4th,Married,<=50K.
48,Private,Some-college,Married,>50K.
39,Govt,Masters,Divorced,<=50K.
50,Private,Assoc-acdm,Married,>50K.
41,Private,HS-grad,Married,>50K.
21,Private,Some-college,Never Married,<=50K.
54,Self,Assoc-acdm,Married,>50K.
40,Private,HS-grad,Married,>50K.
44,Private,HS-grad,Married,<=50K.
50,Private,HS-grad,Married,>50K.
42,Private,Some-college,Divorced,<=50K.
34,Private,HS-grad,Never Married,<=50K.
46,Private,Some-college,Married,<=50K.
35,Private,HS-grad,Married,<=50K.
38,Private,Assoc-acdm,Married,>50K.
37,Private,Prof-school,Divorced,>50K.
30,Private,HS-grad,Married,<=50K.
22,Private,Bachelors,Never Married,<=50K.
21,Private,HS-grad,Never Married,<=50K.
40,Private,Preschool,Married,<=50K.
56,Self,HS-grad,Married,<=50K.
48,Private,9th,Married,<=50K.
21,Private,Assoc-voc,Never Married,<=50K.
52,Private,11th,Widowed,<=50K.
60,Govt,Masters,Married,>50K.
45,Private,Doctorate,Married,>50K.
30,Private,HS-grad,Married,<=50K.
31,Private,HS-grad,Married,<=50K.
43,Private,HS-grad,Married,<=50K.
36,Private,9th,Married,<=50K.
42,Private,Prof-school,Married,<=50K.
28,Govt,Masters,Married,>50K.
62,Private,Prof-school,Married,>50K.
65,NA,HS-grad,Separated,<=50K.
45,Private,Assoc-voc,Married,>50K.
47,Private,Bachelors,Married,>50K.
43,Private,Assoc-acdm,Married,<=50K.
24,Private,Some-college,Never Married,<=50K.
44,Private,HS-grad,Separated,<=50K.
25,Private,HS-grad,Never Married,<=50K.
21,Private,Some-college,Never Married,<=50K.
29,Private,Assoc-voc,Married,<=50K.
21,Private,Some-college,Never Married,<=50K.
41,Self,Prof-school,Married,>50K.
64,NA,Bachelors,Married,<=50K.
55,Self,Some-college,Married,<=50K.
42,Private,HS-grad,Married,<=50K.
63,Self,HS-grad,Married,<=50K.
21,Private,Some-college,Never Married,<=50K.
28,Private,Assoc-voc,Never Married,<=50K.
45,Private,HS-grad,Married,<=50K.
21,Private,HS-grad,Never Married,<=50K.
34,Private,Masters,Married,>50K.
53,Private,12th,Never Married,<=50K.
45,Private,HS-grad,Married,<=50K.
47,Private,HS-grad,Divorced,<=50K.
41,Private,11th,Divorced,<=50K.
35,Private,Bachelors,Married,>50K.
43,Self,Masters,Married,>50K.
53,Govt,1st-4th,Married,<=50K.
34,Private,Some-college,Never Married,<=50K.
46,Govt,Assoc-voc,Married,>50K.
59,Private,Assoc-acdm,Widowed,>50K.
53,Private,Bachelors,Divorced,<=50K.
33,Private,7th-8th,Separated,<=50K.
45,Private,HS-grad,Married,<=50K.
48,Self,Masters,Married,>50K.
42,Private,Some-college,Divorced,<=50K.
55,Private,HS-grad,Married,>50K.
46,Self,HS-grad,Married,<=50K.
17,Private,11th,Never Married,<=50K.
23,Private,Some-college,Never Married,<=50K.
21,Private,HS-grad,Never Married,<=50K.
53,Govt,HS-grad,Divorced,<=50K.
61,Self,HS-grad,Married,>50K.
58,Govt,HS-grad,Divorced,<=50K.
36,Private,HS-grad,Married,<=50K.
45,Govt,Some-college,Divorced,<=50K.
39,Private,Bachelors,Married,>50K.
39,Private,Bachelors,Divorced,>50K.
48,Self,Doctorate,Married,>50K.
41,Private,Bachelors,Married,<=50K.
30,Private,Assoc-acdm,Married,<=50K.
50,Private,Assoc-acdm,Divorced,<=50K.
51,Self,HS-grad,Married,>50K.
23,Private,Some-college,Separated,<=50K.
41,Private,Some-college,Married,<=50K.
47,Govt,HS-grad,Married,<=50K.
51,Private,Bachelors,Married,<=50K.
60,Self,HS-grad,Married,<=50K.
51,Private,Bachelors,Divorced,<=50K.
20,Govt,Some-college,Never Married,<=50K.
29,Govt,HS-grad,Never Married,<=50K.
42,Govt,Some-college,Married,<=50K.
32,Private,HS-grad,Divorced,<=50K.
19,Private,12th,Never Married,<=50K.
34,Private,Assoc-voc,Married,>50K.
48,Private,HS-grad,Widowed,<=50K.
38,Private,Some-college,Married,<=50K.
38,Private,Prof-school,Never Married,>50K.
40,Self,Bachelors,Married,<=50K.
39,Private,Masters,Never Married,>50K.
38,Private,Masters,Married,<=50K.
26,Private,Bachelors,Never Married,<=50K.
23,Govt,Some-college,Never Married,<=50K.
20,Private,5th-6th,Never Married,<=50K.
49,Private,Bachelors,Married,<=50K.
23,Private,HS-grad,Never Married,<=50K.
47,Private,Bachelors,Married,>50K.
43,Private,Some-college,Married,<=50K.
56,Private,Some-college,Divorced,<=50K.
60,Self,11th,Married,<=50K.
29,Private,HS-grad,Divorced,<=50K.
25,Private,Bachelors,Never Married,<=50K.
39,Private,Assoc-voc,Never Married,<=50K.
37,Private,Assoc-voc,Never Married,<=50K.
38,Private,Bachelors,Never Married,<=50K.
47,Private,HS-grad,Divorced,<=50K.
50,Self,Prof-school,Divorced,>50K.
64,Self,HS-grad,Married,>50K.
35,Private,Some-college,Married,<=50K.
25,NA,11th,Never Married,<=50K.
42,Private,Bachelors,Married,>50K.
51,Private,Bachelors,Separated,<=50K.
21,Private,HS-grad,Never Married,<=50K.
53,Self,Masters,Divorced,>50K.
29,Private,Assoc-voc,Divorced,<=50K.
34,Private,Prof-school,Married,<=50K.
37,Private,Masters,Married,>50K.
20,Private,12th,Never Married,<=50K.
18,Private,Some-college,Never Married,<=50K.
57,Private,Some-college,Married,>50K.
47,NA,Assoc-voc,Married,>50K.
27,Private,Some-college,Married,<=50K.
23,Self,Assoc-voc,Never Married,<=50K.
36,Self,Bachelors,Divorced,<=50K.
48,Private,HS-grad,Divorced,<=50K.
40,Private,Some-college,Married,<=50K.
51,Private,Bachelors,Divorced,<=50K.
59,Private,9th,Married,<=50K.
32,Private,Some-college,Married,<=50K.
39,Private,Some-college,Divorced,<=50K.
32,Private,HS-grad,Married,<=50K.
38,Private,HS-grad,Married,>50K.
44,Govt,Bachelors,Never Married,<=50K.
51,Private,HS-grad,Married,<=50K.
54,Private,HS-grad,Never Married,<=50K.
22,Private,Some-college,Never Married,<=50K.
19,Private,HS-grad,Never Married,<=50K.
31,Govt,Assoc-acdm,Married,<=50K.
53,Private,HS-grad,Married,<=50K.
28,Private,Bachelors,Married,<=50K.
19,Private,HS-grad,Never Married,<=50K.
40,Govt,Some-college,Married,>50K.
21,Private,Some-college,Never Married,<=50K.
39,Private,Bachelors,Married,>50K.
40,Govt,Masters,Married,>50K.
36,Private,HS-grad,Married,<=50K.
18,Private,9th,Never Married,<=50K.
32,Self,Bachelors,Married,>50K.
50,Private,HS-grad,Married,<=50K.
18,Private,11th,Never Married,<=50K.
19,Private,HS-grad,Never Married,<=50K.
53,Private,Some-college,Divorced,>50K.
49,Private,HS-grad,Divorced,<=50K.
40,Private,Bachelors,Married,<=50K.
31,Private,Some-college,Never Married,<=50K.
47,Self,HS-grad,Married,<=50K.
35,Govt,Some-college,Married,<=50K.
47,Govt,Some-college,Never Married,<=50K.
43,Self,Masters,Divorced,<=50K.
51,Private,Some-college,Never Married,<=50K.
54,Private,Masters,Married,>50K.
76,Govt,9th,Married,<=50K.
33,Private,7th-8th,Never Married,<=50K.
19,Private,12th,Never Married,<=50K.
49,Private,Assoc-voc,Married,<=50K.
26,Private,HS-grad,Married,<=50K.
23,Private,Some-college,Never Married,<=50K.
49,Private,HS-grad,Married,>50K.
24,Private,Some-college,Never Married,<=50K.
48,Private,HS-grad,Never Married,<=50K.
36,Govt,Some-college,Married,<=50K.
33,Private,12th,Separated,<=50K.
31,Private,Bachelors,Married,>50K.
53,Private,Bachelors,Married,>50K.
22,Private,Bachelors,Never Married,<=50K.
43,Private,HS-grad,Married,<=50K.
31,Private,Assoc-acdm,Married,<=50K.
53,Govt,Masters,Divorced,<=50K.
36,Govt,Bachelors,Married,<=50K.
47,Govt,HS-grad,Married,>50K.
52,Private,Some-college,Married,>50K.
39,Private,HS-grad,Divorced,<=50K.
24,Private,Bachelors,Never Married,<=50K.
17,Govt,10th,Never Married,<=50K.
53,Govt,Masters,Married,>50K.
21,Private,Some-college,Never Married,<=50K.
29,Private,Bachelors,Never Married,>50K.
34,Govt,Bachelors,Married,<=50K.
28,Private,Some-college,Never Married,<=50K.
61,Private,Bachelors,Married,>50K.
20,Private,HS-grad,Married,<=50K.
47,Govt,HS-grad,Married,<=50K.
40,Private,Bachelors,Married,>50K.
26,Govt,Some-college,Never Married,<=50K.
53,Private,Some-college,Married,>50K.
26,Private,Bachelors,Never Married,<=50K.
39,Private,Prof-school,Married,>50K.
17,Govt,11th,Never Married,<=50K.
46,Private,Doctorate,Never Married,>50K.
34,Private,Bachelors,Married,>50K.
45,Self,Bachelors,Divorced,<=50K.
23,Private,HS-grad,Never Married,<=50K.
41,Private,HS-grad,Married,<=50K.
26,Private,Bachelors,Never Married,<=50K.
28,Self,Bachelors,Never Married,<=50K.
18,Self,11th,Never Married,<=50K.
38,Private,HS-grad,Never Married,>50K.
66,NA,Assoc-voc,Widowed,<=50K.
28,Private,Bachelors,Married,>50K.
49,Private,Masters,Never Married,>50K.
29,Private,Bachelors,Never Married,<=50K.
43,Govt,Masters,Married,>50K.
34,Govt,Masters,Never Married,<=50K.
30,Private,Assoc-voc,Married,>50K.
25,Private,Bachelors,Married,>50K.
27,Private,Bachelors,Married,<=50K.
25,Private,HS-grad,Never Married,<=50K.
22,Private,Some-college,Never Married,<=50K.
26,Private,HS-grad,Never Married,<=50K.
49,Private,HS-grad,Married,<=50K.
44,Self,HS-grad,Married,<=50K.
37,Self,Assoc-acdm,Married,<=50K.
39,Private,Bachelors,Never Married,<=50K.
33,Private,HS-grad,Divorced,<=50K.
41,Self,Masters,Married,>50K.
65,Private,Bachelors,Married,>50K.
40,Private,Bachelors,Never Married,<=50K.
26,NA,Bachelors,Married,<=50K.
31,Private,Some-college,Never Married,<=50K.
28,Private,Some-college,Never Married,<=50K.
71,Private,HS-grad,Married,<=50K.
25,Govt,Bachelors,Never Married,<=50K.
25,Private,7th-8th,Married,<=50K.
19,NA,Some-college,Married,<=50K.
36,Self,Prof-school,Married,<=50K.
56,Private,HS-grad,Married,<=50K.
34,Private,Some-college,Married,<=50K.
39,Private,Bachelors,Married,>50K.
31,Private,Prof-school,Divorced,>50K.
22,Private,HS-grad,Never Married,<=50K.
44,Private,Some-college,Never Married,<=50K.
60,Self,HS-grad,Married,<=50K.
65,Private,11th,Divorced,<=50K.
44,Private,Some-college,Married,>50K.
53,Govt,HS-grad,Divorced,<=50K.
28,Private,HS-grad,Married,<=50K.
41,Private,Bachelors,Divorced,<=50K.
40,Self,HS-grad,Divorced,<=50K.
35,Private,11th,Married,<=50K.
41,Self,9th,Married,<=50K.
28,Private,HS-grad,Married,<=50K.
53,Private,HS-grad,Married,<=50K.
26,Private,Some-college,Never Married,<=50K.
28,Govt,HS-grad,Never Married,<=50K.
27,Private,Some-college,Divorced,<=50K.
27,Private,HS-grad,Never Married,<=50K.
26,Private,HS-grad,Married,>50K.
53,Private,HS-grad,Widowed,<=50K.
34,Private,HS-grad,Married,>50K.
50,Self,Masters,Never Married,<=50K.
30,Private,HS-grad,Divorced,<=50K.
47,Private,HS-grad,Separated,<=50K.
27,NA,HS-grad,Never Married,<=50K.
55,Govt,Some-college,Married,<=50K.
21,Private,Some-college,Never Married,<=50K.
35,Private,Some-college,Never Married,<=50K.
31,Self,12th,Married,<=50K.
39,Self,Masters,Married,>50K.
30,Private,Bachelors,Married,<=50K.
39,Private,HS-grad,Married,>50K.
19,Private,Some-college,Never Married,<=50K.
25,NA,HS-grad,Married,<=50K.
57,Self,HS-grad,Married,<=50K.
21,Private,Some-college,Never Married,<=50K.
30,NA,7th-8th,Widowed,<=50K.
25,Self,Some-college,Never Married,<=50K.
32,Private,Assoc-voc,Married,>50K.
26,Private,HS-grad,Separated,<=50K.
42,Private,Some-college,Married,<=50K.
39,Self,Some-college,Divorced,<=50K.
48,Private,Bachelors,Divorced,<=50K.
24,Private,Some-college,Never Married,<=50K.
46,Private,Assoc-voc,Married,>50K.
53,Private,Some-college,Married,<=50K.
36,Govt,Some-college,Married,<=50K.
34,Private,HS-grad,Divorced,<=50K.
25,Private,HS-grad,Never Married,<=50K.
33,Private,Some-college,Never Married,>50K.
45,Private,Bachelors,Married,>50K.
31,Govt,Assoc-acdm,Never Married,<=50K.
21,Private,HS-grad,Never Married,<=50K.
33,Private,9th,Divorced,<=50K.
44,Private,Some-college,Divorced,<=50K.
34,Private,Assoc-voc,Married,>50K.
30,Private,Some-college,Divorced,<=50K.
32,Govt,Some-college,Never Married,<=50K.
46,NA,HS-grad,Divorced,<=50K.
29,Private,Bachelors,Married,>50K.
20,Private,Some-college,Never Married,<=50K.
35,Govt,HS-grad,Divorced,<=50K.
35,Private,HS-grad,Separated,<=50K.
29,Private,HS-grad,Never Married,<=50K.
21,Private,HS-grad,Never Married,<=50K.
43,Govt,Bachelors,Married,>50K.
33,Private,HS-grad,Married,<=50K.
61,Govt,Prof-school,Married,>50K.
42,Private,Masters,Never Married,<=50K.
33,Private,12th,Married,<=50K.
35,Govt,Some-college,Never Married,<=50K.
32,NA,HS-grad,Married,<=50K.
22,Private,Some-college,Never Married,<=50K.
61,Private,HS-grad,Divorced,<=50K.
28,Private,Assoc-voc,Never Married,<=50K.
24,Private,HS-grad,Never Married,<=50K.
58,Govt,Masters,Never Married,<=50K.
42,Private,HS-grad,Married,<=50K.
56,Private,Some-college,Married,>50K.
26,NA,Some-college,Never Married,<=50K.
25,Private,HS-grad,Separated,<=50K.
59,Private,HS-grad,Married,<=50K.
65,Self,Bachelors,Married,<=50K.
57,Private,Masters,Divorced,>50K.
36,Private,Assoc-acdm,Married,>50K.
42,Private,Some-college,Married,>50K.
18,NA,12th,Never Married,<=50K.
18,Private,11th,Married,<=50K.
28,Private,HS-grad,Married,>50K.
20,Private,HS-grad,Married,<=50K.
19,Private,Some-college,Never Married,<=50K.
28,Private,Bachelors,Divorced,>50K.
37,Private,Assoc-voc,Married,<=50K.
23,Private,Some-college,Never Married,<=50K.
60,Private,Some-college,Divorced,<=50K.
17,Govt,12th,Never Married,<=50K.
37,Govt,Bachelors,Never Married,<=50K.
29,Govt,Assoc-voc,Divorced,<=50K.
34,Private,HS-grad,Separated,<=50K.
36,Private,Some-college,Married,>50K.
37,Self,Some-college,Married,<=50K.
47,Govt,Bachelors,Married,<=50K.
22,Private,HS-grad,Never Married,<=50K.
61,Private,HS-grad,Married,<=50K.
57,Private,5th-6th,Married,<=50K.
33,Govt,Doctorate,Married,>50K.
54,Private,HS-grad,Married,>50K.
40,Private,Masters,Never Married,<=50K.
40,Private,12th,Married,>50K.
40,Govt,HS-grad,Never Married,<=50K.
35,Private,11th,Married,<=50K.
32,Private,11th,Never Married,<=50K.
49,Self,Some-college,Married,<=50K.
31,Private,HS-grad,Never Married,<=50K.
58,Private,Bachelors,Married,<=50K.
26,Self,Bachelors,Never Married,<=50K.
35,Self,7th-8th,Married,<=50K.
25,Private,Some-college,Never Married,<=50K.
43,Private,12th,Married,<=50K.
32,Private,Some-college,Never Married,<=50K.
45,Private,Bachelors,Married,>50K.
48,Private,HS-grad,Never Married,<=50K.
31,Private,5th-6th,Never Married,<=50K.
20,NA,Some-college,Never Married,<=50K.
28,Private,HS-grad,Never Married,<=50K.
50,Self,Bachelors,Divorced,<=50K.
22,Private,HS-grad,Never Married,<=50K.
19,Private,Some-college,Never Married,<=50K.
38,Private,Bachelors,Married,>50K.
23,Private,HS-grad,Never Married,<=50K.
24,Self,Bachelors,Never Married,<=50K.
26,Private,Assoc-voc,Married,<=50K.
45,Govt,HS-grad,Divorced,<=50K.
88,Private,Some-college,Divorced,<=50K.
19,Private,11th,Never Married,<=50K.
24,Private,HS-grad,Never Married,<=50K.
84,NA,5th-6th,Married,<=50K.
48,Private,10th,Married,<=50K.
46,Private,Some-college,Married,<=50K.
31,Self,HS-grad,Married,<=50K.
58,Private,HS-grad,Widowed,<=50K.
35,Govt,HS-grad,Married,<=50K.
36,Private,HS-grad,Never Married,<=50K.
36,Private,Prof-school,Married,>50K.
47,Govt,Masters,Married,>50K.
57,Private,9th,Widowed,<=50K.
30,Private,Some-college,Married,<=50K.
30,Govt,Masters,Married,<=50K.
19,NA,12th,Married,>50K.
30,Self,Bachelors,Never Married,<=50K.
23,Govt,Some-college,Never Married,>50K.
41,Self,Prof-school,Married,>50K.
52,Private,Some-college,Divorced,<=50K.
27,Private,Assoc-acdm,Never Married,<=50K.
59,Private,HS-grad,Married,<=50K.
21,Private,HS-grad,Never Married,<=50K.
60,Private,HS-grad,Widowed,<=50K.
69,Govt,Prof-school,Married,>50K.
24,Private,HS-grad,Never Married,<=50K.
19,Private,HS-grad,Never Married,<=50K.
60,Govt,Assoc-acdm,Married,<=50K.
64,Private,Some-college,Widowed,<=50K.
39,Self,Assoc-voc,Married,>50K.
51,Private,Assoc-acdm,Married,>50K.
51,Private,10th,Divorced,<=50K.
25,Private,Some-college,Divorced,<=50K.
17,NA,10th,Never Married,<=50K.
37,Private,Some-college,Divorced,<=50K.
74,Self,HS-grad,Widowed,<=50K.
26,Govt,Bachelors,Married,>50K.
23,Private,HS-grad,Never Married,<=50K.
57,Self,Prof-school,Married,>50K.
20,Private,11th,Never Married,<=50K.
37,Private,HS-grad,Married,<=50K.
46,Private,Bachelors,Married,<=50K.
39,Private,Some-college,Divorced,>50K.
40,Private,HS-grad,Widowed,<=50K.
50,Govt,HS-grad,Married,<=50K.
25,Private,Preschool,Never Married,<=50K.
44,Private,HS-grad,Married,<=50K.
41,Private,HS-grad,Married,<=50K.
30,Self,HS-grad,Married,>50K.
38,Private,Assoc-voc,Married,<=50K.
54,Private,10th,Married,<=50K.
40,Govt,HS-grad,Divorced,<=50K.
37,Private,11th,Married,>50K.
46,Govt,Bachelors,Married,>50K.
38,Private,HS-grad,Divorced,<=50K.
20,Private,Some-college,Never Married,<=50K.
71,NA,Assoc-acdm,Married,<=50K.
35,Private,Some-college,Married,<=50K.
62,Private,Bachelors,Married,>50K.
34,Private,Bachelors,Never Married,<=50K.
56,Self,HS-grad,Married,<=50K.
30,Govt,Masters,Married,<=50K.
17,Private,11th,Never Married,<=50K.
18,Self,11th,Never Married,<=50K.
35,Private,11th,Married,<=50K.
21,Private,HS-grad,Never Married,<=50K.
46,Self,HS-grad,Divorced,<=50K.
33,Self,Some-college,Married,<=50K.
27,Private,Some-college,Never Married,<=50K.
36,Private,Some-college,Married,>50K.
42,Private,7th-8th,Married,<=50K.
35,Private,HS-grad,Married,<=50K.
25,Private,Bachelors,Separated,<=50K.
47,Govt,Bachelors,Married,>50K.
44,Govt,Prof-school,Married,>50K.
51,Govt,HS-grad,Married,>50K.
53,Private,HS-grad,Married,>50K.
47,Private,HS-grad,Married,<=50K.
20,Private,11th,Never Married,<=50K.
32,Private,Some-college,Separated,<=50K.
28,Private,HS-grad,Married,<=50K.
58,NA,5th-6th,Married,<=50K.
52,Private,HS-grad,Divorced,<=50K.
35,Private,Masters,Separated,>50K.
30,Private,Some-college,Married,<=50K.
33,Private,Some-college,Never Married,<=50K.
56,Govt,Bachelors,Separated,<=50K.
21,Private,Some-college,Never Married,<=50K.
56,NA,Some-college,Never Married,<=50K.
56,Private,Bachelors,Married,>50K.
45,Private,Bachelors,Married,>50K.
20,Private,Some-college,Never Married,<=50K.
62,Govt,HS-grad,Married,>50K.
24,Private,Bachelors,Never Married,<=50K.
52,Govt,Bachelors,Separated,<=50K.
23,Private,HS-grad,Married,<=50K.
36,Private,Masters,Married,>50K.
40,Private,Some-college,Never Married,<=50K.
30,Private,Some-college,Married,<=50K.
41,Private,9th,Married,<=50K.
59,Private,HS-grad,Married,>50K.
27,Private,Masters,Never Married,<=50K.
19,NA,Some-college,Never Married,<=50K.
41,Private,Some-college,Never Married,<=50K.
27,Private,Bachelors,Never Married,<=50K.
50,Private,HS-grad,Widowed,<=50K.
29,Private,5th-6th,Never Married,<=50K.
38,Private,Bachelors,Married,>50K.
30,Private,HS-grad,Never Married,<=50K.
48,Private,Bachelors,Married,<=50K.
39,Govt,Assoc-acdm,Married,>50K.
40,Private,Assoc-voc,Married,<=50K.
27,Govt,11th,Married,<=50K.
59,Self,Masters,Married,>50K.
31,NA,HS-grad,Divorced,<=50K.
34,Private,HS-grad,Married,>50K.
47,Self,Prof-school,Never Married,>50K.
64,Self,1st-4th,Married,<=50K.
29,Private,9th,Married,<=50K.
38,Govt,HS-grad,Never Married,<=50K.
42,Private,Bachelors,Married,>50K.
49,Private,Bachelors,Married,>50K.
53,Private,Some-college,Married,<=50K.
35,Private,Some-college,Married,>50K.
70,NA,Bachelors,Married,<=50K.
38,Private,HS-grad,Married,<=50K.
36,Private,Bachelors,Divorced,<=50K.
34,Self,Bachelors,Married,<=50K.
24,Private,Bachelors,Never Married,<=50K.
23,Private,Some-college,Never Married,<=50K.
21,Private,Some-college,Never Married,<=50K.
47,Private,Some-college,Widowed,<=50K.
59,Private,7th-8th,Never Married,<=50K.
33,Govt,Assoc-acdm,Divorced,>50K.
63,Self,Some-college,Married,>50K.
18,Govt,HS-grad,Never Married,<=50K.
32,Private,Bachelors,Never Married,<=50K.
33,Private,Bachelors,Married,<=50K.
19,Private,HS-grad,Never Married,<=50K.
27,Govt,HS-grad,Never Married,<=50K.
40,Private,Some-college,Divorced,>50K.
38,Self,Assoc-acdm,Married,<=50K.
20,Private,HS-grad,Never Married,<=50K.
35,Self,HS-grad,Separated,<=50K.
22,Private,Some-college,Never Married,<=50K.
40,Private,Masters,Married,>50K.
34,Private,Some-college,Married,>50K.
23,Private,10th,Never Married,<=50K.
26,Private,Bachelors,Never Married,<=50K.
53,Self,Some-college,Married,<=50K.
34,Private,Some-college,Married,>50K.
39,Private,HS-grad,Married,<=50K.
25,Private,9th,Married,<=50K.
18,Private,11th,Never Married,<=50K.
65,Private,Bachelors,Never Married,<=50K.
49,Self,Bachelors,Never Married,<=50K.
64,Private,10th,Married,<=50K.
68,Private,Bachelors,Married,>50K.
56,Self,Some-college,Divorced,<=50K.
68,Govt,HS-grad,Divorced,<=50K.
35,Private,Bachelors,Married,>50K.
50,Govt,HS-grad,Never Married,<=50K.
45,Private,HS-grad,Divorced,<=50K.
43,Private,Bachelors,Married,<=50K.
39,Private,Some-college,Separated,<=50K.
37,Private,HS-grad,Divorced,<=50K.
45,Private,Bachelors,Married,>50K.
20,NA,Some-college,Never Married,<=50K.
36,Private,Assoc-acdm,Never Married,<=50K.
26,Private,Some-college,Never Married,<=50K.
36,Private,Bachelors,Never Married,<=50K.
47,Private,Bachelors,Never Married,<=50K.
34,Private,HS-grad,Never Married,<=50K.
53,Private,Some-college,Widowed,<=50K.
32,Private,Bachelors,Divorced,<=50K.
44,Self,5th-6th,Married,<=50K.
25,Private,HS-grad,Never Married,<=50K.
35,Private,5th-6th,Never Married,<=50K.
34,Private,Assoc-acdm,Divorced,<=50K.
42,Private,Some-college,Married,<=50K.
47,Private,HS-grad,Divorced,<=50K.
23,Private,HS-grad,Never Married,<=50K.
56,Govt,HS-grad,Divorced,<=50K.
50,Private,Doctorate,Married,>50K.
38,Private,HS-grad,Married,<=50K.
46,Private,Assoc-voc,Married,>50K.
47,Private,Assoc-acdm,Separated,<=50K.
38,Self,HS-grad,Married,<=50K.
42,Private,HS-grad,Married,<=50K.
48,Private,HS-grad,Married,<=50K.
27,Private,HS-grad,Never Married,<=50K.
40,Private,Assoc-voc,Married,<=50K.
53,Private,Doctorate,Married,>50K.
75,Self,Assoc-voc,Widowed,<=50K.
39,Private,Bachelors,Married,>50K.
46,Govt,Assoc-acdm,Divorced,<=50K.
51,Private,HS-grad,Widowed,<=50K.
34,Private,HS-grad,Divorced,<=50K.
23,Private,Some-college,Married,<=50K.
32,Private,Assoc-voc,Never Married,<=50K.
45,Self,Some-college,Never Married,<=50K.
21,Private,Some-college,Never Married,<=50K.
36,Private,HS-grad,Married,<=50K.
40,Private,10th,Married,<=50K.
20,NA,10th,Divorced,<=50K.
68,Private,9th,Divorced,<=50K.
40,Private,Bachelors,Married,>50K.
20,Private,Some-college,Never Married,<=50K.
48,Govt,Masters,Divorced,>50K.
27,Private,Bachelors,Never Married,<=50K.
57,Govt,Assoc-voc,Never Married,<=50K.
54,Self,HS-grad,Married,>50K.
47,Private,HS-grad,Divorced,<=50K.
30,Govt,Some-college,Married,<=50K.
17,NA,11th,Never Married,<=50K.
35,Private,Some-college,Married,>50K.
56,Govt,12th,Never Married,<=50K.
20,Private,HS-grad,Never Married,<=50K.
38,Govt,Bachelors,Married,<=50K.
19,Private,Some-college,Never Married,<=50K.
24,Private,HS-grad,Never Married,<=50K.
31,Private,Some-college,Never Married,<=50K.
44,Govt,Bachelors,Never Married,<=50K.
21,Govt,Some-college,Never Married,<=50K.
41,Private,Some-college,Married,<=50K.
18,Private,11th,Never Married,<=50K.
23,Private,9th,Never Married,<=50K.
37,Govt,Some-college,Married,<=50K.
46,NA,Assoc-voc,Divorced,<=50K.
43,Self,Bachelors,Divorced,<=50K.
31,Private,1st-4th,Married,<=50K.
40,Private,Some-college,Divorced,>50K.
27,Private,Prof-school,Divorced,<=50K.
64,Govt,Some-college,Never Married,<=50K.
31,Govt,Assoc-voc,Never Married,<=50K.
48,Private,Masters,Married,<=50K.
37,Self,Bachelors,Married,>50K.
28,Private,Some-college,Divorced,<=50K.
42,Private,Some-college,Married,<=50K.
60,Self,7th-8th,Married,<=50K.
17,Private,11th,Never Married,<=50K.
21,NA,Some-college,Never Married,<=50K.
46,Private,10th,Divorced,<=50K.
18,Private,HS-grad,Never Married,<=50K.
22,Private,HS-grad,Never Married,<=50K.
44,Self,Bachelors,Divorced,<=50K.
36,Private,HS-grad,Married,<=50K.
65,Private,Assoc-voc,Divorced,<=50K.
26,Private,HS-grad,Never Married,<=50K.
21,Private,10th,Married,<=50K.
41,Private,HS-grad,Divorced,<=50K.
28,Private,Some-college,Never Married,<=50K.
27,Private,Some-college,Never Married,<=50K.
19,Govt,Some-college,Never Married,<=50K.
40,Private,Some-college,Married,<=50K.
19,Private,HS-grad,Never Married,<=50K.
40,Private,Assoc-voc,Married,<=50K.
37,Private,HS-grad,Never Married,<=50K.
33,Private,Some-college,Married,>50K.
34,Private,HS-grad,Married,<=50K.
44,Govt,Assoc-acdm,Never Married,<=50K.
33,Private,Some-college,Divorced,<=50K.
72,Govt,HS-grad,Married,<=50K.
19,Private,HS-grad,Never Married,<=50K.
59,Private,Assoc-voc,Divorced,<=50K.
40,Private,HS-grad,Divorced,<=50K.
35,Private,HS-grad,Divorced,<=50K.
22,Private,Assoc-acdm,Never Married,<=50K.
41,Private,Masters,Never Married,<=50K.
59,Private,Some-college,Married,>50K.
50,Private,12th,Divorced,<=50K.
21,Private,Assoc-acdm,Never Married,<=50K.
40,Self,HS-grad,Married,<=50K.
22,Private,HS-grad,Never Married,<=50K.
43,Private,5th-6th,Separated,<=50K.
17,Private,11th,Never Married,<=50K.
42,Govt,7th-8th,Divorced,<=50K.
37,Private,Some-college,Married,>50K.
19,Private,12th,Never Married,<=50K.
43,Private,5th-6th,Married,<=50K.
46,Private,9th,Separated,<=50K.
18,NA,HS-grad,Never Married,<=50K.
50,Govt,Prof-school,Married,>50K.
47,Self,7th-8th,Married,<=50K.
31,Private,HS-grad,Never Married,<=50K.
33,Private,7th-8th,Married,<=50K.
27,Private,HS-grad,Married,>50K.
59,Self,HS-grad,Married,<=50K.
39,Govt,HS-grad,Married,>50K.
29,Private,Some-college,Married,<=50K.
26,Private,Bachelors,Widowed,<=50K.
24,Private,HS-grad,Never Married,<=50K.
25,Private,Some-college,Never Married,<=50K.
30,Private,Some-college,Never Married,<=50K.
52,Govt,11th,Married,<=50K.
51,Govt,Masters,Married,>50K.
30,Private,Bachelors,Never Married,>50K.
19,NA,Some-college,Never Married,<=50K.
23,Private,Some-college,Never Married,<=50K.
37,Govt,Doctorate,Married,<=50K.
25,Govt,Some-college,Married,<=50K.
49,Self,Prof-school,Married,>50K.
30,Private,HS-grad,Married,<=50K.
40,Private,Some-college,Divorced,<=50K.
20,Private,HS-grad,Never Married,<=50K.
35,Self,Assoc-voc,Married,<=50K.
24,Private,Bachelors,Never Married,<=50K.
32,Private,HS-grad,Separated,<=50K.
35,Private,HS-grad,Separated,<=50K.
20,Private,HS-grad,Never Married,<=50K.
29,Govt,HS-grad,Married,>50K.
25,Private,HS-grad,Never Married,<=50K.
50,Govt,7th-8th,Married,<=50K.
24,Private,HS-grad,Never Married,<=50K.
49,NA,Bachelors,Married,>50K.
30,Govt,HS-grad,Divorced,<=50K.
37,Private,Some-college,Married,<=50K.
50,Private,HS-grad,Married,<=50K.
20,Private,HS-grad,Never Married,<=50K.
49,Self,HS-grad,Married,<=50K.
55,Private,7th-8th,Married,<=50K.
61,Private,12th,Widowed,<=50K.
22,Private,HS-grad,Married,<=50K.
23,Private,Assoc-acdm,Never Married,<=50K.
43,Private,HS-grad,Never Married,<=50K.
39,Private,Bachelors,Divorced,<=50K.
21,Private,Some-college,Never Married,<=50K.
52,Self,HS-grad,Married,>50K.
30,Private,Assoc-voc,Married,<=50K.
42,Private,Bachelors,Divorced,>50K.
50,Self,Bachelors,Married,<=50K.
51,Self,Assoc-acdm,Divorced,<=50K.
47,Private,10th,Divorced,<=50K.
49,NA,9th,Divorced,<=50K.
45,Private,HS-grad,Married,<=50K.
48,Govt,Some-college,Widowed,<=50K.
36,Private,Bachelors,Married,>50K.
20,Unemp,Some-college,Never Married,<=50K.
61,Private,HS-grad,Married,<=50K.
72,Private,Bachelors,Divorced,<=50K.
19,Private,Some-college,Never Married,<=50K.
54,Self,Bachelors,Married,>50K.
47,NA,Some-college,Divorced,<=50K.
39,Private,HS-grad,Divorced,<=50K.
24,Private,11th,Never Married,<=50K.
44,Private,Some-college,Married,<=50K.
19,Private,HS-grad,Never Married,<=50K.
20,Private,HS-grad,Never Married,<=50K.
23,Private,HS-grad,Never Married,<=50K.
58,Private,HS-grad,Married,>50K.
20,Private,12th,Never Married,<=50K.
62,Private,HS-grad,Married,<=50K.
25,Private,HS-grad,Never Married,<=50K.
67,Private,Bachelors,Married,<=50K.
37,Govt,Assoc-acdm,Married,>50K.
36,Private,HS-grad,Divorced,<=50K.
38,Private,Assoc-voc,Separated,<=50K.
23,Private,HS-grad,Divorced,<=50K.
28,Private,HS-grad,Married,<=50K.
25,Private,HS-grad,Divorced,<=50K.
41,Self,Doctorate,Married,>50K.
63,Private,Bachelors,Married,>50K.
60,Self,HS-grad,Married,<=50K.
31,Self,HS-grad,Married,<=50K.
29,Self,HS-grad,Married,<=50K.
37,Private,Bachelors,Married,>50K.
51,Private,9th,Married,<=50K.
45,Private,Some-college,Married,>50K.
27,Private,HS-grad,Married,<=50K.
18,Private,Some-college,Never Married,<=50K.
34,Private,HS-grad,Divorced,<=50K.
66,Self,Doctorate,Married,>50K.
19,NA,Some-college,Never Married,<=50K.
36,Private,HS-grad,Married,<=50K.
35,Private,Bachelors,Divorced,<=50K.
27,Private,HS-grad,Married,<=50K.
29,Private,Some-college,Divorced,<=50K.
25,Private,HS-grad,Never Married,<=50K.
22,Private,Some-college,Never Married,>50K.
41,Private,Some-college,Married,>50K.
20,Private,Assoc-acdm,Never Married,<=50K.
52,Private,HS-grad,Married,<=50K.
34,Private,Some-college,Separated,<=50K.
44,Private,Prof-school,Divorced,>50K.
50,Private,Masters,Divorced,>50K.
49,Self,Bachelors,Married,>50K.
36,NA,Bachelors,Never Married,<=50K.
71,Govt,Prof-school,Married,<=50K.
20,Private,HS-grad,Never Married,<=50K.
20,Private,Some-college,Never Married,<=50K.
59,Self,HS-grad,Married,>50K.
41,Private,5th-6th,Married,<=50K.
38,Private,Some-college,Divorced,<=50K.
55,Govt,HS-grad,Married,<=50K.
17,Private,9th,Never Married,<=50K.
45,Private,Bachelors,Married,>50K.
43,Self,HS-grad,Divorced,<=50K.
19,Private,12th,Never Married,<=50K.
33,Private,HS-grad,Divorced,<=50K.
63,Private,HS-grad,Never Married,<=50K.
39,Self,HS-grad,Divorced,>50K.
34,Private,HS-grad,Married,<=50K.
31,Private,Assoc-acdm,Never Married,<=50K.
21,Private,12th,Married,<=50K.
23,Private,Assoc-voc,Never Married,<=50K.
20,Private,Some-college,Never Married,<=50K.
45,Private,Bachelors,Divorced,>50K.
59,Private,HS-grad,Married,<=50K.
58,Private,Masters,Married,>50K.
66,Govt,HS-grad,Widowed,>50K.
37,Private,Assoc-voc,Married,>50K.
29,Private,Some-college,Divorced,<=50K.
32,Govt,Bachelors,Divorced,<=50K.
39,Private,Bachelors,Married,>50K.
57,Private,HS-grad,Widowed,<=50K.
57,Private,Masters,Married,>50K.
50,Self,HS-grad,Married,<=50K.
44,Self,Bachelors,Married,>50K.
56,Private,Assoc-voc,Married,>50K.
26,Private,Masters,Never Married,<=50K.
22,NA,Some-college,Never Married,<=50K.
26,Self,Assoc-voc,Never Married,<=50K.
33,Private,Bachelors,Married,>50K.
36,Self,Assoc-voc,Married,>50K.
45,Private,Some-college,Married,>50K.
56,Govt,Doctorate,Divorced,<=50K.
23,Private,Some-college,Never Married,<=50K.
23,Private,Some-college,Never Married,<=50K.
35,Govt,Bachelors,Divorced,<=50K.
39,Private,Bachelors,Married,>50K.
45,Private,HS-grad,Divorced,<=50K.
21,Private,Some-college,Never Married,<=50K.
56,Govt,HS-grad,Married,<=50K.
31,Govt,HS-grad,Never Married,<=50K.
44,Private,12th,Never Married,<=50K.
21,NA,Some-college,Never Married,<=50K.
31,Private,HS-grad,Married,<=50K.
20,Private,HS-grad,Never Married,<=50K.
17,NA,11th,Never Married,<=50K.
44,Govt,HS-grad,Married,>50K.
19,Private,Some-college,Never Married,<=50K.
71,NA,HS-grad,Widowed,<=50K.
23,Private,Some-college,Never Married,<=50K.
21,Private,HS-grad,Never Married,<=50K.
29,Govt,Masters,Married,<=50K.
33,Private,Some-college,Separated,<=50K.
46,Private,HS-grad,Divorced,>50K.
21,NA,Some-college,Never Married,<=50K.
36,Self,Some-college,Married,>50K.
70,Self,Masters,Married,>50K.
19,Private,HS-grad,Never Married,<=50K.
29,Private,Some-college,Married,<=50K.
34,Private,Assoc-acdm,Never Married,<=50K.
26,Private,Some-college,Never Married,<=50K.
30,Private,Bachelors,Never Married,<=50K.
34,Private,Some-college,Never Married,<=50K.
24,NA,Bachelors,Never Married,<=50K.
28,Private,HS-grad,Never Married,<=50K.
24,NA,Some-college,Never Married,<=50K.
76,Private,Bachelors,Married,>50K.
19,Private,12th,Never Married,<=50K.
45,Private,10th,Married,<=50K.
24,Self,Some-college,Never Married,>50K.
37,Private,Bachelors,Married,>50K.
24,Private,Bachelors,Married,<=50K.
24,Private,Bachelors,Never Married,<=50K.
40,Private,HS-grad,Married,>50K.
20,Private,Some-college,Never Married,<=50K.
23,Govt,11th,Married,<=50K.
25,Private,Some-college,Never Married,<=50K.
64,Private,Assoc-acdm,Never Married,<=50K.
53,Govt,Masters,Married,>50K.
28,Private,Some-college,Married,<=50K.
52,Govt,Masters,Married,>50K.
28,Private,Prof-school,Never Married,<=50K.
31,Private,Assoc-acdm,Married,>50K.
77,Private,Bachelors,Never Married,<=50K.
22,Private,HS-grad,Never Married,<=50K.
17,NA,11th,Never Married,<=50K.
38,Private,Bachelors,Never Married,<=50K.
45,NA,11th,Divorced,<=50K.
25,Govt,Some-college,Never Married,<=50K.
50,Private,HS-grad,Married,>50K.
53,Govt,HS-grad,Married,<=50K.
24,Private,HS-grad,Never Married,<=50K.
33,Private,HS-grad,Married,>50K.
57,Govt,Masters,Married,>50K.
39,Private,Prof-school,Married,>50K.
30,Private,Some-college,Divorced,<=50K.
31,Govt,HS-grad,Married,>50K.
39,Govt,Some-college,Never Married,<=50K.
30,Private,Bachelors,Never Married,<=50K.
48,Private,Some-college,Separated,<=50K.
62,NA,Masters,Married,<=50K.
39,Private,HS-grad,Married,>50K.
34,Private,HS-grad,Never Married,<=50K.
45,Private,Masters,Married,>50K.
32,Private,11th,Divorced,<=50K.
40,Govt,Some-college,Never Married,<=50K.
17,Private,10th,Never Married,<=50K.
19,NA,10th,Never Married,<=50K.
25,Private,HS-grad,Married,<=50K.
42,Private,Some-college,Married,<=50K.
66,Private,Bachelors,Married,<=50K.
63,Self,HS-grad,Widowed,<=50K.
43,Private,7th-8th,Married,<=50K.
26,Private,HS-grad,Never Married,<=50K.
23,Private,HS-grad,Married,>50K.
39,Private,Prof-school,Married,>50K.
47,Self,HS-grad,Married,>50K.
36,Private,HS-grad,Never Married,<=50K.
35,Private,HS-grad,Married,<=50K.
25,Private,HS-grad,Never Married,<=50K.
21,Govt,Some-college,Never Married,<=50K.
46,Private,HS-grad,Married,<=50K.
43,Private,10th,Married,<=50K.
31,Govt,Doctorate,Married,>50K.
41,Private,HS-grad,Divorced,<=50K.
50,Private,HS-grad,Widowed,<=50K.
36,Private,11th,Separated,<=50K.
31,NA,HS-grad,Separated,<=50K.
45,Self,7th-8th,Married,>50K.
50,Private,11th,Married,>50K.
52,Private,7th-8th,Married,<=50K.
40,Private,Doctorate,Married,>50K.
55,Private,Bachelors,Married,>50K.
64,NA,10th,Married,>50K.
51,Self,Prof-school,Married,>50K.
30,Private,Some-college,Married,>50K.
56,Govt,Masters,Divorced,<=50K.
35,Private,HS-grad,Married,<=50K.
55,Self,10th,Married,<=50K.
30,Private,HS-grad,Never Married,<=50K.
34,Private,HS-grad,Never Married,<=50K.
36,Private,Assoc-voc,Married,>50K.
43,Self,HS-grad,Married,<=50K.
24,Govt,Some-college,Never Married,<=50K.
30,Private,10th,Married,<=50K.
33,Govt,Assoc-voc,Never Married,<=50K.
32,Private,Assoc-acdm,Never Married,<=50K.
29,Govt,Bachelors,Never Married,<=50K.
50,Private,HS-grad,Married,<=50K.
18,Private,11th,Never Married,<=50K.
20,Private,11th,Never Married,<=50K.
45,Govt,Masters,Married,>50K.
22,Private,Some-college,Never Married,<=50K.
45,Private,Prof-school,Married,>50K.
41,Private,HS-grad,Married,<=50K.
42,Govt,7th-8th,Married,<=50K.
24,Private,Bachelors,Never Married,<=50K.
22,Private,HS-grad,Never Married,<=50K.
28,Private,HS-grad,Married,>50K.
23,Private,Some-college,Never Married,<=50K.
21,Private,7th-8th,Never Married,<=50K.
23,Private,Bachelors,Never Married,<=50K.
45,Private,Some-college,Divorced,<=50K.
41,Private,HS-grad,Divorced,<=50K.
49,Govt,HS-grad,Married,>50K.
38,Private,Some-college,Never Married,<=50K.
37,Private,HS-grad,Never Married,<=50K.
70,Private,Bachelors,Widowed,<=50K.
24,Private,HS-grad,Never Married,<=50K.
28,Govt,Bachelors,Never Married,<=50K.
24,Private,Assoc-voc,Never Married,<=50K.
83,Self,10th,Married,>50K.
69,Private,Doctorate,Married,>50K.
37,Private,HS-grad,Never Married,<=50K.
28,Private,Bachelors,Never Married,<=50K.
54,Private,Some-college,Divorced,<=50K.
71,Private,HS-grad,Married,>50K.
56,Govt,HS-grad,Widowed,<=50K.
27,Govt,Bachelors,Never Married,<=50K.
42,Self,Masters,Married,>50K.
21,Private,HS-grad,Never Married,<=50K.
29,Private,Assoc-voc,Married,<=50K.
27,Private,7th-8th,Never Married,<=50K.
32,Private,Bachelors,Never Married,>50K.
31,Private,Some-college,Never Married,<=50K.
38,Private,Some-college,Separated,<=50K.
55,Govt,Doctorate,Married,>50K.
48,Private,HS-grad,Married,<=50K.
58,Self,HS-grad,Widowed,<=50K.
23,Private,Some-college,Never Married,<=50K.
28,Govt,Some-college,Never Married,<=50K.
49,Govt,Some-college,Married,<=50K.
51,Private,HS-grad,Married,<=50K.
23,Private,HS-grad,Separated,<=50K.
40,Self,HS-grad,Divorced,<=50K.
59,Private,HS-grad,Divorced,<=50K.
47,Private,Bachelors,Divorced,<=50K.
37,Private,HS-grad,Married,<=50K.
39,Private,Assoc-acdm,Divorced,<=50K.
43,Private,Some-college,Married,<=50K.
40,Private,Assoc-voc,Married,<=50K.
48,Private,10th,Married,>50K.
29,Private,9th,Never Married,<=50K.
48,Private,Some-college,Married,>50K.
37,Private,Bachelors,Never Married,<=50K.
19,Private,HS-grad,Never Married,<=50K.
28,Private,10th,Never Married,<=50K.
56,Private,5th-6th,Married,<=50K.
45,Private,HS-grad,Divorced,<=50K.
60,Govt,Some-college,Married,<=50K.
53,Govt,Masters,Married,>50K.
37,Govt,HS-grad,Married,<=50K.
31,Private,HS-grad,Married,<=50K.
29,Private,Assoc-voc,Married,>50K.
31,NA,HS-grad,Widowed,<=50K.
39,Private,HS-grad,Married,<=50K.
31,Govt,Bachelors,Married,>50K.
42,Private,Bachelors,Married,>50K.
17,Private,11th,Never Married,<=50K.
19,Private,HS-grad,Never Married,<=50K.
24,Private,Bachelors,Never Married,<=50K.
62,Private,HS-grad,Married,>50K.
34,Private,1st-4th,Never Married,<=50K.
47,Self,Masters,Married,>50K.
58,Private,Bachelors,Never Married,<=50K.
23,Private,Assoc-voc,Never Married,<=50K.
33,Private,HS-grad,Never Married,<=50K.
76,Private,HS-grad,Widowed,<=50K.
40,Private,HS-grad,Divorced,<=50K.
28,Private,7th-8th,Divorced,<=50K.
41,Private,Some-college,Married,<=50K.
46,Govt,HS-grad,Married,>50K.
22,Govt,Some-college,Never Married,<=50K.
29,Private,Assoc-voc,Married,<=50K.
26,Private,HS-grad,Never Married,<=50K.
31,Private,Bachelors,Never Married,>50K.
22,Private,HS-grad,Never Married,<=50K.
41,Private,Some-college,Never Married,<=50K.
29,Private,HS-grad,Never Married,<=50K.
60,Private,Assoc-voc,Married,>50K.
72,Govt,HS-grad,Married,>50K.
41,Self,Some-college,Married,<=50K.
19,Private,Some-college,Never Married,<=50K.
25,Private,Bachelors,Never Married,<=50K.
24,Private,Bachelors,Never Married,<=50K.
59,Private,9th,Married,<=50K.
17,Private,11th,Never Married,<=50K.
59,NA,Bachelors,Married,>50K.
69,NA,Some-college,Never Married,<=50K.
25,Private,Some-college,Married,<=50K.
50,NA,HS-grad,Married,<=50K.
29,Private,HS-grad,Separated,<=50K.
43,Private,HS-grad,Married,<=50K.
29,Govt,Some-college,Never Married,<=50K.
29,Govt,Some-college,Divorced,<=50K.
32,Govt,Some-college,Married,>50K.
17,NA,10th,Never Married,<=50K.
50,Self,HS-grad,Married,>50K.
43,Private,Some-college,Married,<=50K.
41,Private,HS-grad,Never Married,<=50K.
32,Private,Bachelors,Married,>50K.
54,Govt,Masters,Never Married,>50K.
65,Private,HS-grad,Married,>50K.
18,NA,HS-grad,Never Married,<=50K.
70,Self,Some-college,Married,>50K.
53,Private,Masters,Married,>50K.
37,Private,Bachelors,Married,>50K.
21,Private,Some-college,Never Married,<=50K.
20,Private,HS-grad,Never Married,<=50K.
47,Govt,HS-grad,Divorced,<=50K.
26,Private,HS-grad,Married,<=50K.
31,Private,Prof-school,Never Married,<=50K.
45,Self,Some-college,Married,<=50K.
35,Private,HS-grad,Separated,<=50K.
55,Private,Bachelors,Married,>50K.
49,Private,Masters,Married,>50K.
33,Self,HS-grad,Never Married,<=50K.
30,Govt,Prof-school,Never Married,<=50K.
19,Private,Some-college,Never Married,<=50K.
48,Self,Bachelors,Married,>50K.
41,Private,Some-college,Divorced,>50K.
29,Private,Bachelors,Married,>50K.
47,Govt,Masters,Married,>50K.
53,Govt,Masters,Married,>50K.
19,Private,Some-college,Never Married,<=50K.
71,Private,HS-grad,Divorced,<=50K.
29,Private,Some-college,Never Married,<=50K.
43,Govt,Some-college,Married,<=50K.
23,Private,Bachelors,Never Married,<=50K.
52,Private,Some-college,Divorced,<=50K.
56,Private,Bachelors,Married,>50K.
28,Private,10th,Never Married,<=50K.
44,Self,Bachelors,Married,<=50K.
37,Govt,Bachelors,Never Married,<=50K.
30,Private,Assoc-voc,Married,>50K.
31,Govt,HS-grad,Married,<=50K.
20,Private,Some-college,Never Married,<=50K.
64,Private,HS-grad,Married,>50K.
45,Private,HS-grad,Married,<=50K.
40,Private,Some-college,Never Married,>50K.
19,Private,HS-grad,Never Married,<=50K.
54,Private,Bachelors,Divorced,>50K.
61,Self,Doctorate,Married,>50K.
18,Private,11th,Never Married,<=50K.
62,NA,HS-grad,Married,>50K.
33,Private,Assoc-voc,Never Married,<=50K.
51,Private,HS-grad,Separated,<=50K.
54,Private,HS-grad,Married,<=50K.
24,Private,Some-college,Married,<=50K.
54,Private,Some-college,Divorced,<=50K.
42,Private,Bachelors,Married,>50K.
51,Govt,Masters,Widowed,>50K.
41,Private,Some-college,Married,>50K.
47,Govt,Assoc-acdm,Separated,<=50K.
31,Govt,Some-college,Divorced,<=50K.
21,Private,Assoc-voc,Never Married,<=50K.
52,Private,Some-college,Divorced,<=50K.
20,Private,Some-college,Never Married,<=50K.
18,Private,HS-grad,Never Married,<=50K.
58,Private,HS-grad,Married,<=50K.
23,Private,HS-grad,Never Married,<=50K.
21,Private,Some-college,Never Married,<=50K.
43,Govt,Assoc-voc,Married,<=50K.
53,Private,HS-grad,Divorced,<=50K.
18,Private,HS-grad,Married,<=50K.
44,Private,Bachelors,Married,>50K.
31,Private,Bachelors,Never Married,<=50K.
48,Private,1st-4th,Married,<=50K.
55,Self,Masters,Divorced,<=50K.
24,Private,Some-college,Never Married,<=50K.
41,Govt,Masters,Married,>50K.
35,Private,HS-grad,Married,>50K.
47,Govt,Assoc-voc,Divorced,<=50K.
54,Private,Some-college,Married,<=50K.
40,Private,Bachelors,Separated,<=50K.
56,Self,Some-college,Divorced,<=50K.
23,Private,Assoc-voc,Never Married,<=50K.
34,Self,HS-grad,Married,<=50K.
27,Govt,HS-grad,Never Married,<=50K.
32,Private,Bachelors,Never Married,>50K.
72,Self,Some-college,Married,<=50K.
43,Govt,12th,Married,<=50K.
32,Private,Assoc-acdm,Divorced,<=50K.
53,Private,Some-college,Separated,<=50K.
18,Private,12th,Never Married,<=50K.
38,Private,10th,Widowed,<=50K.
41,Govt,Assoc-voc,Divorced,<=50K.
29,Private,HS-grad,Never Married,<=50K.
70,NA,Some-college,Married,>50K.
46,Self,Bachelors,Widowed,<=50K.
47,Private,Some-college,Married,<=50K.
56,Govt,Some-college,Married,<=50K.
28,Private,HS-grad,Married,<=50K.
55,Govt,Prof-school,Married,>50K.
50,Govt,Bachelors,Married,<=50K.
47,Private,11th,Divorced,<=50K.
42,Self,HS-grad,Married,<=50K.
22,Private,Some-college,Never Married,<=50K.
42,Private,5th-6th,Married,<=50K.
42,Govt,Some-college,Divorced,<=50K.
46,Private,HS-grad,Divorced,<=50K.
45,Private,Some-college,Married,>50K.
55,Private,HS-grad,Married,<=50K.
57,Private,Bachelors,Married,>50K.
25,Private,12th,Never Married,<=50K.
43,Private,HS-grad,Married,<=50K.
34,Self,Bachelors,Divorced,<=50K.
27,Govt,Bachelors,Divorced,<=50K.
25,Private,HS-grad,Never Married,<=50K.
37,Private,Some-college,Never Married,<=50K.
48,Private,Some-college,Divorced,<=50K.
38,Private,HS-grad,Married,<=50K.
17,Private,10th,Never Married,<=50K.
70,Private,Assoc-voc,Married,>50K.
37,Private,HS-grad,Divorced,<=50K.
45,Private,HS-grad,Married,<=50K.
56,Private,HS-grad,Married,>50K.
64,Private,HS-grad,Married,<=50K.
35,Govt,Some-college,Divorced,<=50K.
23,Private,HS-grad,Never Married,<=50K.
42,Govt,HS-grad,Married,<=50K.
23,Private,Some-college,Never Married,<=50K.
26,NA,Some-college,Never Married,<=50K.
56,Govt,HS-grad,Married,>50K.
41,Private,Bachelors,Married,>50K.
47,Self,5th-6th,Married,<=50K.
21,Private,Some-college,Never Married,<=50K.
29,Private,HS-grad,Never Married,<=50K.
32,Govt,Some-college,Married,<=50K.
72,Private,9th,Widowed,<=50K.
69,Self,Prof-school,Married,>50K.
19,Private,Some-college,Never Married,<=50K.
25,Govt,Bachelors,Never Married,<=50K.
56,Private,Some-college,Married,>50K.
42,Private,Masters,Never Married,>50K.
58,Private,Bachelors,Divorced,<=50K.
24,Private,Bachelors,Never Married,<=50K.
41,Private,Assoc-voc,Married,>50K.
40,Private,10th,Married,>50K.
37,Private,HS-grad,Married,<=50K.
25,Private,Assoc-acdm,Divorced,<=50K.
43,Self,Bachelors,Married,>50K.
36,Private,HS-grad,Never Married,<=50K.
41,Private,HS-grad,Married,<=50K.
31,Private,Bachelors,Never Married,<=50K.
22,Private,HS-grad,Never Married,<=50K.
36,Private,Assoc-voc,Married,<=50K.
42,Private,10th,Married,<=50K.
29,Private,HS-grad,Married,<=50K.
25,Private,HS-grad,Never Married,<=50K.
23,Private,Bachelors,Never Married,<=50K.
34,Private,HS-grad,Separated,<=50K.
27,Private,HS-grad,Married,<=50K.
32,Private,Bachelors,Married,>50K.
33,Private,Some-college,Married,<=50K.
38,Private,Bachelors,Divorced,<=50K.
21,Private,Some-college,Never Married,<=50K.
39,Private,Assoc-voc,Married,<=50K.
50,Private,Bachelors,Married,>50K.
32,Private,Some-college,Never Married,<=50K.
40,Govt,HS-grad,Married,>50K.
58,Govt,Some-college,Married,>50K.
20,Private,HS-grad,Never Married,<=50K.
63,NA,HS-grad,Divorced,<=50K.
56,Private,Bachelors,Married,<=50K.
30,Govt,Bachelors,Married,<=50K.
39,Private,Some-college,Divorced,<=50K.
25,Private,Assoc-acdm,Never Married,>50K.
33,Private,HS-grad,Married,>50K.
41,Govt,Bachelors,Never Married,<=50K.
50,Private,Some-college,Divorced,<=50K.
44,Private,Some-college,Married,<=50K.
27,Private,Bachelors,Never Married,<=50K.
27,Private,Bachelors,Never Married,>50K.
58,Private,5th-6th,Married,<=50K.
25,Private,Some-college,Never Married,<=50K.
31,Private,HS-grad,Married,<=50K.
39,Private,HS-grad,Married,>50K.
55,Private,Assoc-voc,Married,>50K.
22,Private,Assoc-voc,Never Married,<=50K.
44,Private,Assoc-acdm,Separated,<=50K.
41,NA,Assoc-voc,Married,<=50K.
44,Private,12th,Divorced,<=50K.
61,Private,7th-8th,Married,<=50K.
32,Private,Assoc-voc,Married,<=50K.
35,Private,Bachelors,Married,>50K.
28,Private,Some-college,Married,<=50K.
57,Private,Bachelors,Married,>50K.
32,Private,Doctorate,Married,>50K.
46,Govt,7th-8th,Never Married,<=50K.
26,Self,HS-grad,Married,<=50K.
43,Self,HS-grad,Married,<=50K.
62,Govt,HS-grad,Divorced,<=50K.
60,Govt,Masters,Married,>50K.
67,Private,HS-grad,Divorced,<=50K.
19,Private,HS-grad,Never Married,<=50K.
55,NA,HS-grad,Never Married,<=50K.
48,Private,10th,Married,>50K.
19,Govt,HS-grad,Never Married,<=50K.
19,Private,Some-college,Never Married,<=50K.
43,Private,HS-grad,Divorced,<=50K.
31,Private,Doctorate,Married,<=50K.
65,Private,Some-college,Married,<=50K.
32,Private,HS-grad,Never Married,<=50K.
36,Govt,Masters,Married,>50K.
41,Private,HS-grad,Married,<=50K.
33,Govt,Some-college,Married,<=50K.
72,NA,10th,Divorced,<=50K.
34,Private,Bachelors,Married,>50K.
27,Private,Some-college,Never Married,<=50K.
75,Self,11th,Never Married,<=50K.
39,NA,10th,Widowed,<=50K.
51,Private,HS-grad,Married,>50K.
47,Private,HS-grad,Married,<=50K.
31,Private,Some-college,Never Married,<=50K.
40,Private,Masters,Never Married,>50K.
48,Private,HS-grad,Divorced,<=50K.
36,Govt,Bachelors,Never Married,<=50K.
18,Private,HS-grad,Never Married,<=50K.
33,Private,HS-grad,Never Married,<=50K.
34,Private,Masters,Married,<=50K.
51,Private,Some-college,Married,>50K.
39,Govt,Assoc-acdm,Divorced,<=50K.
20,Private,HS-grad,Never Married,<=50K.
67,Govt,Some-college,Divorced,<=50K.
42,Private,Assoc-voc,Never Married,<=50K.
59,Private,11th,Married,<=50K.
31,Govt,HS-grad,Never Married,<=50K.
19,Private,Some-college,Never Married,<=50K.
47,Private,Some-college,Divorced,<=50K.
68,Private,7th-8th,Married,<=50K.
30,Private,Some-college,Married,<=50K.
34,Private,HS-grad,Never Married,<=50K.
49,Private,7th-8th,Married,<=50K.
38,Private,Some-college,Married,>50K.
60,Private,Some-college,Married,>50K.
51,Private,Some-college,Married,>50K.
24,Private,Bachelors,Never Married,<=50K.
18,Private,Some-college,Never Married,<=50K.
24,Private,Bachelors,Never Married,<=50K.
21,Private,5th-6th,Married,<=50K.
48,Govt,HS-grad,Married,>50K.
52,Govt,9th,Married,<=50K.
48,Private,HS-grad,Divorced,<=50K.
40,Govt,Bachelors,Married,>50K.
29,NA,11th,Divorced,<=50K.
20,Private,Some-college,Never Married,<=50K.
31,Private,HS-grad,Divorced,<=50K.
30,Private,Some-college,Married,<=50K.
30,Private,HS-grad,Never Married,<=50K.
51,Private,HS-grad,Never Married,<=50K.
29,Private,Assoc-voc,Divorced,<=50K.
56,Self,Masters,Never Married,<=50K.
46,Private,Bachelors,Separated,<=50K.
41,Private,Some-college,Separated,<=50K.
29,Private,5th-6th,Never Married,<=50K.
48,Self,HS-grad,Married,<=50K.
34,Self,HS-grad,Divorced,<=50K.
42,Self,Assoc-voc,Married,<=50K.
25,Private,HS-grad,Never Married,<=50K.
47,Private,11th,Divorced,<=50K.
23,Private,HS-grad,Never Married,<=50K.
43,Govt,Assoc-voc,Married,<=50K.
19,Govt,Some-college,Never Married,<=50K.
22,Private,HS-grad,Never Married,<=50K.
40,Govt,Bachelors,Divorced,<=50K.
41,Self,Assoc-voc,Married,<=50K.
71,Self,Bachelors,Married,>50K.
42,Private,HS-grad,Married,<=50K.
31,Govt,Bachelors,Never Married,<=50K.
69,NA,Some-college,Married,<=50K.
58,Self,HS-grad,Married,<=50K.
36,Private,11th,Widowed,<=50K.
31,Private,HS-grad,Married,<=50K.
20,NA,Some-college,Never Married,<=50K.
41,Private,HS-grad,Never Married,<=50K.
35,Private,Some-college,Married,<=50K.
62,NA,7th-8th,Married,<=50K.
28,Private,Bachelors,Never Married,<=50K.
27,Private,12th,Married,<=50K.
17,Private,11th,Never Married,<=50K.
35,Self,HS-grad,Divorced,>50K.
45,Self,Some-college,Married,<=50K.
44,Private,Bachelors,Divorced,<=50K.
27,Private,Assoc-voc,Never Married,<=50K.
51,Private,9th,Married,<=50K.
49,Private,HS-grad,Widowed,<=50K.
64,Self,10th,Married,>50K.
54,Self,7th-8th,Divorced,<=50K.
43,Private,HS-grad,Married,<=50K.
32,Private,HS-grad,Divorced,<=50K.
36,Private,Assoc-acdm,Never Married,>50K.
26,Self,HS-grad,Never Married,>50K.
37,Private,Bachelors,Married,>50K.
38,Private,Assoc-acdm,Divorced,<=50K.
26,Private,12th,Married,<=50K.
50,Private,Bachelors,Married,>50K.
47,Private,Some-college,Married,>50K.
42,Private,HS-grad,Divorced,<=50K.
66,Govt,HS-grad,Widowed,<=50K.
43,Private,HS-grad,Separated,<=50K.
37,Private,Bachelors,Married,>50K.
37,Private,10th,Divorced,<=50K.
25,Private,Some-college,Never Married,<=50K.
29,Private,Bachelors,Married,>50K.
63,NA,HS-grad,Married,>50K.
50,Self,Assoc-acdm,Married,>50K.
42,Govt,Masters,Never Married,<=50K.
32,Private,HS-grad,Never Married,<=50K.
42,Govt,Some-college,Married,>50K.
41,Self,HS-grad,Married,<=50K.
25,Private,Bachelors,Never Married,<=50K.
65,Self,HS-grad,Married,<=50K.
32,Private,Some-college,Married,<=50K.
32,Private,HS-grad,Never Married,<=50K.
24,Private,Some-college,Married,<=50K.
51,Govt,HS-grad,Divorced,<=50K.
67,NA,10th,Never Married,<=50K.
28,Private,11th,Married,<=50K.
32,Self,Some-college,Married,>50K.
77,Private,Prof-school,Married,<=50K.
47,Private,HS-grad,Divorced,<=50K.
26,Private,HS-grad,Never Married,<=50K.
20,Private,Some-college,Never Married,<=50K.
57,Govt,Some-college,Married,>50K.
40,Private,Doctorate,Married,<=50K.
50,Private,Masters,Married,>50K.
19,Private,7th-8th,Married,<=50K.
54,Govt,12th,Married,<=50K.
51,Govt,Some-college,Married,>50K.
51,Govt,Bachelors,Married,>50K.
38,Govt,Some-college,Married,>50K.
68,NA,Bachelors,Married,<=50K.
17,Private,12th,Never Married,<=50K.
32,Private,Bachelors,Never Married,<=50K.
29,Private,Some-college,Married,<=50K.
42,Private,Some-college,Divorced,<=50K.
40,Private,HS-grad,Divorced,<=50K.
27,Private,Some-college,Married,<=50K.
22,Govt,Bachelors,Never Married,<=50K.
58,Private,11th,Widowed,<=50K.
61,Private,Bachelors,Married,>50K.
42,Private,Bachelors,Married,>50K.
49,Private,Masters,Married,<=50K.
41,Self,Bachelors,Married,<=50K.
43,Private,HS-grad,Divorced,<=50K.
46,Private,Bachelors,Divorced,>50K.
28,Private,HS-grad,Married,>50K.
39,Self,Some-college,Married,>50K.
50,Govt,Some-college,Married,>50K.
57,Private,Some-college,Married,<=50K.
47,Private,HS-grad,Married,<=50K.
79,Self,HS-grad,Married,<=50K.
40,Private,HS-grad,Married,<=50K.
35,Govt,Bachelors,Married,<=50K.
35,Govt,Bachelors,Married,<=50K.
30,Private,Bachelors,Married,>50K.
26,Private,10th,Never Married,<=50K.
49,Private,HS-grad,Never Married,<=50K.
48,Private,HS-grad,Married,<=50K.
22,Private,Some-college,Never Married,<=50K.
22,Private,11th,Never Married,<=50K.
50,Private,10th,Separated,<=50K.
47,Self,HS-grad,Married,<=50K.
36,Private,HS-grad,Married,<=50K.
44,Private,Assoc-acdm,Married,>50K.
73,Private,9th,Widowed,<=50K.
24,NA,HS-grad,Never Married,<=50K.
34,Private,Bachelors,Married,>50K.
37,Private,Some-college,Married,<=50K.
28,NA,12th,Married,<=50K.
46,Private,Some-college,Married,>50K.
20,NA,Some-college,Never Married,<=50K.
29,Private,5th-6th,Married,<=50K.
24,Private,Assoc-voc,Married,<=50K.
29,Govt,Some-college,Never Married,<=50K.
18,Private,12th,Never Married,<=50K.
41,Private,Bachelors,Divorced,>50K.
59,Private,HS-grad,Married,>50K.
27,Private,5th-6th,Never Married,<=50K.
50,Private,Assoc-acdm,Married,<=50K.
25,Private,1st-4th,Never Married,<=50K.
42,Private,Bachelors,Divorced,<=50K.
36,Private,Some-college,Married,<=50K.
62,Private,Some-college,Married,>50K.
71,Private,Assoc-voc,Never Married,<=50K.
38,Private,Bachelors,Divorced,>50K.
44,Private,HS-grad,Married,<=50K.
19,NA,10th,Never Married,<=50K.
49,Self,Some-college,Married,<=50K.
60,Self,Bachelors,Married,>50K.
28,Self,HS-grad,Married,<=50K.
26,Private,Bachelors,Never Married,<=50K.
18,Private,11th,Never Married,<=50K.
43,Private,Assoc-voc,Married,>50K.
65,Govt,12th,Widowed,<=50K.
23,Private,10th,Never Married,<=50K.
21,Private,Some-college,Never Married,<=50K.
20,Self,HS-grad,Never Married,<=50K.
19,Private,Some-college,Never Married,<=50K.
77,Private,HS-grad,Widowed,<=50K.
32,Private,Assoc-voc,Married,<=50K.
37,Govt,Some-college,Married,<=50K.
29,Self,HS-grad,Married,<=50K.
59,Private,Doctorate,Married,>50K.
22,Private,Some-college,Never Married,<=50K.
30,NA,Bachelors,Married,<=50K.
31,Private,HS-grad,Married,>50K.
59,Self,HS-grad,Married,<=50K.
29,Govt,Some-college,Never Married,>50K.
56,Private,HS-grad,Married,>50K.
19,Private,Some-college,Never Married,<=50K.
37,Private,HS-grad,Married,<=50K.
58,Govt,Masters,Married,>50K.
41,Private,Masters,Married,>50K.
29,Private,HS-grad,Never Married,<=50K.
38,Self,HS-grad,Married,<=50K.
36,Private,Masters,Married,>50K.
19,Private,Some-college,Never Married,<=50K.
46,Private,HS-grad,Married,>50K.
42,Private,Masters,Married,>50K.
29,Private,Some-college,Never Married,<=50K.
42,Private,Bachelors,Married,>50K.
29,Private,Assoc-acdm,Married,<=50K.
47,Private,Masters,Divorced,<=50K.
37,Private,11th,Married,>50K.
39,Private,HS-grad,Married,<=50K.
46,Private,Bachelors,Divorced,>50K.
28,Private,Assoc-acdm,Married,<=50K.
36,Private,Some-college,Married,>50K.
39,Private,HS-grad,Divorced,<=50K.
44,Private,Some-college,Married,<=50K.
70,NA,HS-grad,Widowed,<=50K.
60,Govt,HS-grad,Married,<=50K.
35,Private,Bachelors,Never Married,>50K.
59,Private,Bachelors,Married,>50K.
21,Private,Some-college,Never Married,<=50K.
22,Private,Assoc-acdm,Never Married,<=50K.
31,Private,Some-college,Married,>50K.
40,Private,Bachelors,Married,>50K.
33,Private,HS-grad,Married,>50K.
41,Govt,Masters,Married,<=50K.
31,Self,Assoc-acdm,Married,>50K.
62,Private,Assoc-voc,Divorced,<=50K.
43,Private,HS-grad,Married,<=50K.
28,Govt,Bachelors,Never Married,<=50K.
43,Private,10th,Married,>50K.
55,Self,Masters,Married,>50K.
42,Private,HS-grad,Separated,<=50K.
23,Private,Bachelors,Never Married,<=50K.
55,Govt,Some-college,Married,>50K.
44,Self,Bachelors,Married,>50K.
19,Private,11th,Never Married,<=50K.
23,Private,HS-grad,Never Married,<=50K.
41,Private,HS-grad,Divorced,<=50K.
63,NA,HS-grad,Married,<=50K.
51,Private,HS-grad,Separated,<=50K.
49,Private,HS-grad,Divorced,<=50K.
29,Govt,Masters,Never Married,<=50K.
25,Private,Some-college,Never Married,>50K.
44,Self,Prof-school,Married,>50K.
17,Private,11th,Never Married,<=50K.
42,Self,Masters,Married,>50K.
21,Private,11th,Never Married,<=50K.
26,Private,Some-college,Never Married,<=50K.
24,Private,Some-college,Never Married,<=50K.
30,Private,Bachelors,Married,>50K.
58,NA,Bachelors,Widowed,>50K.
19,Private,HS-grad,Never Married,<=50K.
65,Govt,7th-8th,Widowed,<=50K.
52,Self,Some-college,Married,>50K.
17,Private,10th,Never Married,<=50K.
27,Private,HS-grad,Never Married,<=50K.
53,Private,Prof-school,Never Married,<=50K.
24,Private,Bachelors,Never Married,<=50K.
37,Private,Some-college,Married,>50K.
34,Private,Assoc-voc,Married,<=50K.
40,Govt,Assoc-acdm,Divorced,>50K.
49,Govt,HS-grad,Married,>50K.
86,Private,Masters,Never Married,<=50K.
49,Private,Assoc-voc,Married,>50K.
43,Self,11th,Married,<=50K.
47,Private,Some-college,Married,<=50K.
32,Private,HS-grad,Married,>50K.
30,Self,Assoc-voc,Married,<=50K.
25,Govt,HS-grad,Never Married,<=50K.
42,Private,Bachelors,Married,>50K.
60,Private,Some-college,Married,<=50K.
46,Private,Some-college,Married,>50K.
39,Govt,Some-college,Married,>50K.
28,Private,Assoc-acdm,Married,>50K.
26,Private,10th,Never Married,<=50K.
27,Private,Some-college,Never Married,<=50K.
59,Private,Some-college,Divorced,<=50K.
64,Govt,HS-grad,Married,<=50K.
90,Self,HS-grad,Never Married,<=50K.
51,Private,Some-college,Divorced,>50K.
36,Private,HS-grad,Married,<=50K.
39,Private,7th-8th,Married,<=50K.
30,NA,HS-grad,Never Married,<=50K.
47,Self,Masters,Married,>50K.
32,Private,Masters,Married,>50K.
24,Private,Assoc-acdm,Married,<=50K.
23,Private,HS-grad,Never Married,<=50K.
62,Private,HS-grad,Married,<=50K.
48,NA,Some-college,Married,<=50K.
62,NA,12th,Divorced,<=50K.
35,Self,Bachelors,Separated,<=50K.
27,Private,Bachelors,Never Married,<=50K.
49,Private,Some-college,Divorced,<=50K.
18,Private,10th,Never Married,<=50K.
19,Private,Some-college,Never Married,<=50K.
63,Self,Assoc-acdm,Married,>50K.
54,Private,HS-grad,Married,<=50K.
24,Private,Some-college,Married,>50K.
61,Private,10th,Married,>50K.
50,Self,HS-grad,Married,>50K.
36,Private,Bachelors,Married,>50K.
21,Private,Some-college,Never Married,<=50K.
38,Self,Prof-school,Married,>50K.
30,Private,Some-college,Married,<=50K.
22,Private,HS-grad,Never Married,<=50K.
33,Private,Some-college,Divorced,<=50K.
39,Govt,HS-grad,Married,>50K.
42,Private,HS-grad,Married,>50K.
47,NA,HS-grad,Married,<=50K.
42,Govt,Bachelors,Divorced,<=50K.
29,Private,Bachelors,Married,<=50K.
35,Private,Bachelors,Never Married,<=50K.
23,Private,Some-college,Never Married,<=50K.
28,Private,Some-college,Married,<=50K.
34,Private,HS-grad,Divorced,<=50K.
40,Private,Some-college,Never Married,<=50K.
67,Self,HS-grad,Widowed,<=50K.
49,Private,HS-grad,Married,<=50K.
34,Private,HS-grad,Never Married,<=50K.
60,NA,Bachelors,Married,<=50K.
26,Private,Bachelors,Never Married,<=50K.
25,Private,HS-grad,Never Married,<=50K.
40,Private,Some-college,Divorced,<=50K.
56,Self,HS-grad,Married,<=50K.
35,Self,Assoc-acdm,Married,>50K.
54,Private,HS-grad,Married,<=50K.
25,Private,Bachelors,Never Married,<=50K.
28,Private,Bachelors,Married,<=50K.
31,Private,Bachelors,Never Married,<=50K.
45,Private,HS-grad,Divorced,<=50K.
52,Govt,HS-grad,Married,<=50K.
39,Self,Masters,Never Married,<=50K.
19,Private,HS-grad,Never Married,<=50K.
23,Private,12th,Never Married,<=50K.
23,Private,7th-8th,Never Married,<=50K.
52,Private,Assoc-voc,Married,>50K.
33,Self,Prof-school,Married,>50K.
35,Private,Bachelors,Never Married,<=50K.
58,Private,HS-grad,Married,<=50K.
61,Private,HS-grad,Married,>50K.
39,Private,Bachelors,Married,>50K.
38,Private,11th,Married,<=50K.
59,Private,HS-grad,Married,>50K.
41,Private,Bachelors,Divorced,>50K.
27,NA,9th,Separated,<=50K.
19,Private,11th,Never Married,<=50K.
22,Private,Some-college,Never Married,<=50K.
59,Private,Assoc-acdm,Widowed,<=50K.
37,Private,HS-grad,Married,>50K.
31,Private,12th,Married,<=50K.
18,Private,11th,Never Married,<=50K.
20,Private,Some-college,Never Married,<=50K.
28,Private,HS-grad,Never Married,<=50K.
28,Private,Some-college,Never Married,<=50K.
49,Private,Bachelors,Married,<=50K.
38,Govt,HS-grad,Married,>50K.
19,Private,HS-grad,Never Married,<=50K.
43,Private,Bachelors,Married,>50K.
28,Private,HS-grad,Married,>50K.
41,Private,Some-college,Divorced,<=50K.
50,Private,Masters,Married,>50K.
46,Private,Bachelors,Divorced,<=50K.
20,Private,Some-college,Never Married,<=50K.
45,Private,Bachelors,Married,>50K.
28,Private,Some-college,Never Married,<=50K.
37,Private,Some-college,Married,<=50K.
46,Self,Doctorate,Married,>50K.
66,Private,HS-grad,Married,<=50K.
35,NA,Some-college,Married,<=50K.
38,Private,Bachelors,Married,>50K.
25,Private,11th,Never Married,<=50K.
55,Govt,Prof-school,Married,>50K.
48,Govt,7th-8th,Married,<=50K.
56,Private,Some-college,Widowed,<=50K.
47,Self,Masters,Married,<=50K.
55,Self,Bachelors,Married,>50K.
41,Govt,Assoc-acdm,Married,<=50K.
47,Private,Some-college,Married,>50K.
40,Private,HS-grad,Never Married,<=50K.
41,Private,Bachelors,Married,<=50K.
21,Private,Some-college,Never Married,<=50K.
52,Private,HS-grad,Never Married,<=50K.
62,Private,Doctorate,Divorced,>50K.
46,Private,11th,Married,>50K.
21,NA,Some-college,Never Married,<=50K.
35,Self,Bachelors,Married,<=50K.
29,Private,HS-grad,Married,<=50K.
21,Private,10th,Married,<=50K.
35,Private,HS-grad,Separated,<=50K.
46,Private,Bachelors,Married,>50K.
70,NA,HS-grad,Married,<=50K.
35,Private,Doctorate,Married,>50K.
34,Private,Some-college,Divorced,<=50K.
21,Private,Assoc-voc,Never Married,<=50K.
29,Private,HS-grad,Married,<=50K.
41,Self,Masters,Married,>50K.
51,Self,HS-grad,Married,<=50K.
22,Private,HS-grad,Never Married,<=50K.
47,Private,Bachelors,Never Married,<=50K.
42,Self,Prof-school,Married,>50K.
19,Private,HS-grad,Never Married,<=50K.
46,Private,Bachelors,Married,>50K.
23,Private,Some-college,Never Married,<=50K.
49,Private,HS-grad,Married,<=50K.
58,Self,Bachelors,Divorced,<=50K.
41,Govt,Bachelors,Married,>50K.
50,Private,Bachelors,Married,>50K.
77,Private,HS-grad,Widowed,<=50K.
27,Private,Assoc-voc,Married,<=50K.
29,Self,HS-grad,Married,<=50K.
54,Private,Preschool,Married,<=50K.
39,Govt,Some-college,Separated,<=50K.
32,Private,Some-college,Married,<=50K.
36,Govt,Bachelors,Married,<=50K.
24,Govt,Bachelors,Never Married,<=50K.
50,Self,Masters,Married,>50K.
32,Self,HS-grad,Divorced,<=50K.
26,Private,Bachelors,Never Married,<=50K.
49,NA,Bachelors,Divorced,<=50K.
38,Private,Assoc-voc,Married,<=50K.
47,Private,Bachelors,Widowed,<=50K.
31,Private,Some-college,Married,>50K.
38,Private,HS-grad,Married,<=50K.
50,Private,Some-college,Married,>50K.
18,Private,11th,Never Married,<=50K.
59,Self,Masters,Married,<=50K.
56,Self,Some-college,Married,>50K.
34,Private,HS-grad,Never Married,<=50K.
32,Private,Bachelors,Married,<=50K.
29,Private,Bachelors,Never Married,<=50K.
29,NA,Some-college,Divorced,<=50K.
42,Private,Bachelors,Married,>50K.
37,Private,Some-college,Divorced,<=50K.
36,Private,HS-grad,Divorced,<=50K.
59,Private,Masters,Widowed,>50K.
32,Private,Bachelors,Married,>50K.
52,Govt,HS-grad,Married,>50K.
29,Govt,HS-grad,Never Married,<=50K.
39,Private,Prof-school,Never Married,>50K.
39,Private,Some-college,Never Married,<=50K.
69,Private,Bachelors,Widowed,<=50K.
43,Private,HS-grad,Married,<=50K.
39,Private,Assoc-voc,Married,<=50K.
19,Private,Some-college,Never Married,<=50K.
60,Govt,Assoc-voc,Married,>50K.
51,Private,HS-grad,Married,<=50K.
75,Private,Some-college,Widowed,<=50K.
37,Govt,Assoc-voc,Never Married,<=50K.
24,Govt,Some-college,Never Married,<=50K.
20,Private,11th,Never Married,<=50K.
58,Govt,HS-grad,Married,<=50K.
21,Govt,Masters,Never Married,<=50K.
28,Private,HS-grad,Separated,<=50K.
40,Private,10th,Married,<=50K.
45,Self,HS-grad,Married,<=50K.
40,Self,Prof-school,Married,>50K.
41,Private,Some-college,Never Married,<=50K.
58,Private,HS-grad,Divorced,<=50K.
44,Govt,Assoc-voc,Married,>50K.
26,Private,HS-grad,Married,<=50K.
29,Private,Assoc-acdm,Never Married,<=50K.
45,Private,Masters,Never Married,<=50K.
23,Private,Assoc-acdm,Never Married,<=50K.
39,Govt,HS-grad,Divorced,<=50K.
45,Self,Doctorate,Married,>50K.
51,Govt,Masters,Married,>50K.
22,Private,HS-grad,Never Married,<=50K.
67,NA,7th-8th,Divorced,<=50K.
28,Private,HS-grad,Married,<=50K.
23,Private,Some-college,Never Married,<=50K.
33,Private,HS-grad,Married,<=50K.
37,Private,Assoc-voc,Married,<=50K.
19,Private,Some-college,Never Married,<=50K.
90,NA,1st-4th,Widowed,<=50K.
35,Private,11th,Married,<=50K.
62,Private,7th-8th,Divorced,<=50K.
20,NA,Some-college,Never Married,<=50K.
25,Private,HS-grad,Never Married,<=50K.
21,Private,HS-grad,Never Married,<=50K.
32,Private,Some-college,Never Married,<=50K.
32,Govt,Bachelors,Married,<=50K.
70,Govt,HS-grad,Widowed,<=50K.
65,NA,10th,Married,>50K.
57,Private,11th,Married,<=50K.
31,Private,Some-college,Never Married,<=50K.
37,Private,Bachelors,Married,>50K.
34,Private,HS-grad,Divorced,<=50K.
26,Self,Some-college,Married,<=50K.
44,Private,Some-college,Married,<=50K.
66,Private,7th-8th,Married,<=50K.
39,Govt,HS-grad,Divorced,<=50K.
31,Private,HS-grad,Married,>50K.
53,Private,Assoc-voc,Married,>50K.
36,Private,HS-grad,Married,<=50K.
61,Private,9th,Married,<=50K.
43,Private,Bachelors,Married,>50K.
38,Private,Some-college,Married,<=50K.
26,Private,HS-grad,Never Married,<=50K.
27,Private,HS-grad,Married,<=50K.
58,Govt,9th,Divorced,<=50K.
37,Govt,HS-grad,Divorced,<=50K.
56,Private,7th-8th,Married,<=50K.
36,Private,Some-college,Separated,>50K.
29,Private,HS-grad,Never Married,<=50K.
28,Private,10th,Never Married,<=50K.
61,Self,Doctorate,Married,>50K.
66,Self,9th,Married,>50K.
31,Private,Some-college,Married,>50K.
21,Private,Assoc-acdm,Never Married,<=50K.
67,Self,HS-grad,Married,>50K.
26,Private,HS-grad,Widowed,<=50K.
21,Private,Some-college,Never Married,<=50K.
33,Private,HS-grad,Married,<=50K.
33,Private,HS-grad,Divorced,<=50K.
59,Govt,Bachelors,Married,>50K.
82,Self,7th-8th,Married,<=50K.
34,Govt,Doctorate,Married,>50K.
29,Private,Bachelors,Married,>50K.
19,Private,Some-college,Divorced,<=50K.
57,Self,HS-grad,Married,<=50K.
41,Private,Some-college,Married,>50K.
55,Private,10th,Married,<=50K.
27,Private,Some-college,Never Married,<=50K.
33,Private,HS-grad,Never Married,<=50K.
43,Govt,Some-college,Divorced,>50K.
72,Govt,Some-college,Widowed,<=50K.
68,Self,HS-grad,Married,<=50K.
29,Private,HS-grad,Separated,<=50K.
41,Private,Bachelors,Married,<=50K.
30,Private,HS-grad,Married,<=50K.
31,Private,Bachelors,Divorced,>50K.
54,Private,5th-6th,Married,<=50K.
32,Private,Assoc-acdm,Separated,>50K.
56,Private,HS-grad,Widowed,<=50K.
39,NA,Bachelors,Married,>50K.
41,Govt,Assoc-voc,Married,>50K.
48,Private,HS-grad,Divorced,<=50K.
66,Self,7th-8th,Married,<=50K.
25,Self,Bachelors,Never Married,<=50K.
31,Private,HS-grad,Married,<=50K.
32,Private,Assoc-acdm,Divorced,<=50K.
51,Private,Bachelors,Married,>50K.
42,Private,HS-grad,Never Married,<=50K.
22,NA,Some-college,Never Married,<=50K.
31,Private,Prof-school,Married,>50K.
43,Self,HS-grad,Married,<=50K.
42,Private,Some-college,Never Married,<=50K.
20,Govt,HS-grad,Never Married,<=50K.
40,Private,Bachelors,Married,>50K.
65,Private,HS-grad,Widowed,<=50K.
53,Private,Bachelors,Married,>50K.
56,Private,Some-college,Married,>50K.
51,Govt,Doctorate,Married,>50K.
38,NA,HS-grad,Married,<=50K.
44,Private,Masters,Married,>50K.
49,Self,HS-grad,Married,>50K.
47,Private,HS-grad,Divorced,>50K.
22,Private,Assoc-acdm,Married,<=50K.
53,Private,Some-college,Separated,>50K.
41,Govt,Some-college,Divorced,<=50K.
19,Private,HS-grad,Never Married,<=50K.
27,Govt,Bachelors,Never Married,<=50K.
48,Self,Assoc-voc,Married,>50K.
52,Private,7th-8th,Never Married,<=50K.
61,Govt,Prof-school,Married,>50K.
45,Self,Bachelors,Married,>50K.
29,Private,9th,Married,<=50K.
41,Private,Some-college,Divorced,<=50K.
38,Private,Some-college,Divorced,<=50K.
32,Private,Some-college,Married,>50K.
37,Private,HS-grad,Married,<=50K.
55,Private,10th,Married,<=50K.
62,Govt,HS-grad,Married,<=50K.
48,Private,HS-grad,Married,<=50K.
43,Private,Some-college,Married,>50K.
25,Private,HS-grad,Never Married,<=50K.
47,Private,HS-grad,Separated,<=50K.
49,Self,Bachelors,Married,<=50K.
55,Private,HS-grad,Married,<=50K.
42,Private,HS-grad,Divorced,<=50K.
40,Private,HS-grad,Divorced,<=50K.
34,Private,Assoc-voc,Married,<=50K.
38,Private,HS-grad,Separated,<=50K.
39,Private,HS-grad,Married,>50K.
45,Private,Assoc-acdm,Divorced,<=50K.
43,Private,Assoc-acdm,Never Married,<=50K.
32,Govt,HS-grad,Never Married,<=50K.
18,Private,Some-college,Never Married,<=50K.
27,Private,Masters,Never Married,<=50K.
57,Private,Assoc-acdm,Divorced,<=50K.
38,Private,HS-grad,Married,<=50K.
67,Private,Bachelors,Married,>50K.
26,Private,11th,Separated,<=50K.
21,Private,HS-grad,Never Married,<=50K.
17,Private,10th,Never Married,<=50K.
31,Private,HS-grad,Married,<=50K.
51,Self,Assoc-acdm,Separated,<=50K.
29,Private,Bachelors,Married,>50K.
28,Private,Bachelors,Never Married,>50K.
32,Private,Assoc-acdm,Married,>50K.
31,Govt,Some-college,Married,<=50K.
26,Private,Some-college,Married,>50K.
28,Govt,Bachelors,Divorced,<=50K.
40,Private,Masters,Never Married,<=50K.
51,Private,7th-8th,Never Married,<=50K.
62,Private,Some-college,Married,<=50K.
54,Private,10th,Married,<=50K.
55,Private,HS-grad,Separated,<=50K.
24,Private,HS-grad,Never Married,<=50K.
27,Private,Masters,Never Married,<=50K.
18,Private,HS-grad,Never Married,<=50K.
22,Private,Bachelors,Never Married,>50K.
21,Private,HS-grad,Never Married,<=50K.
44,Self,Some-college,Married,>50K.
50,NA,Masters,Married,>50K.
38,Private,Bachelors,Married,>50K.
39,Private,Bachelors,Married,>50K.
27,Private,HS-grad,Married,<=50K.
35,Private,11th,Divorced,<=50K.
51,Private,Some-college,Married,>50K.
60,Private,Some-college,Married,<=50K.
62,NA,Some-college,Married,>50K.
38,Private,HS-grad,Married,<=50K.
37,Private,Some-college,Separated,<=50K.
43,Private,Some-college,Divorced,<=50K.
49,Govt,Some-college,Divorced,<=50K.
17,Private,10th,Never Married,<=50K.
32,Private,HS-grad,Never Married,<=50K.
23,Private,Bachelors,Never Married,<=50K.
28,Private,Bachelors,Married,>50K.
83,Self,Bachelors,Married,>50K.
25,Private,Bachelors,Never Married,<=50K.
42,Private,Bachelors,Married,<=50K.
46,Govt,11th,Never Married,<=50K.
29,Private,Bachelors,Never Married,<=50K.
44,Private,Masters,Married,>50K.
60,Self,Prof-school,Married,>50K.
30,Govt,Assoc-voc,Divorced,<=50K.
24,Private,Some-college,Never Married,<=50K.
17,Private,10th,Never Married,<=50K.
76,NA,11th,Widowed,<=50K.
31,Private,Assoc-acdm,Never Married,<=50K.
52,Private,Some-college,Married,>50K.
39,Private,Bachelors,Never Married,<=50K.
73,Self,Bachelors,Married,>50K.
38,Private,HS-grad,Never Married,<=50K.
48,Private,HS-grad,Divorced,<=50K.
60,Private,10th,Widowed,<=50K.
26,Private,HS-grad,Never Married,<=50K.
20,Private,HS-grad,Never Married,<=50K.
54,Govt,Doctorate,Never Married,>50K.
50,Govt,HS-grad,Married,<=50K.
20,Private,Some-college,Never Married,<=50K.
23,Private,Some-college,Never Married,<=50K.
35,Private,Assoc-voc,Married,>50K.
43,Private,10th,Never Married,<=50K.
50,Private,HS-grad,Married,<=50K.
58,Private,1st-4th,Separated,<=50K.
55,Govt,Assoc-acdm,Divorced,<=50K.
29,Private,Bachelors,Married,>50K.
47,Private,Some-college,Divorced,<=50K.
39,Private,HS-grad,Married,<=50K.
63,Govt,HS-grad,Married,>50K.
27,Private,HS-grad,Never Married,<=50K.
62,NA,11th,Divorced,<=50K.
38,Private,Some-college,Never Married,<=50K.
25,Private,HS-grad,Never Married,<=50K.
31,Private,HS-grad,Married,<=50K.
40,Govt,Some-college,Never Married,<=50K.
42,Private,Doctorate,Never Married,<=50K.
52,Private,HS-grad,Married,>50K.
46,Private,Bachelors,Married,>50K.
31,Private,Some-college,Separated,<=50K.
33,Private,HS-grad,Divorced,<=50K.
58,Private,HS-grad,Never Married,<=50K.
52,Govt,HS-grad,Divorced,>50K.
25,Self,Bachelors,Never Married,>50K.
54,Private,Bachelors,Married,>50K.
46,Private,Masters,Married,<=50K.
28,Private,HS-grad,Married,<=50K.
24,Self,7th-8th,Married,<=50K.
39,Private,Bachelors,Never Married,<=50K.
60,Govt,Some-college,Married,<=50K.
22,Private,HS-grad,Never Married,<=50K.
27,Private,Bachelors,Never Married,<=50K.
35,Private,Bachelors,Married,>50K.
47,Private,Bachelors,Married,<=50K.
33,Self,Bachelors,Married,>50K.
40,Self,Bachelors,Married,>50K.
38,Private,Bachelors,Married,>50K.
26,Private,Assoc-acdm,Separated,<=50K.
54,Self,Bachelors,Married,>50K.
39,Private,Bachelors,Married,<=50K.
60,Private,7th-8th,Divorced,<=50K.
32,Private,Masters,Never Married,<=50K.
19,Govt,Some-college,Never Married,<=50K.
49,NA,HS-grad,Married,<=50K.
31,Private,11th,Never Married,<=50K.
29,Private,HS-grad,Separated,<=50K.
39,Private,HS-grad,Never Married,<=50K.
42,Private,Masters,Married,>50K.
26,Private,HS-grad,Divorced,<=50K.
27,Private,Assoc-voc,Never Married,<=50K.
52,Private,9th,Widowed,<=50K.
50,Govt,Some-college,Divorced,<=50K.
51,Private,HS-grad,Married,>50K.
51,Govt,HS-grad,Married,>50K.
40,Private,HS-grad,Married,>50K.
61,Private,7th-8th,Widowed,<=50K.
35,Private,HS-grad,Divorced,<=50K.
41,NA,HS-grad,Divorced,<=50K.
31,Private,Masters,Married,>50K.
43,Private,HS-grad,Married,>50K.
20,Private,HS-grad,Never Married,<=50K.
35,Private,Some-college,Separated,<=50K.
30,Private,Some-college,Married,<=50K.
42,Self,Prof-school,Married,>50K.
51,Private,HS-grad,Married,>50K.
39,Self,Masters,Divorced,>50K.
69,Self,9th,Married,<=50K.
63,NA,9th,Married,>50K.
29,Govt,Some-college,Never Married,<=50K.
21,Private,Some-college,Never Married,<=50K.
24,Private,Bachelors,Never Married,<=50K.
55,Private,HS-grad,Married,<=50K.
42,Self,HS-grad,Married,<=50K.
48,Private,11th,Married,<=50K.
31,Private,Bachelors,Never Married,<=50K.
52,Private,Assoc-voc,Married,>50K.
30,Private,Some-college,Never Married,<=50K.
29,Private,HS-grad,Never Married,<=50K.
32,Private,Some-college,Married,<=50K.
47,Private,Some-college,Married,>50K.
56,Private,9th,Married,<=50K.
40,Private,Some-college,Married,<=50K.
20,Private,Some-college,Never Married,<=50K.
36,Private,Some-college,Separated,<=50K.
45,Private,Bachelors,Never Married,<=50K.
38,Private,9th,Married,<=50K.
60,Govt,Prof-school,Married,>50K.
70,Self,Masters,Married,<=50K.
21,Private,Some-college,Never Married,<=50K.
57,Private,HS-grad,Widowed,<=50K.
33,Private,HS-grad,Married,<=50K.
37,Private,HS-grad,Married,<=50K.
50,Self,Prof-school,Married,>50K.
68,Private,Some-college,Married,>50K.
28,Private,11th,Married,<=50K.
32,Private,Some-college,Married,<=50K.
30,Private,Prof-school,Divorced,>50K.
18,Private,11th,Never Married,<=50K.
45,Private,Some-college,Divorced,<=50K.
22,Private,HS-grad,Never Married,<=50K.
38,Private,Bachelors,Never Married,<=50K.
37,Private,Assoc-voc,Divorced,<=50K.
23,Private,Bachelors,Never Married,<=50K.
59,Private,7th-8th,Married,<=50K.
48,Self,Prof-school,Married,>50K.
53,Self,Some-college,Married,>50K.
18,Private,HS-grad,Never Married,<=50K.
30,Private,Bachelors,Never Married,<=50K.
50,Private,Some-college,Married,>50K.
63,NA,11th,Married,<=50K.
38,Self,HS-grad,Married,<=50K.
48,Private,9th,Divorced,<=50K.
60,Private,HS-grad,Married,<=50K.
46,Private,HS-grad,Separated,<=50K.
30,NA,HS-grad,Never Married,<=50K.
39,Private,Bachelors,Married,>50K.
55,Govt,Some-college,Married,>50K.
17,Private,11th,Never Married,<=50K.
46,Private,Bachelors,Married,>50K.
50,Private,HS-grad,Divorced,<=50K.
32,Private,Bachelors,Never Married,<=50K.
18,Private,HS-grad,Never Married,<=50K.
34,Private,HS-grad,Separated,<=50K.
50,Private,Bachelors,Divorced,>50K.
32,Private,11th,Married,<=50K.
23,Govt,Bachelors,Never Married,<=50K.
26,Private,Bachelors,Never Married,<=50K.
46,Private,Assoc-acdm,Divorced,<=50K.
43,Self,Some-college,Married,<=50K.
32,Private,HS-grad,Married,>50K.
37,Govt,Assoc-acdm,Divorced,<=50K.
48,Private,Some-college,Married,>50K.
28,Private,Bachelors,Never Married,<=50K.
43,Private,HS-grad,Married,<=50K.
51,Govt,10th,Widowed,<=50K.
30,Private,HS-grad,Never Married,<=50K.
34,Govt,Masters,Married,>50K.
34,Private,HS-grad,Married,<=50K.
41,Private,Bachelors,Married,>50K.
53,Private,10th,Divorced,<=50K.
42,Private,Preschool,Married,<=50K.
18,Private,HS-grad,Never Married,<=50K.
81,Private,Bachelors,Widowed,>50K.
40,Private,Assoc-voc,Married,<=50K.
26,Private,Bachelors,Never Married,<=50K.
20,Private,Some-college,Never Married,<=50K.
41,Private,HS-grad,Never Married,<=50K.
49,Govt,Masters,Married,>50K.
22,Private,Some-college,Never Married,<=50K.
46,Private,Bachelors,Divorced,>50K.
56,Private,Some-college,Divorced,<=50K.
35,Private,HS-grad,Married,>50K.
34,Private,Bachelors,Separated,<=50K.
29,Govt,Masters,Married,>50K.
28,Private,12th,Married,<=50K.
35,Private,Bachelors,Never Married,<=50K.
29,Private,Some-college,Married,<=50K.
21,Private,Some-college,Never Married,<=50K.
52,Self,Some-college,Married,>50K.
45,Private,HS-grad,Married,<=50K.
43,Private,HS-grad,Married,<=50K.
35,NA,HS-grad,Married,<=50K.
21,NA,Some-college,Never Married,<=50K.
35,Private,10th,Never Married,<=50K.
30,Private,HS-grad,Married,<=50K.
45,Private,HS-grad,Never Married,<=50K.
29,Private,Some-college,Never Married,<=50K.
29,Govt,10th,Never Married,<=50K.
33,Private,Bachelors,Never Married,<=50K.
17,Private,10th,Never Married,<=50K.
52,Private,HS-grad,Divorced,<=50K.
24,Private,Some-college,Separated,<=50K.
32,Govt,HS-grad,Married,>50K.
40,Private,Bachelors,Never Married,<=50K.
32,Private,HS-grad,Separated,<=50K.
33,Private,Bachelors,Never Married,<=50K.
30,Private,7th-8th,Never Married,<=50K.
28,Private,HS-grad,Never Married,<=50K.
62,Unemp,Assoc-acdm,Married,<=50K.
46,Govt,Bachelors,Married,>50K.
32,Private,Assoc-voc,Never Married,<=50K.
26,Private,HS-grad,Married,>50K.
41,Self,Bachelors,Married,>50K.
57,Govt,Some-college,Married,>50K.
52,Private,Some-college,Married,>50K.
35,Self,Bachelors,Married,>50K.
19,Private,HS-grad,Never Married,<=50K.
49,Private,Bachelors,Never Married,>50K.
47,Private,Assoc-voc,Married,>50K.
38,Private,11th,Married,<=50K.
30,Private,HS-grad,Never Married,<=50K.
32,Private,11th,Married,<=50K.
32,Private,HS-grad,Married,>50K.
46,Private,Assoc-voc,Never Married,<=50K.
22,Private,HS-grad,Never Married,<=50K.
47,Govt,Some-college,Married,<=50K.
57,Self,Some-college,Married,>50K.
47,Private,Some-college,Divorced,<=50K.
41,Private,Bachelors,Married,>50K.
36,Govt,HS-grad,Married,<=50K.
32,Private,Bachelors,Married,<=50K.
37,Private,11th,Married,<=50K.
36,Self,HS-grad,Married,<=50K.
64,Private,HS-grad,Married,<=50K.
17,Private,10th,Never Married,<=50K.
23,Private,Some-college,Never Married,<=50K.
40,Private,Some-college,Divorced,<=50K.
42,Govt,Bachelors,Married,>50K.
37,Self,HS-grad,Married,<=50K.
35,Govt,Some-college,Never Married,<=50K.
56,Self,HS-grad,Divorced,<=50K.
52,Private,Bachelors,Married,<=50K.
37,Govt,Bachelors,Married,>50K.
48,Govt,Doctorate,Married,>50K.
24,Private,HS-grad,Divorced,<=50K.
33,Private,Assoc-voc,Married,<=50K.
39,Private,Assoc-voc,Married,<=50K.
34,Private,HS-grad,Divorced,<=50K.
24,NA,Bachelors,Divorced,<=50K.
23,Private,Some-college,Never Married,<=50K.
49,Private,HS-grad,Married,>50K.
18,Private,HS-grad,Never Married,<=50K.
20,Private,12th,Never Married,<=50K.
54,Private,Masters,Married,>50K.
19,Private,Some-college,Never Married,<=50K.
53,Private,HS-grad,Married,>50K.
34,NA,12th,Separated,<=50K.
28,Private,HS-grad,Never Married,<=50K.
35,Private,HS-grad,Married,<=50K.
20,Private,Some-college,Never Married,<=50K.
31,Private,Some-college,Divorced,<=50K.
37,Private,Doctorate,Separated,<=50K.
64,Private,12th,Married,<=50K.
42,Private,Some-college,Married,>50K.
27,Private,Some-college,Divorced,<=50K.
36,Self,Some-college,Never Married,<=50K.
36,Private,Some-college,Married,>50K.
23,Private,HS-grad,Never Married,<=50K.
46,Private,HS-grad,Married,<=50K.
24,Private,11th,Never Married,<=50K.
22,Private,HS-grad,Never Married,<=50K.
62,Private,Bachelors,Married,>50K.
19,Private,HS-grad,Never Married,<=50K.
20,Private,HS-grad,Never Married,<=50K.
47,Private,Masters,Married,>50K.
57,Private,HS-grad,Never Married,<=50K.
19,Private,HS-grad,Never Married,<=50K.
37,Govt,Masters,Married,>50K.
35,Self,HS-grad,Married,>50K.
17,Private,12th,Never Married,<=50K.
36,Govt,Some-college,Divorced,<=50K.
50,Private,Some-college,Married,>50K.
35,Private,HS-grad,Married,<=50K.
27,Govt,Doctorate,Never Married,<=50K.
28,Private,HS-grad,Married,<=50K.
29,Self,Prof-school,Divorced,>50K.
25,Private,HS-grad,Separated,<=50K.
47,Self,Assoc-acdm,Widowed,<=50K.
29,Govt,Masters,Married,>50K.
19,Private,HS-grad,Never Married,<=50K.
49,Private,Some-college,Married,<=50K.
31,Private,Prof-school,Married,>50K.
43,Govt,Assoc-acdm,Married,<=50K.
56,Self,11th,Married,<=50K.
42,Private,HS-grad,Divorced,<=50K.
45,Govt,Some-college,Married,>50K.
40,Private,Bachelors,Widowed,<=50K.
44,Private,Some-college,Divorced,<=50K.
17,NA,10th,Never Married,<=50K.
36,Private,HS-grad,Divorced,<=50K.
19,Private,Some-college,Never Married,<=50K.
53,Govt,HS-grad,Married,>50K.
72,Self,Some-college,Married,<=50K.
46,Private,Assoc-voc,Married,<=50K.
33,Private,Some-college,Separated,<=50K.
22,Private,9th,Never Married,<=50K.
17,NA,11th,Never Married,<=50K.
41,Private,HS-grad,Married,>50K.
46,Private,9th,Married,<=50K.
33,Private,HS-grad,Never Married,<=50K.
32,Private,Preschool,Married,<=50K.
52,Self,HS-grad,Divorced,<=50K.
27,Private,HS-grad,Never Married,<=50K.
48,Govt,HS-grad,Married,>50K.
22,Private,Some-college,Never Married,<=50K.
25,Private,HS-grad,Divorced,<=50K.
60,NA,HS-grad,Married,<=50K.
38,Private,Assoc-voc,Married,<=50K.
37,Private,HS-grad,Married,<=50K.
49,Private,Some-college,Divorced,<=50K.
40,Self,Bachelors,Married,<=50K.
48,Private,HS-grad,Married,>50K.
31,Private,Some-college,Never Married,<=50K.
40,Self,HS-grad,Married,<=50K.
25,Private,HS-grad,Divorced,<=50K.
68,Private,Bachelors,Married,>50K.
18,NA,HS-grad,Never Married,<=50K.
19,Private,12th,Never Married,<=50K.
35,Self,HS-grad,Never Married,<=50K.
28,Private,HS-grad,Divorced,<=50K.
53,Private,HS-grad,Divorced,<=50K.
33,Private,Some-college,Married,<=50K.
20,Private,HS-grad,Never Married,<=50K.
45,Self,Bachelors,Never Married,<=50K.
36,Private,Bachelors,Married,>50K.
34,Private,Some-college,Married,<=50K.
32,Private,Some-college,Never Married,<=50K.
19,Private,Some-college,Never Married,<=50K.
24,Private,HS-grad,Never Married,<=50K.
34,Private,Some-college,Married,>50K.
32,Private,HS-grad,Never Married,<=50K.
37,Private,HS-grad,Married,>50K.
31,Private,Some-college,Separated,<=50K.
21,Private,Some-college,Never Married,<=50K.
47,Private,HS-grad,Married,>50K.
23,Private,Some-college,Married,<=50K.
33,Private,Masters,Married,>50K.
60,NA,Bachelors,Married,<=50K.
17,Private,HS-grad,Never Married,<=50K.
67,Private,HS-grad,Married,<=50K.
57,Private,Masters,Married,>50K.
17,Private,11th,Never Married,<=50K.
53,Private,HS-grad,Married,<=50K.
25,Self,Some-college,Married,>50K.
24,Govt,HS-grad,Married,>50K.
48,Self,Some-college,Married,<=50K.
51,Private,Masters,Married,>50K.
38,Private,HS-grad,Separated,<=50K.
51,Private,HS-grad,Married,>50K.
18,Private,HS-grad,Never Married,<=50K.
23,Private,Some-college,Separated,<=50K.
42,Private,Some-college,Married,>50K.
34,Private,HS-grad,Separated,<=50K.
39,Private,HS-grad,Never Married,<=50K.
20,NA,HS-grad,Never Married,<=50K.
39,Private,Some-college,Never Married,<=50K.
21,Self,Some-college,Never Married,<=50K.
26,Private,7th-8th,Never Married,<=50K.
54,Govt,Some-college,Married,<=50K.
34,Private,Some-college,Divorced,<=50K.
32,Govt,HS-grad,Never Married,<=50K.
59,Self,7th-8th,Married,<=50K.
24,NA,11th,Married,<=50K.
54,Private,Bachelors,Widowed,<=50K.
54,Private,Bachelors,Married,<=50K.
67,Private,HS-grad,Widowed,<=50K.
33,Private,HS-grad,Married,<=50K.
37,Private,HS-grad,Married,<=50K.
47,Private,Bachelors,Divorced,<=50K.
51,Private,HS-grad,Divorced,<=50K.
45,Private,HS-grad,Married,<=50K.
19,Private,HS-grad,Never Married,<=50K.
58,Self,Doctorate,Married,>50K.
27,Private,HS-grad,Never Married,<=50K.
36,Private,Some-college,Never Married,<=50K.
20,NA,Assoc-acdm,Never Married,<=50K.
51,Private,HS-grad,Never Married,<=50K.
45,Self,Masters,Never Married,<=50K.
32,Private,HS-grad,Divorced,<=50K.
59,Private,HS-grad,Divorced,<=50K.
45,Self,Bachelors,Married,>50K.
43,NA,HS-grad,Married,<=50K.
54,Private,10th,Divorced,>50K.
20,NA,Some-college,Never Married,<=50K.
29,Govt,Bachelors,Never Married,<=50K.
28,Private,11th,Never Married,<=50K.
18,Self,11th,Never Married,<=50K.
49,Private,Bachelors,Divorced,<=50K.
46,Private,HS-grad,Divorced,<=50K.
58,NA,HS-grad,Married,<=50K.
56,Private,Bachelors,Never Married,<=50K.
41,Private,Assoc-acdm,Divorced,<=50K.
50,Self,Prof-school,Married,>50K.
74,Self,Some-college,Married,<=50K.
30,Private,HS-grad,Married,<=50K.
62,Private,HS-grad,Widowed,<=50K.
19,Private,HS-grad,Never Married,<=50K.
29,Private,HS-grad,Married,<=50K.
20,NA,Some-college,Never Married,<=50K.
36,Private,7th-8th,Married,<=50K.
36,Private,HS-grad,Never Married,<=50K.
51,Govt,Assoc-acdm,Married,<=50K.
37,Self,Some-college,Married,>50K.
29,Self,HS-grad,Married,<=50K.
17,Private,10th,Never Married,<=50K.
18,Private,HS-grad,Never Married,<=50K.
40,Self,Bachelors,Never Married,<=50K.
26,Self,Bachelors,Never Married,<=50K.
42,Self,Some-college,Married,<=50K.
32,Private,HS-grad,Divorced,<=50K.
33,Private,9th,Married,<=50K.
28,NA,Some-college,Never Married,<=50K.
43,Private,Bachelors,Married,>50K.
47,Private,HS-grad,Married,<=50K.
37,Private,Some-college,Never Married,<=50K.
73,NA,Bachelors,Married,<=50K.
37,Private,HS-grad,Married,<=50K.
50,Private,Some-college,Married,>50K.
19,Private,HS-grad,Never Married,<=50K.
32,Govt,Some-college,Married,<=50K.
44,Govt,Assoc-voc,Divorced,<=50K.
20,Private,Some-college,Never Married,<=50K.
29,Private,Some-college,Never Married,<=50K.
21,NA,Some-college,Never Married,<=50K.
34,Private,Assoc-voc,Never Married,<=50K.
44,Govt,Bachelors,Married,<=50K.
18,Private,11th,Never Married,<=50K.
22,Private,Some-college,Never Married,<=50K.
39,Govt,Doctorate,Divorced,>50K.
26,Govt,Some-college,Never Married,<=50K.
29,NA,Bachelors,Married,<=50K.
21,Private,Some-college,Never Married,<=50K.
49,Govt,Bachelors,Married,<=50K.
24,Private,Assoc-acdm,Never Married,<=50K.
26,Private,Bachelors,Never Married,<=50K.
25,Private,Some-college,Never Married,<=50K.
30,Private,Assoc-acdm,Married,<=50K.
52,Private,Bachelors,Married,>50K.
30,Private,HS-grad,Married,<=50K.
20,Private,HS-grad,Never Married,<=50K.
31,Private,HS-grad,Divorced,<=50K.
44,Private,Bachelors,Married,>50K.
46,Self,Some-college,Married,>50K.
31,Private,HS-grad,Never Married,<=50K.
57,Private,7th-8th,Widowed,<=50K.
58,Private,HS-grad,Married,<=50K.
41,Private,HS-grad,Married,<=50K.
23,Private,HS-grad,Never Married,<=50K.
47,Private,HS-grad,Divorced,<=50K.
72,Self,Prof-school,Married,>50K.
26,Self,Bachelors,Divorced,<=50K.
45,Govt,Some-college,Never Married,<=50K.
48,Private,Prof-school,Married,>50K.
23,Private,Some-college,Never Married,<=50K.
20,Govt,HS-grad,Never Married,<=50K.
18,Private,11th,Never Married,<=50K.
27,Private,Bachelors,Never Married,<=50K.
25,Private,HS-grad,Never Married,<=50K.
45,Private,HS-grad,Never Married,<=50K.
53,Private,Some-college,Never Married,<=50K.
54,Private,Some-college,Married,>50K.
41,Private,HS-grad,Married,>50K.
23,Private,9th,Never Married,<=50K.
17,Private,10th,Never Married,<=50K.
42,Private,HS-grad,Married,<=50K.
61,Private,12th,Married,<=50K.
57,Private,Some-college,Widowed,>50K.
21,Govt,Some-college,Never Married,<=50K.
44,Private,Some-college,Married,>50K.
48,Private,Assoc-acdm,Divorced,<=50K.
46,Private,Prof-school,Divorced,<=50K.
37,Self,HS-grad,Never Married,<=50K.
35,Private,HS-grad,Never Married,<=50K.
27,Govt,Bachelors,Never Married,<=50K.
28,Private,Some-college,Never Married,<=50K.
19,Private,HS-grad,Never Married,<=50K.
63,Self,Bachelors,Married,>50K.
69,NA,HS-grad,Divorced,<=50K.
69,NA,Assoc-acdm,Widowed,<=50K.
36,Govt,Assoc-voc,Married,<=50K.
20,Private,12th,Never Married,<=50K.
28,Govt,Bachelors,Married,<=50K.
58,Private,HS-grad,Married,<=50K.
48,Private,HS-grad,Married,<=50K.
39,Private,Some-college,Divorced,<=50K.
38,Private,HS-grad,Married,<=50K.
50,Govt,Assoc-acdm,Divorced,<=50K.
35,Private,Bachelors,Never Married,<=50K.
45,Self,Bachelors,Divorced,<=50K.
38,Self,Some-college,Married,<=50K.
54,Private,Assoc-acdm,Divorced,>50K.
42,Private,Bachelors,Never Married,<=50K.
32,Private,10th,Separated,<=50K.
55,Govt,Doctorate,Married,>50K.
63,Private,Some-college,Married,<=50K.
21,Private,9th,Never Married,<=50K.
62,NA,Masters,Married,>50K.
46,Govt,Bachelors,Married,>50K.
43,Private,Some-college,Never Married,<=50K.
35,Self,HS-grad,Married,<=50K.
37,Private,9th,Married,<=50K.
51,Private,HS-grad,Never Married,<=50K.
45,Private,Bachelors,Married,>50K.
19,Private,12th,Never Married,<=50K.
61,NA,HS-grad,Married,>50K.
61,Private,9th,Widowed,<=50K.
21,Private,HS-grad,Never Married,<=50K.
45,Private,HS-grad,Married,<=50K.
38,Private,Bachelors,Married,>50K.
28,Private,Bachelors,Married,>50K.
40,Govt,Bachelors,Married,<=50K.
32,Private,HS-grad,Never Married,<=50K.
55,Govt,Some-college,Married,<=50K.
64,Private,HS-grad,Widowed,<=50K.
34,Private,HS-grad,Separated,<=50K.
19,NA,Some-college,Never Married,<=50K.
58,Private,Some-college,Divorced,<=50K.
46,Private,Assoc-acdm,Married,<=50K.
44,Private,Assoc-voc,Married,<=50K.
31,Private,Some-college,Separated,<=50K.
31,Govt,HS-grad,Never Married,<=50K.
39,Private,Some-college,Married,>50K.
19,Private,12th,Never Married,<=50K.
56,Private,HS-grad,Divorced,<=50K.
53,Govt,9th,Married,<=50K.
68,Private,Masters,Married,<=50K.
69,Private,HS-grad,Widowed,<=50K.
62,Private,Some-college,Married,>50K.
62,Govt,HS-grad,Married,<=50K.
39,Private,HS-grad,Divorced,<=50K.
45,Govt,Assoc-acdm,Never Married,<=50K.
29,Private,Some-college,Married,<=50K.
33,Private,Some-college,Married,<=50K.
34,Private,Some-college,Married,>50K.
29,Private,HS-grad,Never Married,<=50K.
65,Self,11th,Married,>50K.
18,Private,Some-college,Never Married,<=50K.
22,Private,HS-grad,Never Married,<=50K.
30,Private,Bachelors,Married,>50K.
44,Private,Bachelors,Married,>50K.
48,Private,Some-college,Divorced,<=50K.
52,Govt,HS-grad,Divorced,<=50K.
53,Self,Bachelors,Married,>50K.
48,Govt,HS-grad,Married,<=50K.
25,Private,Bachelors,Never Married,<=50K.
41,Private,Bachelors,Married,>50K.
37,Private,HS-grad,Never Married,<=50K.
55,Private,10th,Married,<=50K.
67,Private,HS-grad,Never Married,<=50K.
36,Private,Some-college,Divorced,<=50K.
47,Private,HS-grad,Separated,<=50K.
36,NA,HS-grad,Never Married,<=50K.
25,Private,Bachelors,Never Married,<=50K.
19,Private,9th,Never Married,<=50K.
24,Private,7th-8th,Separated,<=50K.
30,Self,Some-college,Never Married,<=50K.
17,Private,11th,Never Married,<=50K.
28,Private,Bachelors,Never Married,<=50K.
34,Private,Assoc-voc,Married,<=50K.
35,Private,Some-college,Married,<=50K.
24,Govt,Some-college,Married,<=50K.
43,Private,HS-grad,Married,>50K.
20,Private,HS-grad,Never Married,<=50K.
55,Private,Masters,Divorced,>50K.
22,Private,Some-college,Never Married,<=50K.
20,Private,Some-college,Never Married,<=50K.
44,Private,HS-grad,Divorced,<=50K.
38,Private,Assoc-acdm,Never Married,<=50K.
53,Private,9th,Widowed,<=50K.
26,Private,Some-college,Separated,<=50K.
58,Private,Some-college,Married,>50K.
23,Private,HS-grad,Never Married,<=50K.
53,Private,1st-4th,Married,<=50K.
35,Private,HS-grad,Divorced,<=50K.
41,Self,HS-grad,Married,<=50K.
31,Private,HS-grad,Married,<=50K.
50,Private,HS-grad,Widowed,<=50K.
57,Private,9th,Married,>50K.
25,Private,11th,Married,<=50K.
23,Private,HS-grad,Married,<=50K.
48,Private,Bachelors,Never Married,<=50K.
34,Private,Some-college,Divorced,<=50K.
37,Private,Some-college,Married,<=50K.
43,Self,Bachelors,Married,<=50K.
20,Private,Some-college,Never Married,<=50K.
40,Govt,Bachelors,Married,>50K.
27,Private,Some-college,Married,<=50K.
35,Private,10th,Married,<=50K.
33,Private,Bachelors,Never Married,<=50K.
57,Govt,Some-college,Divorced,<=50K.
43,Private,Assoc-acdm,Married,<=50K.
40,Private,Assoc-acdm,Married,>50K.
54,Private,Some-college,Divorced,<=50K.
28,Private,Some-college,Divorced,<=50K.
32,Private,HS-grad,Married,<=50K.
49,Private,HS-grad,Married,>50K.
52,Private,HS-grad,Married,<=50K.
41,Private,10th,Married,<=50K.
19,Private,HS-grad,Never Married,<=50K.
33,Private,HS-grad,Divorced,<=50K.
21,NA,Some-college,Never Married,<=50K.
25,Private,Bachelors,Married,<=50K.
